Many modules are hidden in this stack. Use "module --show_hidden spider SOFTWARE" if you are not able to find the required software
Using device: cuda
Loaded BAE.
Using the latest cached version of the dataset since Cashen/optiwing3d_engibench couldn't be found on the Hugging Face Hub (offline mode is enabled).
Found the latest cached dataset configuration 'default' at /cluster/scratch/adelbeke/hf_datasets/Cashen___optiwing3d_engibench/default/0.0.0/898b8cab74f6dff3f3ed60cfe6066e7f15a912fc (last modified on Wed Mar 18 13:25:32 2026).
Loaded Wings3D train split with 1622 items.
Params mean: [6.10526390e-01 5.60245224e+06 7.86789981e-01 8.71319544e-01], std: [1.40246978e-01 2.69124750e+06 1.80454197e-01 7.17903911e-02]
AoA mean: 5.0684, std: 2.5740
Pre-computing BAE latents for 1622 samples...
  Encoding sample 100/1622...
  Encoding sample 200/1622...
  Encoding sample 300/1622...
  Encoding sample 400/1622...
  Encoding sample 500/1622...
  Encoding sample 600/1622...
  Encoding sample 700/1622...
  Encoding sample 800/1622...
  Encoding sample 900/1622...
  Encoding sample 1000/1622...
  Encoding sample 1100/1622...
  Encoding sample 1200/1622...
  Encoding sample 1300/1622...
  Encoding sample 1400/1622...
  Encoding sample 1500/1622...
  Encoding sample 1600/1622...
Pre-computation complete.
latent_channels_full =  latent_channels +  c_dim_latent +  x_dim_add +  alpha_dim
23  =  3 + 16 + 3 + 1
down_channels[0] =  32
Built UNet.
latent_channels_full =  latent_channels +  c_dim_latent +  x_dim_add +  alpha_dim
Built sampler.
Built DDM model.
Starting training for 20000 epochs (checkpoint every 500 epochs)...
Epoch 00001/20000 | Train Loss 2.006347
Epoch 00002/20000 | Train Loss 2.007538
Epoch 00003/20000 | Train Loss 2.057567
Epoch 00004/20000 | Train Loss 2.049848
Epoch 00005/20000 | Train Loss 2.000977
Epoch 00006/20000 | Train Loss 2.017732
Epoch 00007/20000 | Train Loss 1.940517
Epoch 00008/20000 | Train Loss 1.937172
Epoch 00009/20000 | Train Loss 1.833863
Epoch 00010/20000 | Train Loss 1.638451
Epoch 00011/20000 | Train Loss 2.775416
Epoch 00012/20000 | Train Loss 1.534261
Epoch 00013/20000 | Train Loss 1.581896
Epoch 00014/20000 | Train Loss 1.662935
Epoch 00015/20000 | Train Loss 1.596541
Epoch 00016/20000 | Train Loss 1.623519
Epoch 00017/20000 | Train Loss 1.618526
Epoch 00018/20000 | Train Loss 1.538409
Epoch 00019/20000 | Train Loss 1.462905
Epoch 00020/20000 | Train Loss 1.429924
Epoch 00021/20000 | Train Loss 1.427244
Epoch 00022/20000 | Train Loss 1.402581
Epoch 00023/20000 | Train Loss 1.406478
Epoch 00024/20000 | Train Loss 1.348345
Epoch 00025/20000 | Train Loss 1.338082
Epoch 00026/20000 | Train Loss 1.369521
Epoch 00027/20000 | Train Loss 1.344964
Epoch 00028/20000 | Train Loss 1.309407
Epoch 00029/20000 | Train Loss 1.333000
Epoch 00030/20000 | Train Loss 1.306341
Epoch 00031/20000 | Train Loss 1.321494
Epoch 00032/20000 | Train Loss 1.284874
Epoch 00033/20000 | Train Loss 1.329142
Epoch 00034/20000 | Train Loss 1.321193
Epoch 00035/20000 | Train Loss 1.276902
Epoch 00036/20000 | Train Loss 1.277950
Epoch 00037/20000 | Train Loss 1.280884
Epoch 00038/20000 | Train Loss 1.296827
Epoch 00039/20000 | Train Loss 1.336664
Epoch 00040/20000 | Train Loss 1.338872
Epoch 00041/20000 | Train Loss 1.303052
Epoch 00042/20000 | Train Loss 1.250623
Epoch 00043/20000 | Train Loss 1.268817
Epoch 00044/20000 | Train Loss 1.283435
Epoch 00045/20000 | Train Loss 1.245428
Epoch 00046/20000 | Train Loss 1.254743
Epoch 00047/20000 | Train Loss 1.257373
Epoch 00048/20000 | Train Loss 1.235507
Epoch 00049/20000 | Train Loss 1.260926
Epoch 00050/20000 | Train Loss 1.265825
Epoch 00051/20000 | Train Loss 1.264127
Epoch 00052/20000 | Train Loss 1.250315
Epoch 00053/20000 | Train Loss 1.225952
Epoch 00054/20000 | Train Loss 1.256568
Epoch 00055/20000 | Train Loss 1.212603
Epoch 00056/20000 | Train Loss 1.251970
Epoch 00057/20000 | Train Loss 1.266761
Epoch 00058/20000 | Train Loss 1.297101
Epoch 00059/20000 | Train Loss 1.248684
Epoch 00060/20000 | Train Loss 1.222337
Epoch 00061/20000 | Train Loss 1.259191
Epoch 00062/20000 | Train Loss 1.283135
Epoch 00063/20000 | Train Loss 1.280147
Epoch 00064/20000 | Train Loss 1.269174
Epoch 00065/20000 | Train Loss 1.242297
Epoch 00066/20000 | Train Loss 1.241998
Epoch 00067/20000 | Train Loss 1.222461
Epoch 00068/20000 | Train Loss 1.242385
Epoch 00069/20000 | Train Loss 1.253054
Epoch 00070/20000 | Train Loss 1.263683
Epoch 00071/20000 | Train Loss 1.256955
Epoch 00072/20000 | Train Loss 1.249094
Epoch 00073/20000 | Train Loss 1.258304
Epoch 00074/20000 | Train Loss 1.281499
Epoch 00075/20000 | Train Loss 1.219816
Epoch 00076/20000 | Train Loss 1.240399
Epoch 00077/20000 | Train Loss 1.269022
Epoch 00078/20000 | Train Loss 1.231851
Epoch 00079/20000 | Train Loss 1.242983
Epoch 00080/20000 | Train Loss 1.252021
Epoch 00081/20000 | Train Loss 1.256904
Epoch 00082/20000 | Train Loss 1.246771
Epoch 00083/20000 | Train Loss 1.281192
Epoch 00084/20000 | Train Loss 1.263236
Epoch 00085/20000 | Train Loss 1.251622
Epoch 00086/20000 | Train Loss 1.226223
Epoch 00087/20000 | Train Loss 1.233154
Epoch 00088/20000 | Train Loss 1.226332
Epoch 00089/20000 | Train Loss 1.246772
Epoch 00090/20000 | Train Loss 1.254085
Epoch 00091/20000 | Train Loss 1.284750
Epoch 00092/20000 | Train Loss 1.228507
Epoch 00093/20000 | Train Loss 1.268725
Epoch 00094/20000 | Train Loss 1.270345
Epoch 00095/20000 | Train Loss 1.304579
Epoch 00096/20000 | Train Loss 1.308212
Epoch 00097/20000 | Train Loss 1.223071
Epoch 00098/20000 | Train Loss 1.237949
Epoch 00099/20000 | Train Loss 1.252292
Epoch 00100/20000 | Train Loss 1.234549
Epoch 00101/20000 | Train Loss 1.232644
Epoch 00102/20000 | Train Loss 1.252936
Epoch 00103/20000 | Train Loss 1.228858
Epoch 00104/20000 | Train Loss 1.212796
Epoch 00105/20000 | Train Loss 1.216877
Epoch 00106/20000 | Train Loss 1.236664
Epoch 00107/20000 | Train Loss 1.212081
Epoch 00108/20000 | Train Loss 1.210832
Epoch 00109/20000 | Train Loss 1.177989
Epoch 00110/20000 | Train Loss 1.183827
Epoch 00111/20000 | Train Loss 1.146928
Epoch 00112/20000 | Train Loss 1.119594
Epoch 00113/20000 | Train Loss 1.127239
Epoch 00114/20000 | Train Loss 1.109604
Epoch 00115/20000 | Train Loss 1.129187
Epoch 00116/20000 | Train Loss 1.233334
Epoch 00117/20000 | Train Loss 1.185613
Epoch 00118/20000 | Train Loss 1.159905
Epoch 00119/20000 | Train Loss 1.071750
Epoch 00120/20000 | Train Loss 1.121809
Epoch 00121/20000 | Train Loss 1.154419
Epoch 00122/20000 | Train Loss 1.149877
Epoch 00123/20000 | Train Loss 1.081051
Epoch 00124/20000 | Train Loss 1.064160
Epoch 00125/20000 | Train Loss 1.033572
Epoch 00126/20000 | Train Loss 1.026370
Epoch 00127/20000 | Train Loss 1.020779
Epoch 00128/20000 | Train Loss 0.999957
Epoch 00129/20000 | Train Loss 0.998754
Epoch 00130/20000 | Train Loss 0.978907
Epoch 00131/20000 | Train Loss 0.989061
Epoch 00132/20000 | Train Loss 1.012945
Epoch 00133/20000 | Train Loss 0.947937
Epoch 00134/20000 | Train Loss 0.969006
Epoch 00135/20000 | Train Loss 1.018831
Epoch 00136/20000 | Train Loss 0.964238
Epoch 00137/20000 | Train Loss 0.969682
Epoch 00138/20000 | Train Loss 0.956262
Epoch 00139/20000 | Train Loss 0.975042
Epoch 00140/20000 | Train Loss 1.010933
Epoch 00141/20000 | Train Loss 0.961293
Epoch 00142/20000 | Train Loss 0.969888
Epoch 00143/20000 | Train Loss 0.942304
Epoch 00144/20000 | Train Loss 0.938411
Epoch 00145/20000 | Train Loss 0.912440
Epoch 00146/20000 | Train Loss 0.950331
Epoch 00147/20000 | Train Loss 0.934495
Epoch 00148/20000 | Train Loss 0.932169
Epoch 00149/20000 | Train Loss 0.965811
Epoch 00150/20000 | Train Loss 0.972550
Epoch 00151/20000 | Train Loss 0.969359
Epoch 00152/20000 | Train Loss 0.924613
Epoch 00153/20000 | Train Loss 0.947415
Epoch 00154/20000 | Train Loss 0.966958
Epoch 00155/20000 | Train Loss 0.973222
Epoch 00156/20000 | Train Loss 0.975960
Epoch 00157/20000 | Train Loss 0.975960
Epoch 00158/20000 | Train Loss 0.899756
Epoch 00159/20000 | Train Loss 0.970028
Epoch 00160/20000 | Train Loss 0.963270
Epoch 00161/20000 | Train Loss 0.891618
Epoch 00162/20000 | Train Loss 0.897412
Epoch 00163/20000 | Train Loss 0.845822
Epoch 00164/20000 | Train Loss 0.841244
Epoch 00165/20000 | Train Loss 0.825742
Epoch 00166/20000 | Train Loss 0.872524
Epoch 00167/20000 | Train Loss 0.903521
Epoch 00168/20000 | Train Loss 0.810079
Epoch 00169/20000 | Train Loss 0.784243
Epoch 00170/20000 | Train Loss 0.765397
Epoch 00171/20000 | Train Loss 0.764707
Epoch 00172/20000 | Train Loss 0.778836
Epoch 00173/20000 | Train Loss 0.704759
Epoch 00174/20000 | Train Loss 0.773924
Epoch 00175/20000 | Train Loss 0.734812
Epoch 00176/20000 | Train Loss 0.719599
Epoch 00177/20000 | Train Loss 0.690100
Epoch 00178/20000 | Train Loss 0.693794
Epoch 00179/20000 | Train Loss 0.753781
Epoch 00180/20000 | Train Loss 0.893918
Epoch 00181/20000 | Train Loss 0.786898
Epoch 00182/20000 | Train Loss 0.759461
Epoch 00183/20000 | Train Loss 0.759280
Epoch 00184/20000 | Train Loss 0.782272
Epoch 00185/20000 | Train Loss 0.772855
Epoch 00186/20000 | Train Loss 0.643176
Epoch 00187/20000 | Train Loss 0.668302
Epoch 00188/20000 | Train Loss 0.637202
Epoch 00189/20000 | Train Loss 0.645878
Epoch 00190/20000 | Train Loss 0.642423
Epoch 00191/20000 | Train Loss 0.608586
Epoch 00192/20000 | Train Loss 0.627687
Epoch 00193/20000 | Train Loss 0.705239
Epoch 00194/20000 | Train Loss 0.640385
Epoch 00195/20000 | Train Loss 0.568751
Epoch 00196/20000 | Train Loss 0.570339
Epoch 00197/20000 | Train Loss 0.573909
Epoch 00198/20000 | Train Loss 0.548385
Epoch 00199/20000 | Train Loss 0.528484
Epoch 00200/20000 | Train Loss 0.502624
Epoch 00201/20000 | Train Loss 0.503870
Epoch 00202/20000 | Train Loss 0.497232
Epoch 00203/20000 | Train Loss 0.529054
Epoch 00204/20000 | Train Loss 0.631260
Epoch 00205/20000 | Train Loss 0.579286
Epoch 00206/20000 | Train Loss 0.487461
Epoch 00207/20000 | Train Loss 0.466908
Epoch 00208/20000 | Train Loss 0.443269
Epoch 00209/20000 | Train Loss 0.449613
Epoch 00210/20000 | Train Loss 0.441111
Epoch 00211/20000 | Train Loss 0.429159
Epoch 00212/20000 | Train Loss 0.399673
Epoch 00213/20000 | Train Loss 0.395763
Epoch 00214/20000 | Train Loss 0.429481
Epoch 00215/20000 | Train Loss 0.482226
Epoch 00216/20000 | Train Loss 0.547781
Epoch 00217/20000 | Train Loss 0.392690
Epoch 00218/20000 | Train Loss 0.419408
Epoch 00219/20000 | Train Loss 0.380171
Epoch 00220/20000 | Train Loss 0.376466
Epoch 00221/20000 | Train Loss 0.415396
Epoch 00222/20000 | Train Loss 0.367777
Epoch 00223/20000 | Train Loss 0.437526
Epoch 00224/20000 | Train Loss 0.444625
Epoch 00225/20000 | Train Loss 0.407873
Epoch 00226/20000 | Train Loss 0.406566
Epoch 00227/20000 | Train Loss 0.379263
Epoch 00228/20000 | Train Loss 0.365274
Epoch 00229/20000 | Train Loss 0.384420
Epoch 00230/20000 | Train Loss 0.351385
Epoch 00231/20000 | Train Loss 0.338537
Epoch 00232/20000 | Train Loss 0.358662
Epoch 00233/20000 | Train Loss 0.352929
Epoch 00234/20000 | Train Loss 0.341096
Epoch 00235/20000 | Train Loss 0.340113
Epoch 00236/20000 | Train Loss 0.324839
Epoch 00237/20000 | Train Loss 0.383895
Epoch 00238/20000 | Train Loss 0.342899
Epoch 00239/20000 | Train Loss 0.373643
Epoch 00240/20000 | Train Loss 0.371444
Epoch 00241/20000 | Train Loss 0.356673
Epoch 00242/20000 | Train Loss 0.391165
Epoch 00243/20000 | Train Loss 0.394034
Epoch 00244/20000 | Train Loss 0.334627
Epoch 00245/20000 | Train Loss 0.374076
Epoch 00246/20000 | Train Loss 0.341222
Epoch 00247/20000 | Train Loss 0.342611
Epoch 00248/20000 | Train Loss 0.392899
Epoch 00249/20000 | Train Loss 0.380529
Epoch 00250/20000 | Train Loss 0.348679
Epoch 00251/20000 | Train Loss 0.382812
Epoch 00252/20000 | Train Loss 0.328178
Epoch 00253/20000 | Train Loss 0.349169
Epoch 00254/20000 | Train Loss 0.341769
Epoch 00255/20000 | Train Loss 0.366732
Epoch 00256/20000 | Train Loss 0.316618
Epoch 00257/20000 | Train Loss 0.334030
Epoch 00258/20000 | Train Loss 0.340807
Epoch 00259/20000 | Train Loss 0.347982
Epoch 00260/20000 | Train Loss 0.334558
Epoch 00261/20000 | Train Loss 0.354266
Epoch 00262/20000 | Train Loss 0.310188
Epoch 00263/20000 | Train Loss 0.312782
Epoch 00264/20000 | Train Loss 0.338137
Epoch 00265/20000 | Train Loss 0.302102
Epoch 00266/20000 | Train Loss 0.324174
Epoch 00267/20000 | Train Loss 0.313885
Epoch 00268/20000 | Train Loss 0.365375
Epoch 00269/20000 | Train Loss 0.430016
Epoch 00270/20000 | Train Loss 0.411394
Epoch 00271/20000 | Train Loss 0.396274
Epoch 00272/20000 | Train Loss 0.396184
Epoch 00273/20000 | Train Loss 0.332348
Epoch 00274/20000 | Train Loss 0.330699
Epoch 00275/20000 | Train Loss 0.315611
Epoch 00276/20000 | Train Loss 0.336334
Epoch 00277/20000 | Train Loss 0.364624
Epoch 00278/20000 | Train Loss 0.314270
Epoch 00279/20000 | Train Loss 0.350904
Epoch 00280/20000 | Train Loss 0.329853
Epoch 00281/20000 | Train Loss 0.326476
Epoch 00282/20000 | Train Loss 0.359096
Epoch 00283/20000 | Train Loss 0.306424
Epoch 00284/20000 | Train Loss 0.313648
Epoch 00285/20000 | Train Loss 0.361232
Epoch 00286/20000 | Train Loss 0.331889
Epoch 00287/20000 | Train Loss 0.342644
Epoch 00288/20000 | Train Loss 0.343531
Epoch 00289/20000 | Train Loss 0.366231
Epoch 00290/20000 | Train Loss 0.334177
Epoch 00291/20000 | Train Loss 0.315184
Epoch 00292/20000 | Train Loss 0.301795
Epoch 00293/20000 | Train Loss 0.322097
Epoch 00294/20000 | Train Loss 0.342309
Epoch 00295/20000 | Train Loss 0.345142
Epoch 00296/20000 | Train Loss 0.299568
Epoch 00297/20000 | Train Loss 0.301708
Epoch 00298/20000 | Train Loss 0.313861
Epoch 00299/20000 | Train Loss 0.342429
Epoch 00300/20000 | Train Loss 0.330255
Epoch 00301/20000 | Train Loss 0.312969
Epoch 00302/20000 | Train Loss 0.315017
Epoch 00303/20000 | Train Loss 0.313864
Epoch 00304/20000 | Train Loss 0.325274
Epoch 00305/20000 | Train Loss 0.353957
Epoch 00306/20000 | Train Loss 0.345647
Epoch 00307/20000 | Train Loss 0.330430
Epoch 00308/20000 | Train Loss 0.358895
Epoch 00309/20000 | Train Loss 0.387438
Epoch 00310/20000 | Train Loss 0.329794
Epoch 00311/20000 | Train Loss 0.319569
Epoch 00312/20000 | Train Loss 0.287441
Epoch 00313/20000 | Train Loss 0.312976
Epoch 00314/20000 | Train Loss 0.319685
Epoch 00315/20000 | Train Loss 0.304181
Epoch 00316/20000 | Train Loss 0.301972
Epoch 00317/20000 | Train Loss 0.291324
Epoch 00318/20000 | Train Loss 0.323105
Epoch 00319/20000 | Train Loss 0.354448
Epoch 00320/20000 | Train Loss 0.406742
Epoch 00321/20000 | Train Loss 0.365761
Epoch 00322/20000 | Train Loss 0.314061
Epoch 00323/20000 | Train Loss 0.340201
Epoch 00324/20000 | Train Loss 0.304770
Epoch 00325/20000 | Train Loss 0.341496
Epoch 00326/20000 | Train Loss 0.301605
Epoch 00327/20000 | Train Loss 0.315420
Epoch 00328/20000 | Train Loss 0.316735
Epoch 00329/20000 | Train Loss 0.310593
Epoch 00330/20000 | Train Loss 0.331050
Epoch 00331/20000 | Train Loss 0.301354
Epoch 00332/20000 | Train Loss 0.323755
Epoch 00333/20000 | Train Loss 0.385587
Epoch 00334/20000 | Train Loss 0.354881
Epoch 00335/20000 | Train Loss 0.288135
Epoch 00336/20000 | Train Loss 0.313690
Epoch 00337/20000 | Train Loss 0.309111
Epoch 00338/20000 | Train Loss 0.321459
Epoch 00339/20000 | Train Loss 0.295948
Epoch 00340/20000 | Train Loss 0.313048
Epoch 00341/20000 | Train Loss 0.302368
Epoch 00342/20000 | Train Loss 0.293803
Epoch 00343/20000 | Train Loss 0.309200
Epoch 00344/20000 | Train Loss 0.286228
Epoch 00345/20000 | Train Loss 0.313178
Epoch 00346/20000 | Train Loss 0.338869
Epoch 00347/20000 | Train Loss 0.335675
Epoch 00348/20000 | Train Loss 0.326652
Epoch 00349/20000 | Train Loss 0.295283
Epoch 00350/20000 | Train Loss 0.339098
Epoch 00351/20000 | Train Loss 0.298845
Epoch 00352/20000 | Train Loss 0.309020
Epoch 00353/20000 | Train Loss 0.303347
Epoch 00354/20000 | Train Loss 0.308781
Epoch 00355/20000 | Train Loss 0.273049
Epoch 00356/20000 | Train Loss 0.299686
Epoch 00357/20000 | Train Loss 0.283506
Epoch 00358/20000 | Train Loss 0.272783
Epoch 00359/20000 | Train Loss 0.308025
Epoch 00360/20000 | Train Loss 0.333918
Epoch 00361/20000 | Train Loss 0.300832
Epoch 00362/20000 | Train Loss 0.284036
Epoch 00363/20000 | Train Loss 0.302417
Epoch 00364/20000 | Train Loss 0.295354
Epoch 00365/20000 | Train Loss 0.314445
Epoch 00366/20000 | Train Loss 0.300509
Epoch 00367/20000 | Train Loss 0.359966
Epoch 00368/20000 | Train Loss 0.314591
Epoch 00369/20000 | Train Loss 0.302629
Epoch 00370/20000 | Train Loss 0.285407
Epoch 00371/20000 | Train Loss 0.263749
Epoch 00372/20000 | Train Loss 0.321771
Epoch 00373/20000 | Train Loss 0.316519
Epoch 00374/20000 | Train Loss 0.318481
Epoch 00375/20000 | Train Loss 0.309937
Epoch 00376/20000 | Train Loss 0.293308
Epoch 00377/20000 | Train Loss 0.321583
Epoch 00378/20000 | Train Loss 0.302538
Epoch 00379/20000 | Train Loss 0.297133
Epoch 00380/20000 | Train Loss 0.313770
Epoch 00381/20000 | Train Loss 0.281696
Epoch 00382/20000 | Train Loss 0.260567
Epoch 00383/20000 | Train Loss 0.285270
Epoch 00384/20000 | Train Loss 0.274633
Epoch 00385/20000 | Train Loss 0.293717
Epoch 00386/20000 | Train Loss 0.318119
Epoch 00387/20000 | Train Loss 0.303711
Epoch 00388/20000 | Train Loss 0.285856
Epoch 00389/20000 | Train Loss 0.302361
Epoch 00390/20000 | Train Loss 0.258263
Epoch 00391/20000 | Train Loss 0.255534
Epoch 00392/20000 | Train Loss 0.264317
Epoch 00393/20000 | Train Loss 0.281657
Epoch 00394/20000 | Train Loss 0.337725
Epoch 00395/20000 | Train Loss 0.351159
Epoch 00396/20000 | Train Loss 0.395170
Epoch 00397/20000 | Train Loss 0.374001
Epoch 00398/20000 | Train Loss 0.338087
Epoch 00399/20000 | Train Loss 0.312878
Epoch 00400/20000 | Train Loss 0.315111
Epoch 00401/20000 | Train Loss 0.254949
Epoch 00402/20000 | Train Loss 0.290799
Epoch 00403/20000 | Train Loss 0.271486
Epoch 00404/20000 | Train Loss 0.242366
Epoch 00405/20000 | Train Loss 0.283534
Epoch 00406/20000 | Train Loss 0.298167
Epoch 00407/20000 | Train Loss 0.286986
Epoch 00408/20000 | Train Loss 0.253203
Epoch 00409/20000 | Train Loss 0.301031
Epoch 00410/20000 | Train Loss 0.290123
Epoch 00411/20000 | Train Loss 0.287469
Epoch 00412/20000 | Train Loss 0.292920
Epoch 00413/20000 | Train Loss 0.279485
Epoch 00414/20000 | Train Loss 0.270037
Epoch 00415/20000 | Train Loss 0.296235
Epoch 00416/20000 | Train Loss 0.282035
Epoch 00417/20000 | Train Loss 0.284294
Epoch 00418/20000 | Train Loss 0.296425
Epoch 00419/20000 | Train Loss 0.268432
Epoch 00420/20000 | Train Loss 0.277025
Epoch 00421/20000 | Train Loss 0.285801
Epoch 00422/20000 | Train Loss 0.286393
Epoch 00423/20000 | Train Loss 0.307136
Epoch 00424/20000 | Train Loss 0.276181
Epoch 00425/20000 | Train Loss 0.311346
Epoch 00426/20000 | Train Loss 0.310772
Epoch 00427/20000 | Train Loss 0.249678
Epoch 00428/20000 | Train Loss 0.279692
Epoch 00429/20000 | Train Loss 0.267616
Epoch 00430/20000 | Train Loss 0.294221
Epoch 00431/20000 | Train Loss 0.316040
Epoch 00432/20000 | Train Loss 0.312676
Epoch 00433/20000 | Train Loss 0.277852
Epoch 00434/20000 | Train Loss 0.302652
Epoch 00435/20000 | Train Loss 0.314182
Epoch 00436/20000 | Train Loss 0.327633
Epoch 00437/20000 | Train Loss 0.290849
Epoch 00438/20000 | Train Loss 0.298383
Epoch 00439/20000 | Train Loss 0.294791
Epoch 00440/20000 | Train Loss 0.310009
Epoch 00441/20000 | Train Loss 0.288774
Epoch 00442/20000 | Train Loss 0.248416
Epoch 00443/20000 | Train Loss 0.264293
Epoch 00444/20000 | Train Loss 0.306929
Epoch 00445/20000 | Train Loss 0.264472
Epoch 00446/20000 | Train Loss 0.256623
Epoch 00447/20000 | Train Loss 0.283444
Epoch 00448/20000 | Train Loss 0.279774
Epoch 00449/20000 | Train Loss 0.261794
Epoch 00450/20000 | Train Loss 0.269440
Epoch 00451/20000 | Train Loss 0.281678
Epoch 00452/20000 | Train Loss 0.288085
Epoch 00453/20000 | Train Loss 0.302428
Epoch 00454/20000 | Train Loss 0.305847
Epoch 00455/20000 | Train Loss 0.297670
Epoch 00456/20000 | Train Loss 0.305446
Epoch 00457/20000 | Train Loss 0.287444
Epoch 00458/20000 | Train Loss 0.278008
Epoch 00459/20000 | Train Loss 0.240861
Epoch 00460/20000 | Train Loss 0.263537
Epoch 00461/20000 | Train Loss 0.270031
Epoch 00462/20000 | Train Loss 0.269918
Epoch 00463/20000 | Train Loss 0.313884
Epoch 00464/20000 | Train Loss 0.264376
Epoch 00465/20000 | Train Loss 0.265207
Epoch 00466/20000 | Train Loss 0.261427
Epoch 00467/20000 | Train Loss 0.291387
Epoch 00468/20000 | Train Loss 0.264747
Epoch 00469/20000 | Train Loss 0.228072
Epoch 00470/20000 | Train Loss 0.242402
Epoch 00471/20000 | Train Loss 0.318616
Epoch 00472/20000 | Train Loss 0.288074
Epoch 00473/20000 | Train Loss 0.284457
Epoch 00474/20000 | Train Loss 0.299949
Epoch 00475/20000 | Train Loss 0.274905
Epoch 00476/20000 | Train Loss 0.280478
Epoch 00477/20000 | Train Loss 0.271195
Epoch 00478/20000 | Train Loss 0.282473
Epoch 00479/20000 | Train Loss 0.233688
Epoch 00480/20000 | Train Loss 0.295707
Epoch 00481/20000 | Train Loss 0.262771
Epoch 00482/20000 | Train Loss 0.329926
Epoch 00483/20000 | Train Loss 0.290186
Epoch 00484/20000 | Train Loss 0.255706
Epoch 00485/20000 | Train Loss 0.242454
Epoch 00486/20000 | Train Loss 0.261788
Epoch 00487/20000 | Train Loss 0.267201
Epoch 00488/20000 | Train Loss 0.278741
Epoch 00489/20000 | Train Loss 0.262959
Epoch 00490/20000 | Train Loss 0.228138
Epoch 00491/20000 | Train Loss 0.270166
Epoch 00492/20000 | Train Loss 0.244684
Epoch 00493/20000 | Train Loss 0.296892
Epoch 00494/20000 | Train Loss 0.259189
Epoch 00495/20000 | Train Loss 0.289315
Epoch 00496/20000 | Train Loss 0.287179
Epoch 00497/20000 | Train Loss 0.292375
Epoch 00498/20000 | Train Loss 0.272840
Epoch 00499/20000 | Train Loss 0.288451
Epoch 00500/20000 | Train Loss 0.275496
  --> Checkpoint saved at epoch 500.
Epoch 00501/20000 | Train Loss 0.271161
Epoch 00502/20000 | Train Loss 0.271903
Epoch 00503/20000 | Train Loss 0.273542
Epoch 00504/20000 | Train Loss 0.258644
Epoch 00505/20000 | Train Loss 0.287870
Epoch 00506/20000 | Train Loss 0.282550
Epoch 00507/20000 | Train Loss 0.260943
Epoch 00508/20000 | Train Loss 0.246880
Epoch 00509/20000 | Train Loss 0.283099
Epoch 00510/20000 | Train Loss 0.302228
Epoch 00511/20000 | Train Loss 0.273754
Epoch 00512/20000 | Train Loss 0.263761
Epoch 00513/20000 | Train Loss 0.254353
Epoch 00514/20000 | Train Loss 0.310437
Epoch 00515/20000 | Train Loss 0.289435
Epoch 00516/20000 | Train Loss 0.301621
Epoch 00517/20000 | Train Loss 0.259589
Epoch 00518/20000 | Train Loss 0.308411
Epoch 00519/20000 | Train Loss 0.239826
Epoch 00520/20000 | Train Loss 0.298831
Epoch 00521/20000 | Train Loss 0.247943
Epoch 00522/20000 | Train Loss 0.292837
Epoch 00523/20000 | Train Loss 0.268742
Epoch 00524/20000 | Train Loss 0.330458
Epoch 00525/20000 | Train Loss 0.300848
Epoch 00526/20000 | Train Loss 0.272099
Epoch 00527/20000 | Train Loss 0.249395
Epoch 00528/20000 | Train Loss 0.233484
Epoch 00529/20000 | Train Loss 0.270030
Epoch 00530/20000 | Train Loss 0.259032
Epoch 00531/20000 | Train Loss 0.257992
Epoch 00532/20000 | Train Loss 0.274368
Epoch 00533/20000 | Train Loss 0.256148
Epoch 00534/20000 | Train Loss 0.292497
Epoch 00535/20000 | Train Loss 0.334868
Epoch 00536/20000 | Train Loss 0.349192
Epoch 00537/20000 | Train Loss 0.301496
Epoch 00538/20000 | Train Loss 0.248810
Epoch 00539/20000 | Train Loss 0.261143
Epoch 00540/20000 | Train Loss 0.254794
Epoch 00541/20000 | Train Loss 0.269535
Epoch 00542/20000 | Train Loss 0.255803
Epoch 00543/20000 | Train Loss 0.261863
Epoch 00544/20000 | Train Loss 0.274458
Epoch 00545/20000 | Train Loss 0.274043
Epoch 00546/20000 | Train Loss 0.272210
Epoch 00547/20000 | Train Loss 0.288751
Epoch 00548/20000 | Train Loss 0.277469
Epoch 00549/20000 | Train Loss 0.259956
Epoch 00550/20000 | Train Loss 0.290689
Epoch 00551/20000 | Train Loss 0.243339
Epoch 00552/20000 | Train Loss 0.243981
Epoch 00553/20000 | Train Loss 0.228656
Epoch 00554/20000 | Train Loss 0.237664
Epoch 00555/20000 | Train Loss 0.286693
Epoch 00556/20000 | Train Loss 0.259455
Epoch 00557/20000 | Train Loss 0.295605
Epoch 00558/20000 | Train Loss 0.293179
Epoch 00559/20000 | Train Loss 0.270958
Epoch 00560/20000 | Train Loss 0.275207
Epoch 00561/20000 | Train Loss 0.256644
Epoch 00562/20000 | Train Loss 0.276780
Epoch 00563/20000 | Train Loss 0.272084
Epoch 00564/20000 | Train Loss 0.253416
Epoch 00565/20000 | Train Loss 0.307270
Epoch 00566/20000 | Train Loss 0.241575
Epoch 00567/20000 | Train Loss 0.260528
Epoch 00568/20000 | Train Loss 0.278129
Epoch 00569/20000 | Train Loss 0.270751
Epoch 00570/20000 | Train Loss 0.247266
Epoch 00571/20000 | Train Loss 0.249735
Epoch 00572/20000 | Train Loss 0.278770
Epoch 00573/20000 | Train Loss 0.264767
Epoch 00574/20000 | Train Loss 0.244168
Epoch 00575/20000 | Train Loss 0.285102
Epoch 00576/20000 | Train Loss 0.254065
Epoch 00577/20000 | Train Loss 0.249424
Epoch 00578/20000 | Train Loss 0.235219
Epoch 00579/20000 | Train Loss 0.231758
Epoch 00580/20000 | Train Loss 0.266532
Epoch 00581/20000 | Train Loss 0.282647
Epoch 00582/20000 | Train Loss 0.244580
Epoch 00583/20000 | Train Loss 0.257125
Epoch 00584/20000 | Train Loss 0.257025
Epoch 00585/20000 | Train Loss 0.241023
Epoch 00586/20000 | Train Loss 0.251283
Epoch 00587/20000 | Train Loss 0.256795
Epoch 00588/20000 | Train Loss 0.281359
Epoch 00589/20000 | Train Loss 0.287163
Epoch 00590/20000 | Train Loss 0.255818
Epoch 00591/20000 | Train Loss 0.249199
Epoch 00592/20000 | Train Loss 0.243759
Epoch 00593/20000 | Train Loss 0.246397
Epoch 00594/20000 | Train Loss 0.246358
Epoch 00595/20000 | Train Loss 0.271519
Epoch 00596/20000 | Train Loss 0.310774
Epoch 00597/20000 | Train Loss 0.231462
Epoch 00598/20000 | Train Loss 0.241560
Epoch 00599/20000 | Train Loss 0.267862
Epoch 00600/20000 | Train Loss 0.215535
Epoch 00601/20000 | Train Loss 0.246930
Epoch 00602/20000 | Train Loss 0.256434
Epoch 00603/20000 | Train Loss 0.291018
Epoch 00604/20000 | Train Loss 0.255554
Epoch 00605/20000 | Train Loss 0.256763
Epoch 00606/20000 | Train Loss 0.261462
Epoch 00607/20000 | Train Loss 0.241233
Epoch 00608/20000 | Train Loss 0.221753
Epoch 00609/20000 | Train Loss 0.257636
Epoch 00610/20000 | Train Loss 0.247772
Epoch 00611/20000 | Train Loss 0.218793
Epoch 00612/20000 | Train Loss 0.238928
Epoch 00613/20000 | Train Loss 0.247799
Epoch 00614/20000 | Train Loss 0.240994
Epoch 00615/20000 | Train Loss 0.287048
Epoch 00616/20000 | Train Loss 0.258565
Epoch 00617/20000 | Train Loss 0.246906
Epoch 00618/20000 | Train Loss 0.255286
Epoch 00619/20000 | Train Loss 0.242281
Epoch 00620/20000 | Train Loss 0.265907
Epoch 00621/20000 | Train Loss 0.282768
Epoch 00622/20000 | Train Loss 0.253080
Epoch 00623/20000 | Train Loss 0.264604
Epoch 00624/20000 | Train Loss 0.234273
Epoch 00625/20000 | Train Loss 0.239715
Epoch 00626/20000 | Train Loss 0.226485
Epoch 00627/20000 | Train Loss 0.224801
Epoch 00628/20000 | Train Loss 0.250577
Epoch 00629/20000 | Train Loss 0.235989
Epoch 00630/20000 | Train Loss 0.274276
Epoch 00631/20000 | Train Loss 0.219036
Epoch 00632/20000 | Train Loss 0.258272
Epoch 00633/20000 | Train Loss 0.235754
Epoch 00634/20000 | Train Loss 0.284662
Epoch 00635/20000 | Train Loss 0.271436
Epoch 00636/20000 | Train Loss 0.238886
Epoch 00637/20000 | Train Loss 0.250478
Epoch 00638/20000 | Train Loss 0.224167
Epoch 00639/20000 | Train Loss 0.228245
Epoch 00640/20000 | Train Loss 0.248393
Epoch 00641/20000 | Train Loss 0.271314
Epoch 00642/20000 | Train Loss 0.238075
Epoch 00643/20000 | Train Loss 0.241178
Epoch 00644/20000 | Train Loss 0.278109
Epoch 00645/20000 | Train Loss 0.246750
Epoch 00646/20000 | Train Loss 0.260802
Epoch 00647/20000 | Train Loss 0.260222
Epoch 00648/20000 | Train Loss 0.274148
Epoch 00649/20000 | Train Loss 0.245259
Epoch 00650/20000 | Train Loss 0.247784
Epoch 00651/20000 | Train Loss 0.245259
Epoch 00652/20000 | Train Loss 0.267767
Epoch 00653/20000 | Train Loss 0.273763
Epoch 00654/20000 | Train Loss 0.250838
Epoch 00655/20000 | Train Loss 0.274254
Epoch 00656/20000 | Train Loss 0.238984
Epoch 00657/20000 | Train Loss 0.247274
Epoch 00658/20000 | Train Loss 0.242764
Epoch 00659/20000 | Train Loss 0.261382
Epoch 00660/20000 | Train Loss 0.227014
Epoch 00661/20000 | Train Loss 0.244988
Epoch 00662/20000 | Train Loss 0.265528
Epoch 00663/20000 | Train Loss 0.257204
Epoch 00664/20000 | Train Loss 0.250953
Epoch 00665/20000 | Train Loss 0.270215
Epoch 00666/20000 | Train Loss 0.300113
Epoch 00667/20000 | Train Loss 0.287802
Epoch 00668/20000 | Train Loss 0.246957
Epoch 00669/20000 | Train Loss 0.240242
Epoch 00670/20000 | Train Loss 0.229548
Epoch 00671/20000 | Train Loss 0.242291
Epoch 00672/20000 | Train Loss 0.234490
Epoch 00673/20000 | Train Loss 0.241735
Epoch 00674/20000 | Train Loss 0.276868
Epoch 00675/20000 | Train Loss 0.223399
Epoch 00676/20000 | Train Loss 0.222841
Epoch 00677/20000 | Train Loss 0.252454
Epoch 00678/20000 | Train Loss 0.280504
Epoch 00679/20000 | Train Loss 0.269151
Epoch 00680/20000 | Train Loss 0.247025
Epoch 00681/20000 | Train Loss 0.236182
Epoch 00682/20000 | Train Loss 0.267522
Epoch 00683/20000 | Train Loss 0.300829
Epoch 00684/20000 | Train Loss 0.272209
Epoch 00685/20000 | Train Loss 0.281297
Epoch 00686/20000 | Train Loss 0.265856
Epoch 00687/20000 | Train Loss 0.251632
Epoch 00688/20000 | Train Loss 0.251433
Epoch 00689/20000 | Train Loss 0.249641
Epoch 00690/20000 | Train Loss 0.256705
Epoch 00691/20000 | Train Loss 0.255041
Epoch 00692/20000 | Train Loss 0.235585
Epoch 00693/20000 | Train Loss 0.235786
Epoch 00694/20000 | Train Loss 0.246131
Epoch 00695/20000 | Train Loss 0.234840
Epoch 00696/20000 | Train Loss 0.211925
Epoch 00697/20000 | Train Loss 0.262882
Epoch 00698/20000 | Train Loss 0.264799
Epoch 00699/20000 | Train Loss 0.208581
Epoch 00700/20000 | Train Loss 0.249671
Epoch 00701/20000 | Train Loss 0.228043
Epoch 00702/20000 | Train Loss 0.249354
Epoch 00703/20000 | Train Loss 0.256680
Epoch 00704/20000 | Train Loss 0.251940
Epoch 00705/20000 | Train Loss 0.229687
Epoch 00706/20000 | Train Loss 0.258457
Epoch 00707/20000 | Train Loss 0.249332
Epoch 00708/20000 | Train Loss 0.234143
Epoch 00709/20000 | Train Loss 0.248942
Epoch 00710/20000 | Train Loss 0.230571
Epoch 00711/20000 | Train Loss 0.257404
Epoch 00712/20000 | Train Loss 0.293706
Epoch 00713/20000 | Train Loss 0.305230
Epoch 00714/20000 | Train Loss 0.251079
Epoch 00715/20000 | Train Loss 0.251641
Epoch 00716/20000 | Train Loss 0.226817
Epoch 00717/20000 | Train Loss 0.220608
Epoch 00718/20000 | Train Loss 0.263978
Epoch 00719/20000 | Train Loss 0.247313
Epoch 00720/20000 | Train Loss 0.223191
Epoch 00721/20000 | Train Loss 0.256451
Epoch 00722/20000 | Train Loss 0.286871
Epoch 00723/20000 | Train Loss 0.297178
Epoch 00724/20000 | Train Loss 0.270086
Epoch 00725/20000 | Train Loss 0.232452
Epoch 00726/20000 | Train Loss 0.234664
Epoch 00727/20000 | Train Loss 0.221519
Epoch 00728/20000 | Train Loss 0.238173
Epoch 00729/20000 | Train Loss 0.234049
Epoch 00730/20000 | Train Loss 0.240909
Epoch 00731/20000 | Train Loss 0.245437
Epoch 00732/20000 | Train Loss 0.284608
Epoch 00733/20000 | Train Loss 0.252965
Epoch 00734/20000 | Train Loss 0.265968
Epoch 00735/20000 | Train Loss 0.285238
Epoch 00736/20000 | Train Loss 0.257455
Epoch 00737/20000 | Train Loss 0.240114
Epoch 00738/20000 | Train Loss 0.282257
Epoch 00739/20000 | Train Loss 0.249476
Epoch 00740/20000 | Train Loss 0.247178
Epoch 00741/20000 | Train Loss 0.237891
Epoch 00742/20000 | Train Loss 0.238589
Epoch 00743/20000 | Train Loss 0.233045
Epoch 00744/20000 | Train Loss 0.261719
Epoch 00745/20000 | Train Loss 0.220148
Epoch 00746/20000 | Train Loss 0.284545
Epoch 00747/20000 | Train Loss 0.302400
Epoch 00748/20000 | Train Loss 0.276318
Epoch 00749/20000 | Train Loss 0.233959
Epoch 00750/20000 | Train Loss 0.242133
Epoch 00751/20000 | Train Loss 0.255070
Epoch 00752/20000 | Train Loss 0.211857
Epoch 00753/20000 | Train Loss 0.239045
Epoch 00754/20000 | Train Loss 0.223631
Epoch 00755/20000 | Train Loss 0.229901
Epoch 00756/20000 | Train Loss 0.269865
Epoch 00757/20000 | Train Loss 0.248945
Epoch 00758/20000 | Train Loss 0.285703
Epoch 00759/20000 | Train Loss 0.281939
Epoch 00760/20000 | Train Loss 0.257198
Epoch 00761/20000 | Train Loss 0.226221
Epoch 00762/20000 | Train Loss 0.243931
Epoch 00763/20000 | Train Loss 0.291302
Epoch 00764/20000 | Train Loss 0.274303
Epoch 00765/20000 | Train Loss 0.257795
Epoch 00766/20000 | Train Loss 0.225916
Epoch 00767/20000 | Train Loss 0.235842
Epoch 00768/20000 | Train Loss 0.231321
Epoch 00769/20000 | Train Loss 0.245754
Epoch 00770/20000 | Train Loss 0.224808
Epoch 00771/20000 | Train Loss 0.241399
Epoch 00772/20000 | Train Loss 0.276699
Epoch 00773/20000 | Train Loss 0.288650
Epoch 00774/20000 | Train Loss 0.277564
Epoch 00775/20000 | Train Loss 0.254800
Epoch 00776/20000 | Train Loss 0.258963
Epoch 00777/20000 | Train Loss 0.243094
Epoch 00778/20000 | Train Loss 0.232644
Epoch 00779/20000 | Train Loss 0.210931
Epoch 00780/20000 | Train Loss 0.240599
Epoch 00781/20000 | Train Loss 0.244892
Epoch 00782/20000 | Train Loss 0.228865
Epoch 00783/20000 | Train Loss 0.248426
Epoch 00784/20000 | Train Loss 0.249413
Epoch 00785/20000 | Train Loss 0.233095
Epoch 00786/20000 | Train Loss 0.229371
Epoch 00787/20000 | Train Loss 0.230892
Epoch 00788/20000 | Train Loss 0.232506
Epoch 00789/20000 | Train Loss 0.213790
Epoch 00790/20000 | Train Loss 0.233834
Epoch 00791/20000 | Train Loss 0.215269
Epoch 00792/20000 | Train Loss 0.266352
Epoch 00793/20000 | Train Loss 0.232257
Epoch 00794/20000 | Train Loss 0.251699
Epoch 00795/20000 | Train Loss 0.254296
Epoch 00796/20000 | Train Loss 0.208675
Epoch 00797/20000 | Train Loss 0.222745
Epoch 00798/20000 | Train Loss 0.259263
Epoch 00799/20000 | Train Loss 0.222431
Epoch 00800/20000 | Train Loss 0.233707
Epoch 00801/20000 | Train Loss 0.258864
Epoch 00802/20000 | Train Loss 0.257458
Epoch 00803/20000 | Train Loss 0.261395
Epoch 00804/20000 | Train Loss 0.231990
Epoch 00805/20000 | Train Loss 0.226545
Epoch 00806/20000 | Train Loss 0.262100
Epoch 00807/20000 | Train Loss 0.245278
Epoch 00808/20000 | Train Loss 0.247122
Epoch 00809/20000 | Train Loss 0.256988
Epoch 00810/20000 | Train Loss 0.264467
Epoch 00811/20000 | Train Loss 0.219223
Epoch 00812/20000 | Train Loss 0.233457
Epoch 00813/20000 | Train Loss 0.239935
Epoch 00814/20000 | Train Loss 0.289275
Epoch 00815/20000 | Train Loss 0.236785
Epoch 00816/20000 | Train Loss 0.246219
Epoch 00817/20000 | Train Loss 0.192879
Epoch 00818/20000 | Train Loss 0.220590
Epoch 00819/20000 | Train Loss 0.243277
Epoch 00820/20000 | Train Loss 0.242081
Epoch 00821/20000 | Train Loss 0.264939
Epoch 00822/20000 | Train Loss 0.231643
Epoch 00823/20000 | Train Loss 0.252904
Epoch 00824/20000 | Train Loss 0.253560
Epoch 00825/20000 | Train Loss 0.234203
Epoch 00826/20000 | Train Loss 0.261598
Epoch 00827/20000 | Train Loss 0.235436
Epoch 00828/20000 | Train Loss 0.239999
Epoch 00829/20000 | Train Loss 0.230278
Epoch 00830/20000 | Train Loss 0.256523
Epoch 00831/20000 | Train Loss 0.232383
Epoch 00832/20000 | Train Loss 0.249409
Epoch 00833/20000 | Train Loss 0.246942
Epoch 00834/20000 | Train Loss 0.245985
Epoch 00835/20000 | Train Loss 0.237515
Epoch 00836/20000 | Train Loss 0.233548
Epoch 00837/20000 | Train Loss 0.267831
Epoch 00838/20000 | Train Loss 0.242297
Epoch 00839/20000 | Train Loss 0.242289
Epoch 00840/20000 | Train Loss 0.228539
Epoch 00841/20000 | Train Loss 0.223602
Epoch 00842/20000 | Train Loss 0.219526
Epoch 00843/20000 | Train Loss 0.236634
Epoch 00844/20000 | Train Loss 0.258418
Epoch 00845/20000 | Train Loss 0.234781
Epoch 00846/20000 | Train Loss 0.262279
Epoch 00847/20000 | Train Loss 0.245393
Epoch 00848/20000 | Train Loss 0.223356
Epoch 00849/20000 | Train Loss 0.215253
Epoch 00850/20000 | Train Loss 0.265649
Epoch 00851/20000 | Train Loss 0.269050
Epoch 00852/20000 | Train Loss 0.206175
Epoch 00853/20000 | Train Loss 0.225687
Epoch 00854/20000 | Train Loss 0.237127
Epoch 00855/20000 | Train Loss 0.261103
Epoch 00856/20000 | Train Loss 0.254811
Epoch 00857/20000 | Train Loss 0.240738
Epoch 00858/20000 | Train Loss 0.241546
Epoch 00859/20000 | Train Loss 0.265495
Epoch 00860/20000 | Train Loss 0.206571
Epoch 00861/20000 | Train Loss 0.239363
Epoch 00862/20000 | Train Loss 0.217543
Epoch 00863/20000 | Train Loss 0.254627
Epoch 00864/20000 | Train Loss 0.205508
Epoch 00865/20000 | Train Loss 0.206119
Epoch 00866/20000 | Train Loss 0.236565
Epoch 00867/20000 | Train Loss 0.282151
Epoch 00868/20000 | Train Loss 0.258913
Epoch 00869/20000 | Train Loss 0.238680
Epoch 00870/20000 | Train Loss 0.262375
Epoch 00871/20000 | Train Loss 0.248172
Epoch 00872/20000 | Train Loss 0.254049
Epoch 00873/20000 | Train Loss 0.269544
Epoch 00874/20000 | Train Loss 0.232789
Epoch 00875/20000 | Train Loss 0.251086
Epoch 00876/20000 | Train Loss 0.264371
Epoch 00877/20000 | Train Loss 0.289742
Epoch 00878/20000 | Train Loss 0.224973
Epoch 00879/20000 | Train Loss 0.245779
Epoch 00880/20000 | Train Loss 0.238045
Epoch 00881/20000 | Train Loss 0.274593
Epoch 00882/20000 | Train Loss 0.249505
Epoch 00883/20000 | Train Loss 0.287541
Epoch 00884/20000 | Train Loss 0.253939
Epoch 00885/20000 | Train Loss 0.271235
Epoch 00886/20000 | Train Loss 0.264147
Epoch 00887/20000 | Train Loss 0.232821
Epoch 00888/20000 | Train Loss 0.217015
Epoch 00889/20000 | Train Loss 0.220081
Epoch 00890/20000 | Train Loss 0.238836
Epoch 00891/20000 | Train Loss 0.243831
Epoch 00892/20000 | Train Loss 0.261807
Epoch 00893/20000 | Train Loss 0.235722
Epoch 00894/20000 | Train Loss 0.251351
Epoch 00895/20000 | Train Loss 0.234830
Epoch 00896/20000 | Train Loss 0.223541
Epoch 00897/20000 | Train Loss 0.233249
Epoch 00898/20000 | Train Loss 0.226871
Epoch 00899/20000 | Train Loss 0.252594
Epoch 00900/20000 | Train Loss 0.254403
Epoch 00901/20000 | Train Loss 0.237776
Epoch 00902/20000 | Train Loss 0.267336
Epoch 00903/20000 | Train Loss 0.202684
Epoch 00904/20000 | Train Loss 0.249285
Epoch 00905/20000 | Train Loss 0.247556
Epoch 00906/20000 | Train Loss 0.254637
Epoch 00907/20000 | Train Loss 0.222610
Epoch 00908/20000 | Train Loss 0.235611
Epoch 00909/20000 | Train Loss 0.215206
Epoch 00910/20000 | Train Loss 0.215010
Epoch 00911/20000 | Train Loss 0.272008
Epoch 00912/20000 | Train Loss 0.283278
Epoch 00913/20000 | Train Loss 0.254857
Epoch 00914/20000 | Train Loss 0.261666
Epoch 00915/20000 | Train Loss 0.244577
Epoch 00916/20000 | Train Loss 0.206336
Epoch 00917/20000 | Train Loss 0.211002
Epoch 00918/20000 | Train Loss 0.239414
Epoch 00919/20000 | Train Loss 0.258790
Epoch 00920/20000 | Train Loss 0.230279
Epoch 00921/20000 | Train Loss 0.237236
Epoch 00922/20000 | Train Loss 0.275350
Epoch 00923/20000 | Train Loss 0.253745
Epoch 00924/20000 | Train Loss 0.245764
Epoch 00925/20000 | Train Loss 0.244980
Epoch 00926/20000 | Train Loss 0.255556
Epoch 00927/20000 | Train Loss 0.267310
Epoch 00928/20000 | Train Loss 0.228514
Epoch 00929/20000 | Train Loss 0.238735
Epoch 00930/20000 | Train Loss 0.283879
Epoch 00931/20000 | Train Loss 0.246265
Epoch 00932/20000 | Train Loss 0.259930
Epoch 00933/20000 | Train Loss 0.264076
Epoch 00934/20000 | Train Loss 0.267427
Epoch 00935/20000 | Train Loss 0.207282
Epoch 00936/20000 | Train Loss 0.208403
Epoch 00937/20000 | Train Loss 0.257511
Epoch 00938/20000 | Train Loss 0.245870
Epoch 00939/20000 | Train Loss 0.227936
Epoch 00940/20000 | Train Loss 0.222106
Epoch 00941/20000 | Train Loss 0.243834
Epoch 00942/20000 | Train Loss 0.235843
Epoch 00943/20000 | Train Loss 0.207318
Epoch 00944/20000 | Train Loss 0.220882
Epoch 00945/20000 | Train Loss 0.274205
Epoch 00946/20000 | Train Loss 0.304232
Epoch 00947/20000 | Train Loss 0.305716
Epoch 00948/20000 | Train Loss 0.302860
Epoch 00949/20000 | Train Loss 0.261936
Epoch 00950/20000 | Train Loss 0.244004
Epoch 00951/20000 | Train Loss 0.232309
Epoch 00952/20000 | Train Loss 0.237418
Epoch 00953/20000 | Train Loss 0.236137
Epoch 00954/20000 | Train Loss 0.235551
Epoch 00955/20000 | Train Loss 0.223295
Epoch 00956/20000 | Train Loss 0.225716
Epoch 00957/20000 | Train Loss 0.229183
Epoch 00958/20000 | Train Loss 0.229161
Epoch 00959/20000 | Train Loss 0.230182
Epoch 00960/20000 | Train Loss 0.262116
Epoch 00961/20000 | Train Loss 0.214454
Epoch 00962/20000 | Train Loss 0.237805
Epoch 00963/20000 | Train Loss 0.236712
Epoch 00964/20000 | Train Loss 0.225641
Epoch 00965/20000 | Train Loss 0.226734
Epoch 00966/20000 | Train Loss 0.273081
Epoch 00967/20000 | Train Loss 0.241642
Epoch 00968/20000 | Train Loss 0.202180
Epoch 00969/20000 | Train Loss 0.237224
Epoch 00970/20000 | Train Loss 0.234040
Epoch 00971/20000 | Train Loss 0.233388
Epoch 00972/20000 | Train Loss 0.256458
Epoch 00973/20000 | Train Loss 0.260511
Epoch 00974/20000 | Train Loss 0.253610
Epoch 00975/20000 | Train Loss 0.250246
Epoch 00976/20000 | Train Loss 0.200832
Epoch 00977/20000 | Train Loss 0.216677
Epoch 00978/20000 | Train Loss 0.218888
Epoch 00979/20000 | Train Loss 0.248703
Epoch 00980/20000 | Train Loss 0.272253
Epoch 00981/20000 | Train Loss 0.240747
Epoch 00982/20000 | Train Loss 0.225661
Epoch 00983/20000 | Train Loss 0.245228
Epoch 00984/20000 | Train Loss 0.243158
Epoch 00985/20000 | Train Loss 0.282869
Epoch 00986/20000 | Train Loss 0.226242
Epoch 00987/20000 | Train Loss 0.221554
Epoch 00988/20000 | Train Loss 0.233429
Epoch 00989/20000 | Train Loss 0.244495
Epoch 00990/20000 | Train Loss 0.241078
Epoch 00991/20000 | Train Loss 0.231619
Epoch 00992/20000 | Train Loss 0.252582
Epoch 00993/20000 | Train Loss 0.279827
Epoch 00994/20000 | Train Loss 0.245083
Epoch 00995/20000 | Train Loss 0.270210
Epoch 00996/20000 | Train Loss 0.244942
Epoch 00997/20000 | Train Loss 0.235267
Epoch 00998/20000 | Train Loss 0.236800
Epoch 00999/20000 | Train Loss 0.220859
Epoch 01000/20000 | Train Loss 0.226274
  --> Checkpoint saved at epoch 1000.
Epoch 01001/20000 | Train Loss 0.225791
Epoch 01002/20000 | Train Loss 0.229972
Epoch 01003/20000 | Train Loss 0.243791
Epoch 01004/20000 | Train Loss 0.263003
Epoch 01005/20000 | Train Loss 0.262470
Epoch 01006/20000 | Train Loss 0.231437
Epoch 01007/20000 | Train Loss 0.263637
Epoch 01008/20000 | Train Loss 0.228193
Epoch 01009/20000 | Train Loss 0.230991
Epoch 01010/20000 | Train Loss 0.209815
Epoch 01011/20000 | Train Loss 0.223998
Epoch 01012/20000 | Train Loss 0.234384
Epoch 01013/20000 | Train Loss 0.209002
Epoch 01014/20000 | Train Loss 0.211502
Epoch 01015/20000 | Train Loss 0.228288
Epoch 01016/20000 | Train Loss 0.230989
Epoch 01017/20000 | Train Loss 0.211797
Epoch 01018/20000 | Train Loss 0.220754
Epoch 01019/20000 | Train Loss 0.210264
Epoch 01020/20000 | Train Loss 0.207180
Epoch 01021/20000 | Train Loss 0.217616
Epoch 01022/20000 | Train Loss 0.229426
Epoch 01023/20000 | Train Loss 0.225988
Epoch 01024/20000 | Train Loss 0.218909
Epoch 01025/20000 | Train Loss 0.249120
Epoch 01026/20000 | Train Loss 0.241258
Epoch 01027/20000 | Train Loss 0.278268
Epoch 01028/20000 | Train Loss 0.225895
Epoch 01029/20000 | Train Loss 0.232929
Epoch 01030/20000 | Train Loss 0.225135
Epoch 01031/20000 | Train Loss 0.274749
Epoch 01032/20000 | Train Loss 0.233892
Epoch 01033/20000 | Train Loss 0.233114
Epoch 01034/20000 | Train Loss 0.199884
Epoch 01035/20000 | Train Loss 0.227253
Epoch 01036/20000 | Train Loss 0.247571
Epoch 01037/20000 | Train Loss 0.255759
Epoch 01038/20000 | Train Loss 0.296789
Epoch 01039/20000 | Train Loss 0.253078
Epoch 01040/20000 | Train Loss 0.282518
Epoch 01041/20000 | Train Loss 0.248694
Epoch 01042/20000 | Train Loss 0.260515
Epoch 01043/20000 | Train Loss 0.224596
Epoch 01044/20000 | Train Loss 0.203071
Epoch 01045/20000 | Train Loss 0.260213
Epoch 01046/20000 | Train Loss 0.221773
Epoch 01047/20000 | Train Loss 0.228681
Epoch 01048/20000 | Train Loss 0.226675
Epoch 01049/20000 | Train Loss 0.229340
Epoch 01050/20000 | Train Loss 0.222751
Epoch 01051/20000 | Train Loss 0.234490
Epoch 01052/20000 | Train Loss 0.232943
Epoch 01053/20000 | Train Loss 0.231899
Epoch 01054/20000 | Train Loss 0.216509
Epoch 01055/20000 | Train Loss 0.177773
Epoch 01056/20000 | Train Loss 0.223018
Epoch 01057/20000 | Train Loss 0.237055
Epoch 01058/20000 | Train Loss 0.276226
Epoch 01059/20000 | Train Loss 0.275975
Epoch 01060/20000 | Train Loss 0.239335
Epoch 01061/20000 | Train Loss 0.237569
Epoch 01062/20000 | Train Loss 0.205295
Epoch 01063/20000 | Train Loss 0.271536
Epoch 01064/20000 | Train Loss 0.209288
Epoch 01065/20000 | Train Loss 0.227535
Epoch 01066/20000 | Train Loss 0.260769
Epoch 01067/20000 | Train Loss 0.232206
Epoch 01068/20000 | Train Loss 0.214526
Epoch 01069/20000 | Train Loss 0.228077
Epoch 01070/20000 | Train Loss 0.233527
Epoch 01071/20000 | Train Loss 0.242543
Epoch 01072/20000 | Train Loss 0.247176
Epoch 01073/20000 | Train Loss 0.235712
Epoch 01074/20000 | Train Loss 0.184451
Epoch 01075/20000 | Train Loss 0.198194
Epoch 01076/20000 | Train Loss 0.227493
Epoch 01077/20000 | Train Loss 0.198932
Epoch 01078/20000 | Train Loss 0.253135
Epoch 01079/20000 | Train Loss 0.251146
Epoch 01080/20000 | Train Loss 0.267386
Epoch 01081/20000 | Train Loss 0.240578
Epoch 01082/20000 | Train Loss 0.236150
Epoch 01083/20000 | Train Loss 0.232119
Epoch 01084/20000 | Train Loss 0.233648
Epoch 01085/20000 | Train Loss 0.211582
Epoch 01086/20000 | Train Loss 0.243788
Epoch 01087/20000 | Train Loss 0.289698
Epoch 01088/20000 | Train Loss 0.266316
Epoch 01089/20000 | Train Loss 0.219259
Epoch 01090/20000 | Train Loss 0.258725
Epoch 01091/20000 | Train Loss 0.223110
Epoch 01092/20000 | Train Loss 0.218566
Epoch 01093/20000 | Train Loss 0.228371
Epoch 01094/20000 | Train Loss 0.259768
Epoch 01095/20000 | Train Loss 0.259344
Epoch 01096/20000 | Train Loss 0.248964
Epoch 01097/20000 | Train Loss 0.236066
Epoch 01098/20000 | Train Loss 0.253153
Epoch 01099/20000 | Train Loss 0.229785
Epoch 01100/20000 | Train Loss 0.246008
Epoch 01101/20000 | Train Loss 0.209951
Epoch 01102/20000 | Train Loss 0.251965
Epoch 01103/20000 | Train Loss 0.209518
Epoch 01104/20000 | Train Loss 0.226221
Epoch 01105/20000 | Train Loss 0.201869
Epoch 01106/20000 | Train Loss 0.194262
Epoch 01107/20000 | Train Loss 0.246783
Epoch 01108/20000 | Train Loss 0.222539
Epoch 01109/20000 | Train Loss 0.228034
Epoch 01110/20000 | Train Loss 0.231870
Epoch 01111/20000 | Train Loss 0.247967
Epoch 01112/20000 | Train Loss 0.196395
Epoch 01113/20000 | Train Loss 0.217701
Epoch 01114/20000 | Train Loss 0.231516
Epoch 01115/20000 | Train Loss 0.262659
Epoch 01116/20000 | Train Loss 0.284011
Epoch 01117/20000 | Train Loss 0.297670
Epoch 01118/20000 | Train Loss 0.267122
Epoch 01119/20000 | Train Loss 0.240293
Epoch 01120/20000 | Train Loss 0.217667
Epoch 01121/20000 | Train Loss 0.227926
Epoch 01122/20000 | Train Loss 0.216969
Epoch 01123/20000 | Train Loss 0.190101
Epoch 01124/20000 | Train Loss 0.236314
Epoch 01125/20000 | Train Loss 0.255135
Epoch 01126/20000 | Train Loss 0.204409
Epoch 01127/20000 | Train Loss 0.207451
Epoch 01128/20000 | Train Loss 0.224098
Epoch 01129/20000 | Train Loss 0.233109
Epoch 01130/20000 | Train Loss 0.220995
Epoch 01131/20000 | Train Loss 0.211996
Epoch 01132/20000 | Train Loss 0.214621
Epoch 01133/20000 | Train Loss 0.248122
Epoch 01134/20000 | Train Loss 0.244881
Epoch 01135/20000 | Train Loss 0.242867
Epoch 01136/20000 | Train Loss 0.226916
Epoch 01137/20000 | Train Loss 0.217141
Epoch 01138/20000 | Train Loss 0.254006
Epoch 01139/20000 | Train Loss 0.246369
Epoch 01140/20000 | Train Loss 0.290854
Epoch 01141/20000 | Train Loss 0.249830
Epoch 01142/20000 | Train Loss 0.257283
Epoch 01143/20000 | Train Loss 0.245648
Epoch 01144/20000 | Train Loss 0.232344
Epoch 01145/20000 | Train Loss 0.225565
Epoch 01146/20000 | Train Loss 0.218239
Epoch 01147/20000 | Train Loss 0.253106
Epoch 01148/20000 | Train Loss 0.237845
Epoch 01149/20000 | Train Loss 0.214084
Epoch 01150/20000 | Train Loss 0.227183
Epoch 01151/20000 | Train Loss 0.217470
Epoch 01152/20000 | Train Loss 0.227864
Epoch 01153/20000 | Train Loss 0.251772
Epoch 01154/20000 | Train Loss 0.240342
Epoch 01155/20000 | Train Loss 0.246923
Epoch 01156/20000 | Train Loss 0.245896
Epoch 01157/20000 | Train Loss 0.210413
Epoch 01158/20000 | Train Loss 0.230696
Epoch 01159/20000 | Train Loss 0.224993
Epoch 01160/20000 | Train Loss 0.212404
Epoch 01161/20000 | Train Loss 0.276786
Epoch 01162/20000 | Train Loss 0.258138
Epoch 01163/20000 | Train Loss 0.224413
Epoch 01164/20000 | Train Loss 0.251293
Epoch 01165/20000 | Train Loss 0.260264
Epoch 01166/20000 | Train Loss 0.212899
Epoch 01167/20000 | Train Loss 0.192573
Epoch 01168/20000 | Train Loss 0.191910
Epoch 01169/20000 | Train Loss 0.220308
Epoch 01170/20000 | Train Loss 0.246454
Epoch 01171/20000 | Train Loss 0.271024
Epoch 01172/20000 | Train Loss 0.239794
Epoch 01173/20000 | Train Loss 0.234313
Epoch 01174/20000 | Train Loss 0.242990
Epoch 01175/20000 | Train Loss 0.248796
Epoch 01176/20000 | Train Loss 0.233813
Epoch 01177/20000 | Train Loss 0.270033
Epoch 01178/20000 | Train Loss 0.204951
Epoch 01179/20000 | Train Loss 0.212590
Epoch 01180/20000 | Train Loss 0.236879
Epoch 01181/20000 | Train Loss 0.216819
Epoch 01182/20000 | Train Loss 0.213261
Epoch 01183/20000 | Train Loss 0.244441
Epoch 01184/20000 | Train Loss 0.265243
Epoch 01185/20000 | Train Loss 0.240215
Epoch 01186/20000 | Train Loss 0.219647
Epoch 01187/20000 | Train Loss 0.219059
Epoch 01188/20000 | Train Loss 0.233335
Epoch 01189/20000 | Train Loss 0.225091
Epoch 01190/20000 | Train Loss 0.233961
Epoch 01191/20000 | Train Loss 0.243967
Epoch 01192/20000 | Train Loss 0.210259
Epoch 01193/20000 | Train Loss 0.193570
Epoch 01194/20000 | Train Loss 0.211983
Epoch 01195/20000 | Train Loss 0.212353
Epoch 01196/20000 | Train Loss 0.223421
Epoch 01197/20000 | Train Loss 0.228831
Epoch 01198/20000 | Train Loss 0.242887
Epoch 01199/20000 | Train Loss 0.232105
Epoch 01200/20000 | Train Loss 0.270588
Epoch 01201/20000 | Train Loss 0.222305
Epoch 01202/20000 | Train Loss 0.241246
Epoch 01203/20000 | Train Loss 0.227342
Epoch 01204/20000 | Train Loss 0.220542
Epoch 01205/20000 | Train Loss 0.269187
Epoch 01206/20000 | Train Loss 0.222032
Epoch 01207/20000 | Train Loss 0.226368
Epoch 01208/20000 | Train Loss 0.211300
Epoch 01209/20000 | Train Loss 0.228920
Epoch 01210/20000 | Train Loss 0.220607
Epoch 01211/20000 | Train Loss 0.233848
Epoch 01212/20000 | Train Loss 0.250877
Epoch 01213/20000 | Train Loss 0.221588
Epoch 01214/20000 | Train Loss 0.228634
Epoch 01215/20000 | Train Loss 0.215640
Epoch 01216/20000 | Train Loss 0.218999
Epoch 01217/20000 | Train Loss 0.253127
Epoch 01218/20000 | Train Loss 0.230862
Epoch 01219/20000 | Train Loss 0.254874
Epoch 01220/20000 | Train Loss 0.215300
Epoch 01221/20000 | Train Loss 0.237358
Epoch 01222/20000 | Train Loss 0.250545
Epoch 01223/20000 | Train Loss 0.235182
Epoch 01224/20000 | Train Loss 0.244417
Epoch 01225/20000 | Train Loss 0.220115
Epoch 01226/20000 | Train Loss 0.237582
Epoch 01227/20000 | Train Loss 0.227006
Epoch 01228/20000 | Train Loss 0.231219
Epoch 01229/20000 | Train Loss 0.237213
Epoch 01230/20000 | Train Loss 0.233114
Epoch 01231/20000 | Train Loss 0.218064
Epoch 01232/20000 | Train Loss 0.233594
Epoch 01233/20000 | Train Loss 0.214191
Epoch 01234/20000 | Train Loss 0.239978
Epoch 01235/20000 | Train Loss 0.203182
Epoch 01236/20000 | Train Loss 0.240227
Epoch 01237/20000 | Train Loss 0.235259
Epoch 01238/20000 | Train Loss 0.237596
Epoch 01239/20000 | Train Loss 0.240246
Epoch 01240/20000 | Train Loss 0.251023
Epoch 01241/20000 | Train Loss 0.253447
Epoch 01242/20000 | Train Loss 0.238470
Epoch 01243/20000 | Train Loss 0.229369
Epoch 01244/20000 | Train Loss 0.216948
Epoch 01245/20000 | Train Loss 0.229034
Epoch 01246/20000 | Train Loss 0.256101
Epoch 01247/20000 | Train Loss 0.260495
Epoch 01248/20000 | Train Loss 0.235272
Epoch 01249/20000 | Train Loss 0.250035
Epoch 01250/20000 | Train Loss 0.262088
Epoch 01251/20000 | Train Loss 0.210866
Epoch 01252/20000 | Train Loss 0.219025
Epoch 01253/20000 | Train Loss 0.228174
Epoch 01254/20000 | Train Loss 0.226416
Epoch 01255/20000 | Train Loss 0.242557
Epoch 01256/20000 | Train Loss 0.266798
Epoch 01257/20000 | Train Loss 0.231455
Epoch 01258/20000 | Train Loss 0.229322
Epoch 01259/20000 | Train Loss 0.206011
Epoch 01260/20000 | Train Loss 0.224779
Epoch 01261/20000 | Train Loss 0.238063
Epoch 01262/20000 | Train Loss 0.248754
Epoch 01263/20000 | Train Loss 0.251687
Epoch 01264/20000 | Train Loss 0.227025
Epoch 01265/20000 | Train Loss 0.229404
Epoch 01266/20000 | Train Loss 0.229519
Epoch 01267/20000 | Train Loss 0.227132
Epoch 01268/20000 | Train Loss 0.235982
Epoch 01269/20000 | Train Loss 0.233815
Epoch 01270/20000 | Train Loss 0.250580
Epoch 01271/20000 | Train Loss 0.260135
Epoch 01272/20000 | Train Loss 0.250552
Epoch 01273/20000 | Train Loss 0.246495
Epoch 01274/20000 | Train Loss 0.222941
Epoch 01275/20000 | Train Loss 0.228324
Epoch 01276/20000 | Train Loss 0.217873
Epoch 01277/20000 | Train Loss 0.227626
Epoch 01278/20000 | Train Loss 0.216037
Epoch 01279/20000 | Train Loss 0.223039
Epoch 01280/20000 | Train Loss 0.202681
Epoch 01281/20000 | Train Loss 0.210644
Epoch 01282/20000 | Train Loss 0.217583
Epoch 01283/20000 | Train Loss 0.244483
Epoch 01284/20000 | Train Loss 0.236503
Epoch 01285/20000 | Train Loss 0.233370
Epoch 01286/20000 | Train Loss 0.268142
Epoch 01287/20000 | Train Loss 0.246606
Epoch 01288/20000 | Train Loss 0.249966
Epoch 01289/20000 | Train Loss 0.223650
Epoch 01290/20000 | Train Loss 0.223712
Epoch 01291/20000 | Train Loss 0.215182
Epoch 01292/20000 | Train Loss 0.220883
Epoch 01293/20000 | Train Loss 0.194715
Epoch 01294/20000 | Train Loss 0.239822
Epoch 01295/20000 | Train Loss 0.233744
Epoch 01296/20000 | Train Loss 0.225774
Epoch 01297/20000 | Train Loss 0.202709
Epoch 01298/20000 | Train Loss 0.219700
Epoch 01299/20000 | Train Loss 0.245656
Epoch 01300/20000 | Train Loss 0.246772
Epoch 01301/20000 | Train Loss 0.251816
Epoch 01302/20000 | Train Loss 0.213694
Epoch 01303/20000 | Train Loss 0.247990
Epoch 01304/20000 | Train Loss 0.227546
Epoch 01305/20000 | Train Loss 0.231511
Epoch 01306/20000 | Train Loss 0.248072
Epoch 01307/20000 | Train Loss 0.223641
Epoch 01308/20000 | Train Loss 0.206418
Epoch 01309/20000 | Train Loss 0.216251
Epoch 01310/20000 | Train Loss 0.218734
Epoch 01311/20000 | Train Loss 0.235096
Epoch 01312/20000 | Train Loss 0.248178
Epoch 01313/20000 | Train Loss 0.250340
Epoch 01314/20000 | Train Loss 0.234783
Epoch 01315/20000 | Train Loss 0.222081
Epoch 01316/20000 | Train Loss 0.248877
Epoch 01317/20000 | Train Loss 0.234233
Epoch 01318/20000 | Train Loss 0.245674
Epoch 01319/20000 | Train Loss 0.275039
Epoch 01320/20000 | Train Loss 0.239664
Epoch 01321/20000 | Train Loss 0.212854
Epoch 01322/20000 | Train Loss 0.211808
Epoch 01323/20000 | Train Loss 0.226036
Epoch 01324/20000 | Train Loss 0.209030
Epoch 01325/20000 | Train Loss 0.249737
Epoch 01326/20000 | Train Loss 0.232374
Epoch 01327/20000 | Train Loss 0.225913
Epoch 01328/20000 | Train Loss 0.205240
Epoch 01329/20000 | Train Loss 0.204012
Epoch 01330/20000 | Train Loss 0.240536
Epoch 01331/20000 | Train Loss 0.212980
Epoch 01332/20000 | Train Loss 0.259594
Epoch 01333/20000 | Train Loss 0.243046
Epoch 01334/20000 | Train Loss 0.257799
Epoch 01335/20000 | Train Loss 0.247879
Epoch 01336/20000 | Train Loss 0.234704
Epoch 01337/20000 | Train Loss 0.221407
Epoch 01338/20000 | Train Loss 0.237632
Epoch 01339/20000 | Train Loss 0.232301
Epoch 01340/20000 | Train Loss 0.256499
Epoch 01341/20000 | Train Loss 0.238581
Epoch 01342/20000 | Train Loss 0.260253
Epoch 01343/20000 | Train Loss 0.254599
Epoch 01344/20000 | Train Loss 0.212373
Epoch 01345/20000 | Train Loss 0.206376
Epoch 01346/20000 | Train Loss 0.206457
Epoch 01347/20000 | Train Loss 0.210794
Epoch 01348/20000 | Train Loss 0.198824
Epoch 01349/20000 | Train Loss 0.253665
Epoch 01350/20000 | Train Loss 0.233220
Epoch 01351/20000 | Train Loss 0.237189
Epoch 01352/20000 | Train Loss 0.228549
Epoch 01353/20000 | Train Loss 0.226202
Epoch 01354/20000 | Train Loss 0.220009
Epoch 01355/20000 | Train Loss 0.248762
Epoch 01356/20000 | Train Loss 0.207481
Epoch 01357/20000 | Train Loss 0.235214
Epoch 01358/20000 | Train Loss 0.229750
Epoch 01359/20000 | Train Loss 0.240577
Epoch 01360/20000 | Train Loss 0.236358
Epoch 01361/20000 | Train Loss 0.212658
Epoch 01362/20000 | Train Loss 0.245993
Epoch 01363/20000 | Train Loss 0.233536
Epoch 01364/20000 | Train Loss 0.235616
Epoch 01365/20000 | Train Loss 0.208118
Epoch 01366/20000 | Train Loss 0.209322
Epoch 01367/20000 | Train Loss 0.209762
Epoch 01368/20000 | Train Loss 0.237009
Epoch 01369/20000 | Train Loss 0.216751
Epoch 01370/20000 | Train Loss 0.222020
Epoch 01371/20000 | Train Loss 0.231251
Epoch 01372/20000 | Train Loss 0.228336
Epoch 01373/20000 | Train Loss 0.247441
Epoch 01374/20000 | Train Loss 0.242529
Epoch 01375/20000 | Train Loss 0.267756
Epoch 01376/20000 | Train Loss 0.208731
Epoch 01377/20000 | Train Loss 0.257318
Epoch 01378/20000 | Train Loss 0.208571
Epoch 01379/20000 | Train Loss 0.260457
Epoch 01380/20000 | Train Loss 0.249936
Epoch 01381/20000 | Train Loss 0.193831
Epoch 01382/20000 | Train Loss 0.253035
Epoch 01383/20000 | Train Loss 0.208548
Epoch 01384/20000 | Train Loss 0.264885
Epoch 01385/20000 | Train Loss 0.225448
Epoch 01386/20000 | Train Loss 0.239346
Epoch 01387/20000 | Train Loss 0.242556
Epoch 01388/20000 | Train Loss 0.224167
Epoch 01389/20000 | Train Loss 0.237175
Epoch 01390/20000 | Train Loss 0.239510
Epoch 01391/20000 | Train Loss 0.256387
Epoch 01392/20000 | Train Loss 0.195894
Epoch 01393/20000 | Train Loss 0.233198
Epoch 01394/20000 | Train Loss 0.250139
Epoch 01395/20000 | Train Loss 0.237785
Epoch 01396/20000 | Train Loss 0.245891
Epoch 01397/20000 | Train Loss 0.265630
Epoch 01398/20000 | Train Loss 0.257333
Epoch 01399/20000 | Train Loss 0.204761
Epoch 01400/20000 | Train Loss 0.240471
Epoch 01401/20000 | Train Loss 0.238730
Epoch 01402/20000 | Train Loss 0.224149
Epoch 01403/20000 | Train Loss 0.207501
Epoch 01404/20000 | Train Loss 0.225935
Epoch 01405/20000 | Train Loss 0.244422
Epoch 01406/20000 | Train Loss 0.205210
Epoch 01407/20000 | Train Loss 0.234102
Epoch 01408/20000 | Train Loss 0.245906
Epoch 01409/20000 | Train Loss 0.222220
Epoch 01410/20000 | Train Loss 0.208097
Epoch 01411/20000 | Train Loss 0.211885
Epoch 01412/20000 | Train Loss 0.216947
Epoch 01413/20000 | Train Loss 0.222948
Epoch 01414/20000 | Train Loss 0.250408
Epoch 01415/20000 | Train Loss 0.229118
Epoch 01416/20000 | Train Loss 0.208647
Epoch 01417/20000 | Train Loss 0.224317
Epoch 01418/20000 | Train Loss 0.227074
Epoch 01419/20000 | Train Loss 0.218068
Epoch 01420/20000 | Train Loss 0.214759
Epoch 01421/20000 | Train Loss 0.205473
Epoch 01422/20000 | Train Loss 0.241130
Epoch 01423/20000 | Train Loss 0.256654
Epoch 01424/20000 | Train Loss 0.241313
Epoch 01425/20000 | Train Loss 0.235566
Epoch 01426/20000 | Train Loss 0.231617
Epoch 01427/20000 | Train Loss 0.218422
Epoch 01428/20000 | Train Loss 0.217856
Epoch 01429/20000 | Train Loss 0.236584
Epoch 01430/20000 | Train Loss 0.232665
Epoch 01431/20000 | Train Loss 0.207882
Epoch 01432/20000 | Train Loss 0.266533
Epoch 01433/20000 | Train Loss 0.247422
Epoch 01434/20000 | Train Loss 0.224265
Epoch 01435/20000 | Train Loss 0.223246
Epoch 01436/20000 | Train Loss 0.197501
Epoch 01437/20000 | Train Loss 0.220219
Epoch 01438/20000 | Train Loss 0.210380
Epoch 01439/20000 | Train Loss 0.218927
Epoch 01440/20000 | Train Loss 0.197864
Epoch 01441/20000 | Train Loss 0.231705
Epoch 01442/20000 | Train Loss 0.248117
Epoch 01443/20000 | Train Loss 0.257699
Epoch 01444/20000 | Train Loss 0.261210
Epoch 01445/20000 | Train Loss 0.237220
Epoch 01446/20000 | Train Loss 0.221632
Epoch 01447/20000 | Train Loss 0.244348
Epoch 01448/20000 | Train Loss 0.233633
Epoch 01449/20000 | Train Loss 0.186137
Epoch 01450/20000 | Train Loss 0.209077
Epoch 01451/20000 | Train Loss 0.216144
Epoch 01452/20000 | Train Loss 0.220263
Epoch 01453/20000 | Train Loss 0.236920
Epoch 01454/20000 | Train Loss 0.230295
Epoch 01455/20000 | Train Loss 0.242159
Epoch 01456/20000 | Train Loss 0.243953
Epoch 01457/20000 | Train Loss 0.211548
Epoch 01458/20000 | Train Loss 0.239733
Epoch 01459/20000 | Train Loss 0.257240
Epoch 01460/20000 | Train Loss 0.230241
Epoch 01461/20000 | Train Loss 0.211892
Epoch 01462/20000 | Train Loss 0.226647
Epoch 01463/20000 | Train Loss 0.221564
Epoch 01464/20000 | Train Loss 0.254326
Epoch 01465/20000 | Train Loss 0.222578
Epoch 01466/20000 | Train Loss 0.234792
Epoch 01467/20000 | Train Loss 0.209838
Epoch 01468/20000 | Train Loss 0.233358
Epoch 01469/20000 | Train Loss 0.274664
Epoch 01470/20000 | Train Loss 0.251098
Epoch 01471/20000 | Train Loss 0.257255
Epoch 01472/20000 | Train Loss 0.219321
Epoch 01473/20000 | Train Loss 0.238992
Epoch 01474/20000 | Train Loss 0.223333
Epoch 01475/20000 | Train Loss 0.248800
Epoch 01476/20000 | Train Loss 0.232849
Epoch 01477/20000 | Train Loss 0.232243
Epoch 01478/20000 | Train Loss 0.230603
Epoch 01479/20000 | Train Loss 0.206710
Epoch 01480/20000 | Train Loss 0.203733
Epoch 01481/20000 | Train Loss 0.246153
Epoch 01482/20000 | Train Loss 0.230733
Epoch 01483/20000 | Train Loss 0.233130
Epoch 01484/20000 | Train Loss 0.220232
Epoch 01485/20000 | Train Loss 0.223770
Epoch 01486/20000 | Train Loss 0.230775
Epoch 01487/20000 | Train Loss 0.220324
Epoch 01488/20000 | Train Loss 0.253216
Epoch 01489/20000 | Train Loss 0.264404
Epoch 01490/20000 | Train Loss 0.219270
Epoch 01491/20000 | Train Loss 0.223818
Epoch 01492/20000 | Train Loss 0.227548
Epoch 01493/20000 | Train Loss 0.211913
Epoch 01494/20000 | Train Loss 0.230436
Epoch 01495/20000 | Train Loss 0.238852
Epoch 01496/20000 | Train Loss 0.231229
Epoch 01497/20000 | Train Loss 0.252713
Epoch 01498/20000 | Train Loss 0.216671
Epoch 01499/20000 | Train Loss 0.251297
Epoch 01500/20000 | Train Loss 0.226588
  --> Checkpoint saved at epoch 1500.
Epoch 01501/20000 | Train Loss 0.240991
Epoch 01502/20000 | Train Loss 0.264030
Epoch 01503/20000 | Train Loss 0.216703
Epoch 01504/20000 | Train Loss 0.207619
Epoch 01505/20000 | Train Loss 0.225909
Epoch 01506/20000 | Train Loss 0.244721
Epoch 01507/20000 | Train Loss 0.219468
Epoch 01508/20000 | Train Loss 0.229727
Epoch 01509/20000 | Train Loss 0.226354
Epoch 01510/20000 | Train Loss 0.243628
Epoch 01511/20000 | Train Loss 0.216886
Epoch 01512/20000 | Train Loss 0.254292
Epoch 01513/20000 | Train Loss 0.228560
Epoch 01514/20000 | Train Loss 0.240936
Epoch 01515/20000 | Train Loss 0.231608
Epoch 01516/20000 | Train Loss 0.205315
Epoch 01517/20000 | Train Loss 0.229695
Epoch 01518/20000 | Train Loss 0.240557
Epoch 01519/20000 | Train Loss 0.215139
Epoch 01520/20000 | Train Loss 0.229843
Epoch 01521/20000 | Train Loss 0.246342
Epoch 01522/20000 | Train Loss 0.231431
Epoch 01523/20000 | Train Loss 0.235581
Epoch 01524/20000 | Train Loss 0.206913
Epoch 01525/20000 | Train Loss 0.218841
Epoch 01526/20000 | Train Loss 0.238615
Epoch 01527/20000 | Train Loss 0.181111
Epoch 01528/20000 | Train Loss 0.216335
Epoch 01529/20000 | Train Loss 0.204874
Epoch 01530/20000 | Train Loss 0.206234
Epoch 01531/20000 | Train Loss 0.245429
Epoch 01532/20000 | Train Loss 0.223222
Epoch 01533/20000 | Train Loss 0.221087
Epoch 01534/20000 | Train Loss 0.230952
Epoch 01535/20000 | Train Loss 0.245164
Epoch 01536/20000 | Train Loss 0.218469
Epoch 01537/20000 | Train Loss 0.215122
Epoch 01538/20000 | Train Loss 0.229517
Epoch 01539/20000 | Train Loss 0.220797
Epoch 01540/20000 | Train Loss 0.229974
Epoch 01541/20000 | Train Loss 0.234391
Epoch 01542/20000 | Train Loss 0.202051
Epoch 01543/20000 | Train Loss 0.229732
Epoch 01544/20000 | Train Loss 0.245978
Epoch 01545/20000 | Train Loss 0.260255
Epoch 01546/20000 | Train Loss 0.252517
Epoch 01547/20000 | Train Loss 0.243024
Epoch 01548/20000 | Train Loss 0.219645
Epoch 01549/20000 | Train Loss 0.232698
Epoch 01550/20000 | Train Loss 0.235039
Epoch 01551/20000 | Train Loss 0.218457
Epoch 01552/20000 | Train Loss 0.204178
Epoch 01553/20000 | Train Loss 0.206159
Epoch 01554/20000 | Train Loss 0.210858
Epoch 01555/20000 | Train Loss 0.219514
Epoch 01556/20000 | Train Loss 0.235884
Epoch 01557/20000 | Train Loss 0.235189
Epoch 01558/20000 | Train Loss 0.229609
Epoch 01559/20000 | Train Loss 0.233195
Epoch 01560/20000 | Train Loss 0.246170
Epoch 01561/20000 | Train Loss 0.235532
Epoch 01562/20000 | Train Loss 0.244729
Epoch 01563/20000 | Train Loss 0.241838
Epoch 01564/20000 | Train Loss 0.220645
Epoch 01565/20000 | Train Loss 0.223824
Epoch 01566/20000 | Train Loss 0.227624
Epoch 01567/20000 | Train Loss 0.229637
Epoch 01568/20000 | Train Loss 0.207313
Epoch 01569/20000 | Train Loss 0.230724
Epoch 01570/20000 | Train Loss 0.211499
Epoch 01571/20000 | Train Loss 0.245317
Epoch 01572/20000 | Train Loss 0.238317
Epoch 01573/20000 | Train Loss 0.232633
Epoch 01574/20000 | Train Loss 0.240670
Epoch 01575/20000 | Train Loss 0.253383
Epoch 01576/20000 | Train Loss 0.207651
Epoch 01577/20000 | Train Loss 0.218223
Epoch 01578/20000 | Train Loss 0.190255
Epoch 01579/20000 | Train Loss 0.241165
Epoch 01580/20000 | Train Loss 0.217738
Epoch 01581/20000 | Train Loss 0.228901
Epoch 01582/20000 | Train Loss 0.217423
Epoch 01583/20000 | Train Loss 0.200721
Epoch 01584/20000 | Train Loss 0.214845
Epoch 01585/20000 | Train Loss 0.185277
Epoch 01586/20000 | Train Loss 0.243429
Epoch 01587/20000 | Train Loss 0.226092
Epoch 01588/20000 | Train Loss 0.255187
Epoch 01589/20000 | Train Loss 0.230613
Epoch 01590/20000 | Train Loss 0.236665
Epoch 01591/20000 | Train Loss 0.210924
Epoch 01592/20000 | Train Loss 0.225925
Epoch 01593/20000 | Train Loss 0.265343
Epoch 01594/20000 | Train Loss 0.236183
Epoch 01595/20000 | Train Loss 0.230231
Epoch 01596/20000 | Train Loss 0.246510
Epoch 01597/20000 | Train Loss 0.213881
Epoch 01598/20000 | Train Loss 0.224624
Epoch 01599/20000 | Train Loss 0.193077
Epoch 01600/20000 | Train Loss 0.212264
Epoch 01601/20000 | Train Loss 0.220145
Epoch 01602/20000 | Train Loss 0.224195
Epoch 01603/20000 | Train Loss 0.274583
Epoch 01604/20000 | Train Loss 0.244419
Epoch 01605/20000 | Train Loss 0.236039
Epoch 01606/20000 | Train Loss 0.209731
Epoch 01607/20000 | Train Loss 0.242824
Epoch 01608/20000 | Train Loss 0.196307
Epoch 01609/20000 | Train Loss 0.198748
Epoch 01610/20000 | Train Loss 0.252875
Epoch 01611/20000 | Train Loss 0.233796
Epoch 01612/20000 | Train Loss 0.218280
Epoch 01613/20000 | Train Loss 0.222716
Epoch 01614/20000 | Train Loss 0.245916
Epoch 01615/20000 | Train Loss 0.231453
Epoch 01616/20000 | Train Loss 0.219051
Epoch 01617/20000 | Train Loss 0.226827
Epoch 01618/20000 | Train Loss 0.220849
Epoch 01619/20000 | Train Loss 0.219430
Epoch 01620/20000 | Train Loss 0.181433
Epoch 01621/20000 | Train Loss 0.214026
Epoch 01622/20000 | Train Loss 0.230155
Epoch 01623/20000 | Train Loss 0.250967
Epoch 01624/20000 | Train Loss 0.246639
Epoch 01625/20000 | Train Loss 0.228947
Epoch 01626/20000 | Train Loss 0.234452
Epoch 01627/20000 | Train Loss 0.209198
Epoch 01628/20000 | Train Loss 0.198358
Epoch 01629/20000 | Train Loss 0.207774
Epoch 01630/20000 | Train Loss 0.211016
Epoch 01631/20000 | Train Loss 0.233120
Epoch 01632/20000 | Train Loss 0.230459
Epoch 01633/20000 | Train Loss 0.246230
Epoch 01634/20000 | Train Loss 0.252915
Epoch 01635/20000 | Train Loss 0.233255
Epoch 01636/20000 | Train Loss 0.227424
Epoch 01637/20000 | Train Loss 0.218942
Epoch 01638/20000 | Train Loss 0.209024
Epoch 01639/20000 | Train Loss 0.228199
Epoch 01640/20000 | Train Loss 0.204929
Epoch 01641/20000 | Train Loss 0.197927
Epoch 01642/20000 | Train Loss 0.232781
Epoch 01643/20000 | Train Loss 0.235469
Epoch 01644/20000 | Train Loss 0.246647
Epoch 01645/20000 | Train Loss 0.271448
Epoch 01646/20000 | Train Loss 0.260398
Epoch 01647/20000 | Train Loss 0.211110
Epoch 01648/20000 | Train Loss 0.239609
Epoch 01649/20000 | Train Loss 0.226943
Epoch 01650/20000 | Train Loss 0.208593
Epoch 01651/20000 | Train Loss 0.239331
Epoch 01652/20000 | Train Loss 0.217707
Epoch 01653/20000 | Train Loss 0.229566
Epoch 01654/20000 | Train Loss 0.197444
Epoch 01655/20000 | Train Loss 0.239045
Epoch 01656/20000 | Train Loss 0.227162
Epoch 01657/20000 | Train Loss 0.221792
Epoch 01658/20000 | Train Loss 0.223181
Epoch 01659/20000 | Train Loss 0.209427
Epoch 01660/20000 | Train Loss 0.215734
Epoch 01661/20000 | Train Loss 0.198628
Epoch 01662/20000 | Train Loss 0.216464
Epoch 01663/20000 | Train Loss 0.221242
Epoch 01664/20000 | Train Loss 0.229354
Epoch 01665/20000 | Train Loss 0.218417
Epoch 01666/20000 | Train Loss 0.269820
Epoch 01667/20000 | Train Loss 0.231271
Epoch 01668/20000 | Train Loss 0.210061
Epoch 01669/20000 | Train Loss 0.221390
Epoch 01670/20000 | Train Loss 0.259834
Epoch 01671/20000 | Train Loss 0.216320
Epoch 01672/20000 | Train Loss 0.234696
Epoch 01673/20000 | Train Loss 0.230859
Epoch 01674/20000 | Train Loss 0.218750
Epoch 01675/20000 | Train Loss 0.216442
Epoch 01676/20000 | Train Loss 0.233250
Epoch 01677/20000 | Train Loss 0.208791
Epoch 01678/20000 | Train Loss 0.210684
Epoch 01679/20000 | Train Loss 0.199498
Epoch 01680/20000 | Train Loss 0.218035
Epoch 01681/20000 | Train Loss 0.194558
Epoch 01682/20000 | Train Loss 0.214602
Epoch 01683/20000 | Train Loss 0.205053
Epoch 01684/20000 | Train Loss 0.221105
Epoch 01685/20000 | Train Loss 0.233477
Epoch 01686/20000 | Train Loss 0.220586
Epoch 01687/20000 | Train Loss 0.213664
Epoch 01688/20000 | Train Loss 0.242459
Epoch 01689/20000 | Train Loss 0.238865
Epoch 01690/20000 | Train Loss 0.230127
Epoch 01691/20000 | Train Loss 0.226680
Epoch 01692/20000 | Train Loss 0.240267
Epoch 01693/20000 | Train Loss 0.196139
Epoch 01694/20000 | Train Loss 0.219537
Epoch 01695/20000 | Train Loss 0.270831
Epoch 01696/20000 | Train Loss 0.237178
Epoch 01697/20000 | Train Loss 0.264779
Epoch 01698/20000 | Train Loss 0.249412
Epoch 01699/20000 | Train Loss 0.237101
Epoch 01700/20000 | Train Loss 0.217015
Epoch 01701/20000 | Train Loss 0.222518
Epoch 01702/20000 | Train Loss 0.210569
Epoch 01703/20000 | Train Loss 0.225621
Epoch 01704/20000 | Train Loss 0.208772
Epoch 01705/20000 | Train Loss 0.198157
Epoch 01706/20000 | Train Loss 0.222527
Epoch 01707/20000 | Train Loss 0.233162
Epoch 01708/20000 | Train Loss 0.224250
Epoch 01709/20000 | Train Loss 0.198293
Epoch 01710/20000 | Train Loss 0.224255
Epoch 01711/20000 | Train Loss 0.211243
Epoch 01712/20000 | Train Loss 0.191807
Epoch 01713/20000 | Train Loss 0.253805
Epoch 01714/20000 | Train Loss 0.218858
Epoch 01715/20000 | Train Loss 0.223209
Epoch 01716/20000 | Train Loss 0.236254
Epoch 01717/20000 | Train Loss 0.200475
Epoch 01718/20000 | Train Loss 0.219512
Epoch 01719/20000 | Train Loss 0.206377
Epoch 01720/20000 | Train Loss 0.218103
Epoch 01721/20000 | Train Loss 0.225221
Epoch 01722/20000 | Train Loss 0.221952
Epoch 01723/20000 | Train Loss 0.201216
Epoch 01724/20000 | Train Loss 0.227673
Epoch 01725/20000 | Train Loss 0.229197
Epoch 01726/20000 | Train Loss 0.237391
Epoch 01727/20000 | Train Loss 0.231215
Epoch 01728/20000 | Train Loss 0.217357
Epoch 01729/20000 | Train Loss 0.214049
Epoch 01730/20000 | Train Loss 0.218006
Epoch 01731/20000 | Train Loss 0.244816
Epoch 01732/20000 | Train Loss 0.242256
Epoch 01733/20000 | Train Loss 0.206687
Epoch 01734/20000 | Train Loss 0.264542
Epoch 01735/20000 | Train Loss 0.179230
Epoch 01736/20000 | Train Loss 0.228413
Epoch 01737/20000 | Train Loss 0.253388
Epoch 01738/20000 | Train Loss 0.254848
Epoch 01739/20000 | Train Loss 0.238861
Epoch 01740/20000 | Train Loss 0.219594
Epoch 01741/20000 | Train Loss 0.214361
Epoch 01742/20000 | Train Loss 0.254685
Epoch 01743/20000 | Train Loss 0.223581
Epoch 01744/20000 | Train Loss 0.200230
Epoch 01745/20000 | Train Loss 0.227292
Epoch 01746/20000 | Train Loss 0.239926
Epoch 01747/20000 | Train Loss 0.192987
Epoch 01748/20000 | Train Loss 0.211317
Epoch 01749/20000 | Train Loss 0.202105
Epoch 01750/20000 | Train Loss 0.243825
Epoch 01751/20000 | Train Loss 0.237530
Epoch 01752/20000 | Train Loss 0.214034
Epoch 01753/20000 | Train Loss 0.238501
Epoch 01754/20000 | Train Loss 0.201133
Epoch 01755/20000 | Train Loss 0.186117
Epoch 01756/20000 | Train Loss 0.196831
Epoch 01757/20000 | Train Loss 0.210108
Epoch 01758/20000 | Train Loss 0.205300
Epoch 01759/20000 | Train Loss 0.212554
Epoch 01760/20000 | Train Loss 0.223715
Epoch 01761/20000 | Train Loss 0.234313
Epoch 01762/20000 | Train Loss 0.211267
Epoch 01763/20000 | Train Loss 0.189415
Epoch 01764/20000 | Train Loss 0.221726
Epoch 01765/20000 | Train Loss 0.278722
Epoch 01766/20000 | Train Loss 0.229547
Epoch 01767/20000 | Train Loss 0.217113
Epoch 01768/20000 | Train Loss 0.227991
Epoch 01769/20000 | Train Loss 0.224520
Epoch 01770/20000 | Train Loss 0.210629
Epoch 01771/20000 | Train Loss 0.222528
Epoch 01772/20000 | Train Loss 0.210893
Epoch 01773/20000 | Train Loss 0.210177
Epoch 01774/20000 | Train Loss 0.191847
Epoch 01775/20000 | Train Loss 0.212106
Epoch 01776/20000 | Train Loss 0.225492
Epoch 01777/20000 | Train Loss 0.253638
Epoch 01778/20000 | Train Loss 0.208409
Epoch 01779/20000 | Train Loss 0.211182
Epoch 01780/20000 | Train Loss 0.209160
Epoch 01781/20000 | Train Loss 0.215669
Epoch 01782/20000 | Train Loss 0.220440
Epoch 01783/20000 | Train Loss 0.195074
Epoch 01784/20000 | Train Loss 0.249399
Epoch 01785/20000 | Train Loss 0.226685
Epoch 01786/20000 | Train Loss 0.200061
Epoch 01787/20000 | Train Loss 0.209920
Epoch 01788/20000 | Train Loss 0.203590
Epoch 01789/20000 | Train Loss 0.208860
Epoch 01790/20000 | Train Loss 0.201051
Epoch 01791/20000 | Train Loss 0.232416
Epoch 01792/20000 | Train Loss 0.245335
Epoch 01793/20000 | Train Loss 0.255365
Epoch 01794/20000 | Train Loss 0.261940
Epoch 01795/20000 | Train Loss 0.253257
Epoch 01796/20000 | Train Loss 0.218059
Epoch 01797/20000 | Train Loss 0.219091
Epoch 01798/20000 | Train Loss 0.239022
Epoch 01799/20000 | Train Loss 0.240625
Epoch 01800/20000 | Train Loss 0.217481
Epoch 01801/20000 | Train Loss 0.224598
Epoch 01802/20000 | Train Loss 0.223077
Epoch 01803/20000 | Train Loss 0.203429
Epoch 01804/20000 | Train Loss 0.239760
Epoch 01805/20000 | Train Loss 0.230432
Epoch 01806/20000 | Train Loss 0.216352
Epoch 01807/20000 | Train Loss 0.206227
Epoch 01808/20000 | Train Loss 0.212285
Epoch 01809/20000 | Train Loss 0.229184
Epoch 01810/20000 | Train Loss 0.226869
Epoch 01811/20000 | Train Loss 0.228825
Epoch 01812/20000 | Train Loss 0.198296
Epoch 01813/20000 | Train Loss 0.243448
Epoch 01814/20000 | Train Loss 0.219336
Epoch 01815/20000 | Train Loss 0.243212
Epoch 01816/20000 | Train Loss 0.218753
Epoch 01817/20000 | Train Loss 0.220482
Epoch 01818/20000 | Train Loss 0.237898
Epoch 01819/20000 | Train Loss 0.215187
Epoch 01820/20000 | Train Loss 0.217349
Epoch 01821/20000 | Train Loss 0.225860
Epoch 01822/20000 | Train Loss 0.232885
Epoch 01823/20000 | Train Loss 0.234998
Epoch 01824/20000 | Train Loss 0.226317
Epoch 01825/20000 | Train Loss 0.236694
Epoch 01826/20000 | Train Loss 0.233318
Epoch 01827/20000 | Train Loss 0.241164
Epoch 01828/20000 | Train Loss 0.217239
Epoch 01829/20000 | Train Loss 0.206966
Epoch 01830/20000 | Train Loss 0.221166
Epoch 01831/20000 | Train Loss 0.260836
Epoch 01832/20000 | Train Loss 0.218252
Epoch 01833/20000 | Train Loss 0.225113
Epoch 01834/20000 | Train Loss 0.232916
Epoch 01835/20000 | Train Loss 0.190406
Epoch 01836/20000 | Train Loss 0.201828
Epoch 01837/20000 | Train Loss 0.214879
Epoch 01838/20000 | Train Loss 0.206856
Epoch 01839/20000 | Train Loss 0.213298
Epoch 01840/20000 | Train Loss 0.201983
Epoch 01841/20000 | Train Loss 0.217749
Epoch 01842/20000 | Train Loss 0.235723
Epoch 01843/20000 | Train Loss 0.182075
Epoch 01844/20000 | Train Loss 0.256476
Epoch 01845/20000 | Train Loss 0.241266
Epoch 01846/20000 | Train Loss 0.255186
Epoch 01847/20000 | Train Loss 0.205689
Epoch 01848/20000 | Train Loss 0.216658
Epoch 01849/20000 | Train Loss 0.221955
Epoch 01850/20000 | Train Loss 0.218781
Epoch 01851/20000 | Train Loss 0.225757
Epoch 01852/20000 | Train Loss 0.199417
Epoch 01853/20000 | Train Loss 0.203718
Epoch 01854/20000 | Train Loss 0.200536
Epoch 01855/20000 | Train Loss 0.233471
Epoch 01856/20000 | Train Loss 0.222088
Epoch 01857/20000 | Train Loss 0.234346
Epoch 01858/20000 | Train Loss 0.241777
Epoch 01859/20000 | Train Loss 0.249738
Epoch 01860/20000 | Train Loss 0.227731
Epoch 01861/20000 | Train Loss 0.256221
Epoch 01862/20000 | Train Loss 0.242247
Epoch 01863/20000 | Train Loss 0.256728
Epoch 01864/20000 | Train Loss 0.233315
Epoch 01865/20000 | Train Loss 0.211188
Epoch 01866/20000 | Train Loss 0.230089
Epoch 01867/20000 | Train Loss 0.241482
Epoch 01868/20000 | Train Loss 0.216079
Epoch 01869/20000 | Train Loss 0.209929
Epoch 01870/20000 | Train Loss 0.249775
Epoch 01871/20000 | Train Loss 0.219318
Epoch 01872/20000 | Train Loss 0.218147
Epoch 01873/20000 | Train Loss 0.195886
Epoch 01874/20000 | Train Loss 0.188368
Epoch 01875/20000 | Train Loss 0.202272
Epoch 01876/20000 | Train Loss 0.204197
Epoch 01877/20000 | Train Loss 0.217115
Epoch 01878/20000 | Train Loss 0.247991
Epoch 01879/20000 | Train Loss 0.219796
Epoch 01880/20000 | Train Loss 0.226922
Epoch 01881/20000 | Train Loss 0.199378
Epoch 01882/20000 | Train Loss 0.230763
Epoch 01883/20000 | Train Loss 0.249498
Epoch 01884/20000 | Train Loss 0.231913
Epoch 01885/20000 | Train Loss 0.221104
Epoch 01886/20000 | Train Loss 0.197033
Epoch 01887/20000 | Train Loss 0.244025
Epoch 01888/20000 | Train Loss 0.209681
Epoch 01889/20000 | Train Loss 0.183436
Epoch 01890/20000 | Train Loss 0.249988
Epoch 01891/20000 | Train Loss 0.239068
Epoch 01892/20000 | Train Loss 0.216564
Epoch 01893/20000 | Train Loss 0.220802
Epoch 01894/20000 | Train Loss 0.218472
Epoch 01895/20000 | Train Loss 0.230187
Epoch 01896/20000 | Train Loss 0.262267
Epoch 01897/20000 | Train Loss 0.248261
Epoch 01898/20000 | Train Loss 0.213593
Epoch 01899/20000 | Train Loss 0.224388
Epoch 01900/20000 | Train Loss 0.219711
Epoch 01901/20000 | Train Loss 0.235750
Epoch 01902/20000 | Train Loss 0.209854
Epoch 01903/20000 | Train Loss 0.231981
Epoch 01904/20000 | Train Loss 0.197380
Epoch 01905/20000 | Train Loss 0.207537
Epoch 01906/20000 | Train Loss 0.223321
Epoch 01907/20000 | Train Loss 0.215214
Epoch 01908/20000 | Train Loss 0.217967
Epoch 01909/20000 | Train Loss 0.204984
Epoch 01910/20000 | Train Loss 0.236576
Epoch 01911/20000 | Train Loss 0.213380
Epoch 01912/20000 | Train Loss 0.229076
Epoch 01913/20000 | Train Loss 0.267535
Epoch 01914/20000 | Train Loss 0.239189
Epoch 01915/20000 | Train Loss 0.213738
Epoch 01916/20000 | Train Loss 0.232778
Epoch 01917/20000 | Train Loss 0.214491
Epoch 01918/20000 | Train Loss 0.215510
Epoch 01919/20000 | Train Loss 0.225359
Epoch 01920/20000 | Train Loss 0.194717
Epoch 01921/20000 | Train Loss 0.250127
Epoch 01922/20000 | Train Loss 0.229425
Epoch 01923/20000 | Train Loss 0.224103
Epoch 01924/20000 | Train Loss 0.234288
Epoch 01925/20000 | Train Loss 0.227605
Epoch 01926/20000 | Train Loss 0.207771
Epoch 01927/20000 | Train Loss 0.242508
Epoch 01928/20000 | Train Loss 0.214040
Epoch 01929/20000 | Train Loss 0.214118
Epoch 01930/20000 | Train Loss 0.210554
Epoch 01931/20000 | Train Loss 0.212071
Epoch 01932/20000 | Train Loss 0.204499
Epoch 01933/20000 | Train Loss 0.229094
Epoch 01934/20000 | Train Loss 0.216509
Epoch 01935/20000 | Train Loss 0.222801
Epoch 01936/20000 | Train Loss 0.206821
Epoch 01937/20000 | Train Loss 0.211343
Epoch 01938/20000 | Train Loss 0.204376
Epoch 01939/20000 | Train Loss 0.207461
Epoch 01940/20000 | Train Loss 0.234583
Epoch 01941/20000 | Train Loss 0.235328
Epoch 01942/20000 | Train Loss 0.211842
Epoch 01943/20000 | Train Loss 0.212984
Epoch 01944/20000 | Train Loss 0.216641
Epoch 01945/20000 | Train Loss 0.246232
Epoch 01946/20000 | Train Loss 0.211419
Epoch 01947/20000 | Train Loss 0.218704
Epoch 01948/20000 | Train Loss 0.189640
Epoch 01949/20000 | Train Loss 0.223852
Epoch 01950/20000 | Train Loss 0.228306
Epoch 01951/20000 | Train Loss 0.250004
Epoch 01952/20000 | Train Loss 0.232993
Epoch 01953/20000 | Train Loss 0.201924
Epoch 01954/20000 | Train Loss 0.195372
Epoch 01955/20000 | Train Loss 0.224631
Epoch 01956/20000 | Train Loss 0.240754
Epoch 01957/20000 | Train Loss 0.215683
Epoch 01958/20000 | Train Loss 0.227198
Epoch 01959/20000 | Train Loss 0.212831
Epoch 01960/20000 | Train Loss 0.218266
Epoch 01961/20000 | Train Loss 0.222345
Epoch 01962/20000 | Train Loss 0.197523
Epoch 01963/20000 | Train Loss 0.195148
Epoch 01964/20000 | Train Loss 0.200372
Epoch 01965/20000 | Train Loss 0.219233
Epoch 01966/20000 | Train Loss 0.228839
Epoch 01967/20000 | Train Loss 0.218589
Epoch 01968/20000 | Train Loss 0.225855
Epoch 01969/20000 | Train Loss 0.244954
Epoch 01970/20000 | Train Loss 0.214131
Epoch 01971/20000 | Train Loss 0.212523
Epoch 01972/20000 | Train Loss 0.225888
Epoch 01973/20000 | Train Loss 0.234075
Epoch 01974/20000 | Train Loss 0.186913
Epoch 01975/20000 | Train Loss 0.212254
Epoch 01976/20000 | Train Loss 0.201623
Epoch 01977/20000 | Train Loss 0.218837
Epoch 01978/20000 | Train Loss 0.248940
Epoch 01979/20000 | Train Loss 0.219931
Epoch 01980/20000 | Train Loss 0.214430
Epoch 01981/20000 | Train Loss 0.216536
Epoch 01982/20000 | Train Loss 0.224058
Epoch 01983/20000 | Train Loss 0.223042
Epoch 01984/20000 | Train Loss 0.245769
Epoch 01985/20000 | Train Loss 0.224630
Epoch 01986/20000 | Train Loss 0.212659
Epoch 01987/20000 | Train Loss 0.258038
Epoch 01988/20000 | Train Loss 0.220803
Epoch 01989/20000 | Train Loss 0.195773
Epoch 01990/20000 | Train Loss 0.207472
Epoch 01991/20000 | Train Loss 0.209893
Epoch 01992/20000 | Train Loss 0.213670
Epoch 01993/20000 | Train Loss 0.220276
Epoch 01994/20000 | Train Loss 0.221000
Epoch 01995/20000 | Train Loss 0.219546
Epoch 01996/20000 | Train Loss 0.246389
Epoch 01997/20000 | Train Loss 0.237407
Epoch 01998/20000 | Train Loss 0.220259
Epoch 01999/20000 | Train Loss 0.199417
Epoch 02000/20000 | Train Loss 0.221321
  --> Checkpoint saved at epoch 2000.
Epoch 02001/20000 | Train Loss 0.219873
Epoch 02002/20000 | Train Loss 0.222555
Epoch 02003/20000 | Train Loss 0.219463
Epoch 02004/20000 | Train Loss 0.214076
Epoch 02005/20000 | Train Loss 0.227476
Epoch 02006/20000 | Train Loss 0.250653
Epoch 02007/20000 | Train Loss 0.229082
Epoch 02008/20000 | Train Loss 0.279630
Epoch 02009/20000 | Train Loss 0.225696
Epoch 02010/20000 | Train Loss 0.212838
Epoch 02011/20000 | Train Loss 0.215384
Epoch 02012/20000 | Train Loss 0.210008
Epoch 02013/20000 | Train Loss 0.216669
Epoch 02014/20000 | Train Loss 0.229645
Epoch 02015/20000 | Train Loss 0.272642
Epoch 02016/20000 | Train Loss 0.203900
Epoch 02017/20000 | Train Loss 0.210227
Epoch 02018/20000 | Train Loss 0.254407
Epoch 02019/20000 | Train Loss 0.238113
Epoch 02020/20000 | Train Loss 0.193791
Epoch 02021/20000 | Train Loss 0.235709
Epoch 02022/20000 | Train Loss 0.246008
Epoch 02023/20000 | Train Loss 0.197666
Epoch 02024/20000 | Train Loss 0.203727
Epoch 02025/20000 | Train Loss 0.194086
Epoch 02026/20000 | Train Loss 0.216654
Epoch 02027/20000 | Train Loss 0.210823
Epoch 02028/20000 | Train Loss 0.233300
Epoch 02029/20000 | Train Loss 0.221796
Epoch 02030/20000 | Train Loss 0.213521
Epoch 02031/20000 | Train Loss 0.242068
Epoch 02032/20000 | Train Loss 0.207852
Epoch 02033/20000 | Train Loss 0.228412
Epoch 02034/20000 | Train Loss 0.208166
Epoch 02035/20000 | Train Loss 0.225619
Epoch 02036/20000 | Train Loss 0.251512
Epoch 02037/20000 | Train Loss 0.247604
Epoch 02038/20000 | Train Loss 0.219130
Epoch 02039/20000 | Train Loss 0.243656
Epoch 02040/20000 | Train Loss 0.200909
Epoch 02041/20000 | Train Loss 0.212478
Epoch 02042/20000 | Train Loss 0.188121
Epoch 02043/20000 | Train Loss 0.216142
Epoch 02044/20000 | Train Loss 0.219801
Epoch 02045/20000 | Train Loss 0.214348
Epoch 02046/20000 | Train Loss 0.205143
Epoch 02047/20000 | Train Loss 0.228433
Epoch 02048/20000 | Train Loss 0.210602
Epoch 02049/20000 | Train Loss 0.205916
Epoch 02050/20000 | Train Loss 0.203275
Epoch 02051/20000 | Train Loss 0.225064
Epoch 02052/20000 | Train Loss 0.215294
Epoch 02053/20000 | Train Loss 0.241931
Epoch 02054/20000 | Train Loss 0.206459
Epoch 02055/20000 | Train Loss 0.202165
Epoch 02056/20000 | Train Loss 0.214269
Epoch 02057/20000 | Train Loss 0.189192
Epoch 02058/20000 | Train Loss 0.223943
Epoch 02059/20000 | Train Loss 0.233079
Epoch 02060/20000 | Train Loss 0.241715
Epoch 02061/20000 | Train Loss 0.212591
Epoch 02062/20000 | Train Loss 0.211880
Epoch 02063/20000 | Train Loss 0.182380
Epoch 02064/20000 | Train Loss 0.212402
Epoch 02065/20000 | Train Loss 0.210191
Epoch 02066/20000 | Train Loss 0.222757
Epoch 02067/20000 | Train Loss 0.253429
Epoch 02068/20000 | Train Loss 0.234009
Epoch 02069/20000 | Train Loss 0.201309
Epoch 02070/20000 | Train Loss 0.230043
Epoch 02071/20000 | Train Loss 0.226606
Epoch 02072/20000 | Train Loss 0.223229
Epoch 02073/20000 | Train Loss 0.202443
Epoch 02074/20000 | Train Loss 0.225860
Epoch 02075/20000 | Train Loss 0.237790
Epoch 02076/20000 | Train Loss 0.244814
Epoch 02077/20000 | Train Loss 0.217387
Epoch 02078/20000 | Train Loss 0.243954
Epoch 02079/20000 | Train Loss 0.194392
Epoch 02080/20000 | Train Loss 0.179970
Epoch 02081/20000 | Train Loss 0.224937
Epoch 02082/20000 | Train Loss 0.214841
Epoch 02083/20000 | Train Loss 0.215589
Epoch 02084/20000 | Train Loss 0.214509
Epoch 02085/20000 | Train Loss 0.207283
Epoch 02086/20000 | Train Loss 0.231114
Epoch 02087/20000 | Train Loss 0.236863
Epoch 02088/20000 | Train Loss 0.237145
Epoch 02089/20000 | Train Loss 0.230709
Epoch 02090/20000 | Train Loss 0.210484
Epoch 02091/20000 | Train Loss 0.206921
Epoch 02092/20000 | Train Loss 0.260890
Epoch 02093/20000 | Train Loss 0.213638
Epoch 02094/20000 | Train Loss 0.206801
Epoch 02095/20000 | Train Loss 0.188508
Epoch 02096/20000 | Train Loss 0.207752
Epoch 02097/20000 | Train Loss 0.211359
Epoch 02098/20000 | Train Loss 0.197245
Epoch 02099/20000 | Train Loss 0.242820
Epoch 02100/20000 | Train Loss 0.217296
Epoch 02101/20000 | Train Loss 0.210451
Epoch 02102/20000 | Train Loss 0.225732
Epoch 02103/20000 | Train Loss 0.216200
Epoch 02104/20000 | Train Loss 0.243306
Epoch 02105/20000 | Train Loss 0.214078
Epoch 02106/20000 | Train Loss 0.243687
Epoch 02107/20000 | Train Loss 0.243077
Epoch 02108/20000 | Train Loss 0.264321
Epoch 02109/20000 | Train Loss 0.230536
Epoch 02110/20000 | Train Loss 0.261159
Epoch 02111/20000 | Train Loss 0.196531
Epoch 02112/20000 | Train Loss 0.198349
Epoch 02113/20000 | Train Loss 0.227941
Epoch 02114/20000 | Train Loss 0.206456
Epoch 02115/20000 | Train Loss 0.210191
Epoch 02116/20000 | Train Loss 0.230027
Epoch 02117/20000 | Train Loss 0.218449
Epoch 02118/20000 | Train Loss 0.205594
Epoch 02119/20000 | Train Loss 0.185474
Epoch 02120/20000 | Train Loss 0.224150
Epoch 02121/20000 | Train Loss 0.209277
Epoch 02122/20000 | Train Loss 0.242326
Epoch 02123/20000 | Train Loss 0.233127
Epoch 02124/20000 | Train Loss 0.217219
Epoch 02125/20000 | Train Loss 0.239269
Epoch 02126/20000 | Train Loss 0.210280
Epoch 02127/20000 | Train Loss 0.254456
Epoch 02128/20000 | Train Loss 0.207876
Epoch 02129/20000 | Train Loss 0.209520
Epoch 02130/20000 | Train Loss 0.241342
Epoch 02131/20000 | Train Loss 0.216263
Epoch 02132/20000 | Train Loss 0.192493
Epoch 02133/20000 | Train Loss 0.261475
Epoch 02134/20000 | Train Loss 0.231598
Epoch 02135/20000 | Train Loss 0.209448
Epoch 02136/20000 | Train Loss 0.226368
Epoch 02137/20000 | Train Loss 0.206377
Epoch 02138/20000 | Train Loss 0.193261
Epoch 02139/20000 | Train Loss 0.232590
Epoch 02140/20000 | Train Loss 0.230506
Epoch 02141/20000 | Train Loss 0.203837
Epoch 02142/20000 | Train Loss 0.233315
Epoch 02143/20000 | Train Loss 0.207427
Epoch 02144/20000 | Train Loss 0.228664
Epoch 02145/20000 | Train Loss 0.214723
Epoch 02146/20000 | Train Loss 0.200880
Epoch 02147/20000 | Train Loss 0.210847
Epoch 02148/20000 | Train Loss 0.210291
Epoch 02149/20000 | Train Loss 0.195566
Epoch 02150/20000 | Train Loss 0.218613
Epoch 02151/20000 | Train Loss 0.219664
Epoch 02152/20000 | Train Loss 0.233451
Epoch 02153/20000 | Train Loss 0.224284
Epoch 02154/20000 | Train Loss 0.248716
Epoch 02155/20000 | Train Loss 0.235000
Epoch 02156/20000 | Train Loss 0.217372
Epoch 02157/20000 | Train Loss 0.230408
Epoch 02158/20000 | Train Loss 0.241077
Epoch 02159/20000 | Train Loss 0.217566
Epoch 02160/20000 | Train Loss 0.228164
Epoch 02161/20000 | Train Loss 0.244057
Epoch 02162/20000 | Train Loss 0.218180
Epoch 02163/20000 | Train Loss 0.235555
Epoch 02164/20000 | Train Loss 0.209401
Epoch 02165/20000 | Train Loss 0.216624
Epoch 02166/20000 | Train Loss 0.210232
Epoch 02167/20000 | Train Loss 0.237770
Epoch 02168/20000 | Train Loss 0.217963
Epoch 02169/20000 | Train Loss 0.243655
Epoch 02170/20000 | Train Loss 0.210858
Epoch 02171/20000 | Train Loss 0.225760
Epoch 02172/20000 | Train Loss 0.206046
Epoch 02173/20000 | Train Loss 0.197884
Epoch 02174/20000 | Train Loss 0.218791
Epoch 02175/20000 | Train Loss 0.226942
Epoch 02176/20000 | Train Loss 0.198866
Epoch 02177/20000 | Train Loss 0.233440
Epoch 02178/20000 | Train Loss 0.258755
Epoch 02179/20000 | Train Loss 0.205092
Epoch 02180/20000 | Train Loss 0.193592
Epoch 02181/20000 | Train Loss 0.226693
Epoch 02182/20000 | Train Loss 0.227435
Epoch 02183/20000 | Train Loss 0.201528
Epoch 02184/20000 | Train Loss 0.271665
Epoch 02185/20000 | Train Loss 0.252542
Epoch 02186/20000 | Train Loss 0.227391
Epoch 02187/20000 | Train Loss 0.247127
Epoch 02188/20000 | Train Loss 0.205953
Epoch 02189/20000 | Train Loss 0.223178
Epoch 02190/20000 | Train Loss 0.214761
Epoch 02191/20000 | Train Loss 0.194306
Epoch 02192/20000 | Train Loss 0.217568
Epoch 02193/20000 | Train Loss 0.208257
Epoch 02194/20000 | Train Loss 0.207892
Epoch 02195/20000 | Train Loss 0.240112
Epoch 02196/20000 | Train Loss 0.183051
Epoch 02197/20000 | Train Loss 0.230592
Epoch 02198/20000 | Train Loss 0.214118
Epoch 02199/20000 | Train Loss 0.201706
Epoch 02200/20000 | Train Loss 0.253001
Epoch 02201/20000 | Train Loss 0.206378
Epoch 02202/20000 | Train Loss 0.212400
Epoch 02203/20000 | Train Loss 0.214364
Epoch 02204/20000 | Train Loss 0.208442
Epoch 02205/20000 | Train Loss 0.214660
Epoch 02206/20000 | Train Loss 0.220850
Epoch 02207/20000 | Train Loss 0.155336
Epoch 02208/20000 | Train Loss 0.200580
Epoch 02209/20000 | Train Loss 0.202065
Epoch 02210/20000 | Train Loss 0.201018
Epoch 02211/20000 | Train Loss 0.209523
Epoch 02212/20000 | Train Loss 0.206536
Epoch 02213/20000 | Train Loss 0.222728
Epoch 02214/20000 | Train Loss 0.247038
Epoch 02215/20000 | Train Loss 0.223590
Epoch 02216/20000 | Train Loss 0.205827
Epoch 02217/20000 | Train Loss 0.229552
Epoch 02218/20000 | Train Loss 0.219905
Epoch 02219/20000 | Train Loss 0.217976
Epoch 02220/20000 | Train Loss 0.223523
Epoch 02221/20000 | Train Loss 0.237841
Epoch 02222/20000 | Train Loss 0.204837
Epoch 02223/20000 | Train Loss 0.236182
Epoch 02224/20000 | Train Loss 0.210087
Epoch 02225/20000 | Train Loss 0.233102
Epoch 02226/20000 | Train Loss 0.228464
Epoch 02227/20000 | Train Loss 0.204723
Epoch 02228/20000 | Train Loss 0.232900
Epoch 02229/20000 | Train Loss 0.196891
Epoch 02230/20000 | Train Loss 0.216208
Epoch 02231/20000 | Train Loss 0.222121
Epoch 02232/20000 | Train Loss 0.218566
Epoch 02233/20000 | Train Loss 0.194128
Epoch 02234/20000 | Train Loss 0.216141
Epoch 02235/20000 | Train Loss 0.189620
Epoch 02236/20000 | Train Loss 0.216346
Epoch 02237/20000 | Train Loss 0.206088
Epoch 02238/20000 | Train Loss 0.216098
Epoch 02239/20000 | Train Loss 0.225968
Epoch 02240/20000 | Train Loss 0.214019
Epoch 02241/20000 | Train Loss 0.215014
Epoch 02242/20000 | Train Loss 0.238022
Epoch 02243/20000 | Train Loss 0.228366
Epoch 02244/20000 | Train Loss 0.212602
Epoch 02245/20000 | Train Loss 0.231541
Epoch 02246/20000 | Train Loss 0.214032
Epoch 02247/20000 | Train Loss 0.250258
Epoch 02248/20000 | Train Loss 0.206150
Epoch 02249/20000 | Train Loss 0.215543
Epoch 02250/20000 | Train Loss 0.189448
Epoch 02251/20000 | Train Loss 0.211186
Epoch 02252/20000 | Train Loss 0.207677
Epoch 02253/20000 | Train Loss 0.218590
Epoch 02254/20000 | Train Loss 0.210681
Epoch 02255/20000 | Train Loss 0.196313
Epoch 02256/20000 | Train Loss 0.238175
Epoch 02257/20000 | Train Loss 0.237284
Epoch 02258/20000 | Train Loss 0.229768
Epoch 02259/20000 | Train Loss 0.211752
Epoch 02260/20000 | Train Loss 0.195665
Epoch 02261/20000 | Train Loss 0.232661
Epoch 02262/20000 | Train Loss 0.213953
Epoch 02263/20000 | Train Loss 0.210358
Epoch 02264/20000 | Train Loss 0.211859
Epoch 02265/20000 | Train Loss 0.197320
Epoch 02266/20000 | Train Loss 0.195179
Epoch 02267/20000 | Train Loss 0.224956
Epoch 02268/20000 | Train Loss 0.250529
Epoch 02269/20000 | Train Loss 0.221768
Epoch 02270/20000 | Train Loss 0.217589
Epoch 02271/20000 | Train Loss 0.207898
Epoch 02272/20000 | Train Loss 0.195620
Epoch 02273/20000 | Train Loss 0.212077
Epoch 02274/20000 | Train Loss 0.208172
Epoch 02275/20000 | Train Loss 0.224658
Epoch 02276/20000 | Train Loss 0.222461
Epoch 02277/20000 | Train Loss 0.193262
Epoch 02278/20000 | Train Loss 0.204253
Epoch 02279/20000 | Train Loss 0.195925
Epoch 02280/20000 | Train Loss 0.215549
Epoch 02281/20000 | Train Loss 0.227287
Epoch 02282/20000 | Train Loss 0.195575
Epoch 02283/20000 | Train Loss 0.217442
Epoch 02284/20000 | Train Loss 0.199016
Epoch 02285/20000 | Train Loss 0.208733
Epoch 02286/20000 | Train Loss 0.226101
Epoch 02287/20000 | Train Loss 0.212950
Epoch 02288/20000 | Train Loss 0.201249
Epoch 02289/20000 | Train Loss 0.207917
Epoch 02290/20000 | Train Loss 0.218569
Epoch 02291/20000 | Train Loss 0.191560
Epoch 02292/20000 | Train Loss 0.229675
Epoch 02293/20000 | Train Loss 0.208993
Epoch 02294/20000 | Train Loss 0.243207
Epoch 02295/20000 | Train Loss 0.237803
Epoch 02296/20000 | Train Loss 0.214008
Epoch 02297/20000 | Train Loss 0.199118
Epoch 02298/20000 | Train Loss 0.188593
Epoch 02299/20000 | Train Loss 0.199832
Epoch 02300/20000 | Train Loss 0.227346
Epoch 02301/20000 | Train Loss 0.185733
Epoch 02302/20000 | Train Loss 0.210159
Epoch 02303/20000 | Train Loss 0.227116
Epoch 02304/20000 | Train Loss 0.231466
Epoch 02305/20000 | Train Loss 0.233135
Epoch 02306/20000 | Train Loss 0.220863
Epoch 02307/20000 | Train Loss 0.212307
Epoch 02308/20000 | Train Loss 0.223303
Epoch 02309/20000 | Train Loss 0.200917
Epoch 02310/20000 | Train Loss 0.204866
Epoch 02311/20000 | Train Loss 0.197281
Epoch 02312/20000 | Train Loss 0.214172
Epoch 02313/20000 | Train Loss 0.214626
Epoch 02314/20000 | Train Loss 0.213582
Epoch 02315/20000 | Train Loss 0.206059
Epoch 02316/20000 | Train Loss 0.200176
Epoch 02317/20000 | Train Loss 0.222053
Epoch 02318/20000 | Train Loss 0.247023
Epoch 02319/20000 | Train Loss 0.221441
Epoch 02320/20000 | Train Loss 0.216870
Epoch 02321/20000 | Train Loss 0.212137
Epoch 02322/20000 | Train Loss 0.228612
Epoch 02323/20000 | Train Loss 0.237598
Epoch 02324/20000 | Train Loss 0.231601
Epoch 02325/20000 | Train Loss 0.231115
Epoch 02326/20000 | Train Loss 0.207112
Epoch 02327/20000 | Train Loss 0.208284
Epoch 02328/20000 | Train Loss 0.210363
Epoch 02329/20000 | Train Loss 0.238982
Epoch 02330/20000 | Train Loss 0.253246
Epoch 02331/20000 | Train Loss 0.233017
Epoch 02332/20000 | Train Loss 0.225529
Epoch 02333/20000 | Train Loss 0.222320
Epoch 02334/20000 | Train Loss 0.213076
Epoch 02335/20000 | Train Loss 0.199984
Epoch 02336/20000 | Train Loss 0.225845
Epoch 02337/20000 | Train Loss 0.213127
Epoch 02338/20000 | Train Loss 0.208629
Epoch 02339/20000 | Train Loss 0.229926
Epoch 02340/20000 | Train Loss 0.221052
Epoch 02341/20000 | Train Loss 0.216539
Epoch 02342/20000 | Train Loss 0.241082
Epoch 02343/20000 | Train Loss 0.207552
Epoch 02344/20000 | Train Loss 0.222497
Epoch 02345/20000 | Train Loss 0.225533
Epoch 02346/20000 | Train Loss 0.214697
Epoch 02347/20000 | Train Loss 0.220995
Epoch 02348/20000 | Train Loss 0.205708
Epoch 02349/20000 | Train Loss 0.251065
Epoch 02350/20000 | Train Loss 0.246760
Epoch 02351/20000 | Train Loss 0.207608
Epoch 02352/20000 | Train Loss 0.225792
Epoch 02353/20000 | Train Loss 0.228710
Epoch 02354/20000 | Train Loss 0.208597
Epoch 02355/20000 | Train Loss 0.223707
Epoch 02356/20000 | Train Loss 0.183328
Epoch 02357/20000 | Train Loss 0.203643
Epoch 02358/20000 | Train Loss 0.227376
Epoch 02359/20000 | Train Loss 0.208329
Epoch 02360/20000 | Train Loss 0.220227
Epoch 02361/20000 | Train Loss 0.231712
Epoch 02362/20000 | Train Loss 0.232475
Epoch 02363/20000 | Train Loss 0.229996
Epoch 02364/20000 | Train Loss 0.222420
Epoch 02365/20000 | Train Loss 0.215892
Epoch 02366/20000 | Train Loss 0.216729
Epoch 02367/20000 | Train Loss 0.205171
Epoch 02368/20000 | Train Loss 0.223860
Epoch 02369/20000 | Train Loss 0.232064
Epoch 02370/20000 | Train Loss 0.241433
Epoch 02371/20000 | Train Loss 0.241851
Epoch 02372/20000 | Train Loss 0.222865
Epoch 02373/20000 | Train Loss 0.251299
Epoch 02374/20000 | Train Loss 0.227357
Epoch 02375/20000 | Train Loss 0.247819
Epoch 02376/20000 | Train Loss 0.205949
Epoch 02377/20000 | Train Loss 0.219149
Epoch 02378/20000 | Train Loss 0.220541
Epoch 02379/20000 | Train Loss 0.227763
Epoch 02380/20000 | Train Loss 0.225107
Epoch 02381/20000 | Train Loss 0.227143
Epoch 02382/20000 | Train Loss 0.211186
Epoch 02383/20000 | Train Loss 0.220963
Epoch 02384/20000 | Train Loss 0.217897
Epoch 02385/20000 | Train Loss 0.198473
Epoch 02386/20000 | Train Loss 0.220959
Epoch 02387/20000 | Train Loss 0.216100
Epoch 02388/20000 | Train Loss 0.216451
Epoch 02389/20000 | Train Loss 0.215110
Epoch 02390/20000 | Train Loss 0.201492
Epoch 02391/20000 | Train Loss 0.205599
Epoch 02392/20000 | Train Loss 0.211259
Epoch 02393/20000 | Train Loss 0.255377
Epoch 02394/20000 | Train Loss 0.225829
Epoch 02395/20000 | Train Loss 0.249318
Epoch 02396/20000 | Train Loss 0.210654
Epoch 02397/20000 | Train Loss 0.218143
Epoch 02398/20000 | Train Loss 0.241384
Epoch 02399/20000 | Train Loss 0.199813
Epoch 02400/20000 | Train Loss 0.228840
Epoch 02401/20000 | Train Loss 0.206778
Epoch 02402/20000 | Train Loss 0.232111
Epoch 02403/20000 | Train Loss 0.208528
Epoch 02404/20000 | Train Loss 0.208587
Epoch 02405/20000 | Train Loss 0.227908
Epoch 02406/20000 | Train Loss 0.224189
Epoch 02407/20000 | Train Loss 0.217610
Epoch 02408/20000 | Train Loss 0.219528
Epoch 02409/20000 | Train Loss 0.218192
Epoch 02410/20000 | Train Loss 0.211656
Epoch 02411/20000 | Train Loss 0.225352
Epoch 02412/20000 | Train Loss 0.228012
Epoch 02413/20000 | Train Loss 0.210063
Epoch 02414/20000 | Train Loss 0.195080
Epoch 02415/20000 | Train Loss 0.219237
Epoch 02416/20000 | Train Loss 0.225158
Epoch 02417/20000 | Train Loss 0.234836
Epoch 02418/20000 | Train Loss 0.213653
Epoch 02419/20000 | Train Loss 0.206100
Epoch 02420/20000 | Train Loss 0.204040
Epoch 02421/20000 | Train Loss 0.211355
Epoch 02422/20000 | Train Loss 0.186156
Epoch 02423/20000 | Train Loss 0.193990
Epoch 02424/20000 | Train Loss 0.205566
Epoch 02425/20000 | Train Loss 0.204541
Epoch 02426/20000 | Train Loss 0.233998
Epoch 02427/20000 | Train Loss 0.201501
Epoch 02428/20000 | Train Loss 0.217096
Epoch 02429/20000 | Train Loss 0.198422
Epoch 02430/20000 | Train Loss 0.208686
Epoch 02431/20000 | Train Loss 0.237985
Epoch 02432/20000 | Train Loss 0.223056
Epoch 02433/20000 | Train Loss 0.223251
Epoch 02434/20000 | Train Loss 0.212619
Epoch 02435/20000 | Train Loss 0.215826
Epoch 02436/20000 | Train Loss 0.239707
Epoch 02437/20000 | Train Loss 0.217542
Epoch 02438/20000 | Train Loss 0.250555
Epoch 02439/20000 | Train Loss 0.219892
Epoch 02440/20000 | Train Loss 0.229379
Epoch 02441/20000 | Train Loss 0.197247
Epoch 02442/20000 | Train Loss 0.216342
Epoch 02443/20000 | Train Loss 0.218818
Epoch 02444/20000 | Train Loss 0.212758
Epoch 02445/20000 | Train Loss 0.200946
Epoch 02446/20000 | Train Loss 0.206899
Epoch 02447/20000 | Train Loss 0.224926
Epoch 02448/20000 | Train Loss 0.219075
Epoch 02449/20000 | Train Loss 0.213757
Epoch 02450/20000 | Train Loss 0.212142
Epoch 02451/20000 | Train Loss 0.185199
Epoch 02452/20000 | Train Loss 0.253687
Epoch 02453/20000 | Train Loss 0.224497
Epoch 02454/20000 | Train Loss 0.204286
Epoch 02455/20000 | Train Loss 0.199122
Epoch 02456/20000 | Train Loss 0.233856
Epoch 02457/20000 | Train Loss 0.235384
Epoch 02458/20000 | Train Loss 0.202785
Epoch 02459/20000 | Train Loss 0.220101
Epoch 02460/20000 | Train Loss 0.224197
Epoch 02461/20000 | Train Loss 0.232089
Epoch 02462/20000 | Train Loss 0.209183
Epoch 02463/20000 | Train Loss 0.205350
Epoch 02464/20000 | Train Loss 0.193994
Epoch 02465/20000 | Train Loss 0.215029
Epoch 02466/20000 | Train Loss 0.221393
Epoch 02467/20000 | Train Loss 0.232636
Epoch 02468/20000 | Train Loss 0.198639
Epoch 02469/20000 | Train Loss 0.208507
Epoch 02470/20000 | Train Loss 0.218478
Epoch 02471/20000 | Train Loss 0.213041
Epoch 02472/20000 | Train Loss 0.223146
Epoch 02473/20000 | Train Loss 0.246858
Epoch 02474/20000 | Train Loss 0.231285
Epoch 02475/20000 | Train Loss 0.214788
Epoch 02476/20000 | Train Loss 0.189159
Epoch 02477/20000 | Train Loss 0.207262
Epoch 02478/20000 | Train Loss 0.225947
Epoch 02479/20000 | Train Loss 0.217676
Epoch 02480/20000 | Train Loss 0.205405
Epoch 02481/20000 | Train Loss 0.223050
Epoch 02482/20000 | Train Loss 0.206416
Epoch 02483/20000 | Train Loss 0.187937
Epoch 02484/20000 | Train Loss 0.211469
Epoch 02485/20000 | Train Loss 0.206087
Epoch 02486/20000 | Train Loss 0.182374
Epoch 02487/20000 | Train Loss 0.214080
Epoch 02488/20000 | Train Loss 0.200997
Epoch 02489/20000 | Train Loss 0.219881
Epoch 02490/20000 | Train Loss 0.222576
Epoch 02491/20000 | Train Loss 0.225522
Epoch 02492/20000 | Train Loss 0.244145
Epoch 02493/20000 | Train Loss 0.213429
Epoch 02494/20000 | Train Loss 0.220717
Epoch 02495/20000 | Train Loss 0.218360
Epoch 02496/20000 | Train Loss 0.194864
Epoch 02497/20000 | Train Loss 0.203226
Epoch 02498/20000 | Train Loss 0.203370
Epoch 02499/20000 | Train Loss 0.209682
Epoch 02500/20000 | Train Loss 0.243732
  --> Checkpoint saved at epoch 2500.
Epoch 02501/20000 | Train Loss 0.225093
Epoch 02502/20000 | Train Loss 0.222998
Epoch 02503/20000 | Train Loss 0.222739
Epoch 02504/20000 | Train Loss 0.228994
Epoch 02505/20000 | Train Loss 0.230975
Epoch 02506/20000 | Train Loss 0.220368
Epoch 02507/20000 | Train Loss 0.197300
Epoch 02508/20000 | Train Loss 0.213950
Epoch 02509/20000 | Train Loss 0.217491
Epoch 02510/20000 | Train Loss 0.172089
Epoch 02511/20000 | Train Loss 0.245479
Epoch 02512/20000 | Train Loss 0.192643
Epoch 02513/20000 | Train Loss 0.209962
Epoch 02514/20000 | Train Loss 0.211180
Epoch 02515/20000 | Train Loss 0.218561
Epoch 02516/20000 | Train Loss 0.220303
Epoch 02517/20000 | Train Loss 0.188507
Epoch 02518/20000 | Train Loss 0.221799
Epoch 02519/20000 | Train Loss 0.196196
Epoch 02520/20000 | Train Loss 0.223494
Epoch 02521/20000 | Train Loss 0.221526
Epoch 02522/20000 | Train Loss 0.247883
Epoch 02523/20000 | Train Loss 0.239411
Epoch 02524/20000 | Train Loss 0.213328
Epoch 02525/20000 | Train Loss 0.196850
Epoch 02526/20000 | Train Loss 0.213990
Epoch 02527/20000 | Train Loss 0.228430
Epoch 02528/20000 | Train Loss 0.193174
Epoch 02529/20000 | Train Loss 0.217458
Epoch 02530/20000 | Train Loss 0.204340
Epoch 02531/20000 | Train Loss 0.240928
Epoch 02532/20000 | Train Loss 0.221945
Epoch 02533/20000 | Train Loss 0.227481
Epoch 02534/20000 | Train Loss 0.202153
Epoch 02535/20000 | Train Loss 0.191390
Epoch 02536/20000 | Train Loss 0.215550
Epoch 02537/20000 | Train Loss 0.196738
Epoch 02538/20000 | Train Loss 0.246283
Epoch 02539/20000 | Train Loss 0.221087
Epoch 02540/20000 | Train Loss 0.230371
Epoch 02541/20000 | Train Loss 0.234607
Epoch 02542/20000 | Train Loss 0.217176
Epoch 02543/20000 | Train Loss 0.230577
Epoch 02544/20000 | Train Loss 0.212293
Epoch 02545/20000 | Train Loss 0.201950
Epoch 02546/20000 | Train Loss 0.234959
Epoch 02547/20000 | Train Loss 0.225537
Epoch 02548/20000 | Train Loss 0.217256
Epoch 02549/20000 | Train Loss 0.195926
Epoch 02550/20000 | Train Loss 0.234795
Epoch 02551/20000 | Train Loss 0.193126
Epoch 02552/20000 | Train Loss 0.240646
Epoch 02553/20000 | Train Loss 0.209457
Epoch 02554/20000 | Train Loss 0.188115
Epoch 02555/20000 | Train Loss 0.199119
Epoch 02556/20000 | Train Loss 0.184311
Epoch 02557/20000 | Train Loss 0.212003
Epoch 02558/20000 | Train Loss 0.220525
Epoch 02559/20000 | Train Loss 0.201312
Epoch 02560/20000 | Train Loss 0.210400
Epoch 02561/20000 | Train Loss 0.197511
Epoch 02562/20000 | Train Loss 0.212529
Epoch 02563/20000 | Train Loss 0.204629
Epoch 02564/20000 | Train Loss 0.223683
Epoch 02565/20000 | Train Loss 0.222259
Epoch 02566/20000 | Train Loss 0.243536
Epoch 02567/20000 | Train Loss 0.208938
Epoch 02568/20000 | Train Loss 0.220068
Epoch 02569/20000 | Train Loss 0.193434
Epoch 02570/20000 | Train Loss 0.195703
Epoch 02571/20000 | Train Loss 0.226633
Epoch 02572/20000 | Train Loss 0.206136
Epoch 02573/20000 | Train Loss 0.195197
Epoch 02574/20000 | Train Loss 0.206295
Epoch 02575/20000 | Train Loss 0.200574
Epoch 02576/20000 | Train Loss 0.186325
Epoch 02577/20000 | Train Loss 0.225246
Epoch 02578/20000 | Train Loss 0.210013
Epoch 02579/20000 | Train Loss 0.227882
Epoch 02580/20000 | Train Loss 0.199325
Epoch 02581/20000 | Train Loss 0.218547
Epoch 02582/20000 | Train Loss 0.189855
Epoch 02583/20000 | Train Loss 0.202490
Epoch 02584/20000 | Train Loss 0.206362
Epoch 02585/20000 | Train Loss 0.232326
Epoch 02586/20000 | Train Loss 0.217983
Epoch 02587/20000 | Train Loss 0.213276
Epoch 02588/20000 | Train Loss 0.201252
Epoch 02589/20000 | Train Loss 0.240555
Epoch 02590/20000 | Train Loss 0.214532
Epoch 02591/20000 | Train Loss 0.212516
Epoch 02592/20000 | Train Loss 0.202140
Epoch 02593/20000 | Train Loss 0.212411
Epoch 02594/20000 | Train Loss 0.219672
Epoch 02595/20000 | Train Loss 0.234463
Epoch 02596/20000 | Train Loss 0.231352
Epoch 02597/20000 | Train Loss 0.239300
Epoch 02598/20000 | Train Loss 0.210935
Epoch 02599/20000 | Train Loss 0.244874
Epoch 02600/20000 | Train Loss 0.228041
Epoch 02601/20000 | Train Loss 0.181270
Epoch 02602/20000 | Train Loss 0.218872
Epoch 02603/20000 | Train Loss 0.200017
Epoch 02604/20000 | Train Loss 0.203496
Epoch 02605/20000 | Train Loss 0.204600
Epoch 02606/20000 | Train Loss 0.211445
Epoch 02607/20000 | Train Loss 0.200605
Epoch 02608/20000 | Train Loss 0.228129
Epoch 02609/20000 | Train Loss 0.237268
Epoch 02610/20000 | Train Loss 0.213442
Epoch 02611/20000 | Train Loss 0.206807
Epoch 02612/20000 | Train Loss 0.230697
Epoch 02613/20000 | Train Loss 0.209956
Epoch 02614/20000 | Train Loss 0.195353
Epoch 02615/20000 | Train Loss 0.218303
Epoch 02616/20000 | Train Loss 0.257317
Epoch 02617/20000 | Train Loss 0.211257
Epoch 02618/20000 | Train Loss 0.214892
Epoch 02619/20000 | Train Loss 0.194495
Epoch 02620/20000 | Train Loss 0.197508
Epoch 02621/20000 | Train Loss 0.197525
Epoch 02622/20000 | Train Loss 0.247627
Epoch 02623/20000 | Train Loss 0.213171
Epoch 02624/20000 | Train Loss 0.205385
Epoch 02625/20000 | Train Loss 0.216289
Epoch 02626/20000 | Train Loss 0.216231
Epoch 02627/20000 | Train Loss 0.202992
Epoch 02628/20000 | Train Loss 0.217471
Epoch 02629/20000 | Train Loss 0.222017
Epoch 02630/20000 | Train Loss 0.208272
Epoch 02631/20000 | Train Loss 0.228387
Epoch 02632/20000 | Train Loss 0.202371
Epoch 02633/20000 | Train Loss 0.207892
Epoch 02634/20000 | Train Loss 0.205530
Epoch 02635/20000 | Train Loss 0.227118
Epoch 02636/20000 | Train Loss 0.214621
Epoch 02637/20000 | Train Loss 0.245999
Epoch 02638/20000 | Train Loss 0.261260
Epoch 02639/20000 | Train Loss 0.196779
Epoch 02640/20000 | Train Loss 0.226680
Epoch 02641/20000 | Train Loss 0.218745
Epoch 02642/20000 | Train Loss 0.218731
Epoch 02643/20000 | Train Loss 0.207513
Epoch 02644/20000 | Train Loss 0.226549
Epoch 02645/20000 | Train Loss 0.226344
Epoch 02646/20000 | Train Loss 0.210605
Epoch 02647/20000 | Train Loss 0.223502
Epoch 02648/20000 | Train Loss 0.220220
Epoch 02649/20000 | Train Loss 0.222687
Epoch 02650/20000 | Train Loss 0.224449
Epoch 02651/20000 | Train Loss 0.216740
Epoch 02652/20000 | Train Loss 0.206505
Epoch 02653/20000 | Train Loss 0.185341
Epoch 02654/20000 | Train Loss 0.200162
Epoch 02655/20000 | Train Loss 0.191781
Epoch 02656/20000 | Train Loss 0.209957
Epoch 02657/20000 | Train Loss 0.194027
Epoch 02658/20000 | Train Loss 0.229089
Epoch 02659/20000 | Train Loss 0.228219
Epoch 02660/20000 | Train Loss 0.197714
Epoch 02661/20000 | Train Loss 0.236788
Epoch 02662/20000 | Train Loss 0.202712
Epoch 02663/20000 | Train Loss 0.190535
Epoch 02664/20000 | Train Loss 0.227749
Epoch 02665/20000 | Train Loss 0.240706
Epoch 02666/20000 | Train Loss 0.205208
Epoch 02667/20000 | Train Loss 0.230767
Epoch 02668/20000 | Train Loss 0.239638
Epoch 02669/20000 | Train Loss 0.219019
Epoch 02670/20000 | Train Loss 0.206499
Epoch 02671/20000 | Train Loss 0.209376
Epoch 02672/20000 | Train Loss 0.199941
Epoch 02673/20000 | Train Loss 0.233460
Epoch 02674/20000 | Train Loss 0.213126
Epoch 02675/20000 | Train Loss 0.222216
Epoch 02676/20000 | Train Loss 0.228315
Epoch 02677/20000 | Train Loss 0.178146
Epoch 02678/20000 | Train Loss 0.237248
Epoch 02679/20000 | Train Loss 0.235213
Epoch 02680/20000 | Train Loss 0.204234
Epoch 02681/20000 | Train Loss 0.217714
Epoch 02682/20000 | Train Loss 0.224729
Epoch 02683/20000 | Train Loss 0.197572
Epoch 02684/20000 | Train Loss 0.251155
Epoch 02685/20000 | Train Loss 0.228258
Epoch 02686/20000 | Train Loss 0.224608
Epoch 02687/20000 | Train Loss 0.198758
Epoch 02688/20000 | Train Loss 0.204737
Epoch 02689/20000 | Train Loss 0.195112
Epoch 02690/20000 | Train Loss 0.204035
Epoch 02691/20000 | Train Loss 0.189216
Epoch 02692/20000 | Train Loss 0.201620
Epoch 02693/20000 | Train Loss 0.212153
Epoch 02694/20000 | Train Loss 0.209468
Epoch 02695/20000 | Train Loss 0.201216
Epoch 02696/20000 | Train Loss 0.208177
Epoch 02697/20000 | Train Loss 0.190220
Epoch 02698/20000 | Train Loss 0.188149
Epoch 02699/20000 | Train Loss 0.210002
Epoch 02700/20000 | Train Loss 0.214574
Epoch 02701/20000 | Train Loss 0.209992
Epoch 02702/20000 | Train Loss 0.220812
Epoch 02703/20000 | Train Loss 0.186123
Epoch 02704/20000 | Train Loss 0.248354
Epoch 02705/20000 | Train Loss 0.203067
Epoch 02706/20000 | Train Loss 0.219564
Epoch 02707/20000 | Train Loss 0.214222
Epoch 02708/20000 | Train Loss 0.213619
Epoch 02709/20000 | Train Loss 0.232502
Epoch 02710/20000 | Train Loss 0.211770
Epoch 02711/20000 | Train Loss 0.217888
Epoch 02712/20000 | Train Loss 0.207922
Epoch 02713/20000 | Train Loss 0.210289
Epoch 02714/20000 | Train Loss 0.189249
Epoch 02715/20000 | Train Loss 0.197553
Epoch 02716/20000 | Train Loss 0.215990
Epoch 02717/20000 | Train Loss 0.218735
Epoch 02718/20000 | Train Loss 0.204421
Epoch 02719/20000 | Train Loss 0.231292
Epoch 02720/20000 | Train Loss 0.213068
Epoch 02721/20000 | Train Loss 0.199962
Epoch 02722/20000 | Train Loss 0.219256
Epoch 02723/20000 | Train Loss 0.204690
Epoch 02724/20000 | Train Loss 0.205076
Epoch 02725/20000 | Train Loss 0.229702
Epoch 02726/20000 | Train Loss 0.224332
Epoch 02727/20000 | Train Loss 0.197415
Epoch 02728/20000 | Train Loss 0.218815
Epoch 02729/20000 | Train Loss 0.204566
Epoch 02730/20000 | Train Loss 0.195328
Epoch 02731/20000 | Train Loss 0.238604
Epoch 02732/20000 | Train Loss 0.202680
Epoch 02733/20000 | Train Loss 0.210499
Epoch 02734/20000 | Train Loss 0.218406
Epoch 02735/20000 | Train Loss 0.197234
Epoch 02736/20000 | Train Loss 0.227136
Epoch 02737/20000 | Train Loss 0.201654
Epoch 02738/20000 | Train Loss 0.196612
Epoch 02739/20000 | Train Loss 0.218349
Epoch 02740/20000 | Train Loss 0.202490
Epoch 02741/20000 | Train Loss 0.193232
Epoch 02742/20000 | Train Loss 0.206860
Epoch 02743/20000 | Train Loss 0.212964
Epoch 02744/20000 | Train Loss 0.195183
Epoch 02745/20000 | Train Loss 0.205271
Epoch 02746/20000 | Train Loss 0.208200
Epoch 02747/20000 | Train Loss 0.207980
Epoch 02748/20000 | Train Loss 0.183825
Epoch 02749/20000 | Train Loss 0.237033
Epoch 02750/20000 | Train Loss 0.206309
Epoch 02751/20000 | Train Loss 0.221760
Epoch 02752/20000 | Train Loss 0.175185
Epoch 02753/20000 | Train Loss 0.209658
Epoch 02754/20000 | Train Loss 0.214515
Epoch 02755/20000 | Train Loss 0.252162
Epoch 02756/20000 | Train Loss 0.227892
Epoch 02757/20000 | Train Loss 0.187653
Epoch 02758/20000 | Train Loss 0.198978
Epoch 02759/20000 | Train Loss 0.223833
Epoch 02760/20000 | Train Loss 0.220696
Epoch 02761/20000 | Train Loss 0.200142
Epoch 02762/20000 | Train Loss 0.241886
Epoch 02763/20000 | Train Loss 0.189051
Epoch 02764/20000 | Train Loss 0.215662
Epoch 02765/20000 | Train Loss 0.230818
Epoch 02766/20000 | Train Loss 0.191385
Epoch 02767/20000 | Train Loss 0.225277
Epoch 02768/20000 | Train Loss 0.211248
Epoch 02769/20000 | Train Loss 0.206413
Epoch 02770/20000 | Train Loss 0.219562
Epoch 02771/20000 | Train Loss 0.215831
Epoch 02772/20000 | Train Loss 0.224665
Epoch 02773/20000 | Train Loss 0.218040
Epoch 02774/20000 | Train Loss 0.189971
Epoch 02775/20000 | Train Loss 0.258241
Epoch 02776/20000 | Train Loss 0.217253
Epoch 02777/20000 | Train Loss 0.217216
Epoch 02778/20000 | Train Loss 0.217528
Epoch 02779/20000 | Train Loss 0.205858
Epoch 02780/20000 | Train Loss 0.188015
Epoch 02781/20000 | Train Loss 0.223897
Epoch 02782/20000 | Train Loss 0.194087
Epoch 02783/20000 | Train Loss 0.216333
Epoch 02784/20000 | Train Loss 0.206813
Epoch 02785/20000 | Train Loss 0.225898
Epoch 02786/20000 | Train Loss 0.201465
Epoch 02787/20000 | Train Loss 0.222078
Epoch 02788/20000 | Train Loss 0.197547
Epoch 02789/20000 | Train Loss 0.191344
Epoch 02790/20000 | Train Loss 0.200565
Epoch 02791/20000 | Train Loss 0.224482
Epoch 02792/20000 | Train Loss 0.229886
Epoch 02793/20000 | Train Loss 0.216955
Epoch 02794/20000 | Train Loss 0.212920
Epoch 02795/20000 | Train Loss 0.212438
Epoch 02796/20000 | Train Loss 0.209166
Epoch 02797/20000 | Train Loss 0.222611
Epoch 02798/20000 | Train Loss 0.215566
Epoch 02799/20000 | Train Loss 0.211362
Epoch 02800/20000 | Train Loss 0.245079
Epoch 02801/20000 | Train Loss 0.207548
Epoch 02802/20000 | Train Loss 0.212389
Epoch 02803/20000 | Train Loss 0.224831
Epoch 02804/20000 | Train Loss 0.226876
Epoch 02805/20000 | Train Loss 0.207886
Epoch 02806/20000 | Train Loss 0.227213
Epoch 02807/20000 | Train Loss 0.207274
Epoch 02808/20000 | Train Loss 0.235671
Epoch 02809/20000 | Train Loss 0.194211
Epoch 02810/20000 | Train Loss 0.226812
Epoch 02811/20000 | Train Loss 0.199295
Epoch 02812/20000 | Train Loss 0.228723
Epoch 02813/20000 | Train Loss 0.212874
Epoch 02814/20000 | Train Loss 0.211530
Epoch 02815/20000 | Train Loss 0.214729
Epoch 02816/20000 | Train Loss 0.197046
Epoch 02817/20000 | Train Loss 0.220825
Epoch 02818/20000 | Train Loss 0.194229
Epoch 02819/20000 | Train Loss 0.199879
Epoch 02820/20000 | Train Loss 0.216056
Epoch 02821/20000 | Train Loss 0.222144
Epoch 02822/20000 | Train Loss 0.209995
Epoch 02823/20000 | Train Loss 0.216775
Epoch 02824/20000 | Train Loss 0.219444
Epoch 02825/20000 | Train Loss 0.216620
Epoch 02826/20000 | Train Loss 0.220779
Epoch 02827/20000 | Train Loss 0.199204
Epoch 02828/20000 | Train Loss 0.212143
Epoch 02829/20000 | Train Loss 0.223404
Epoch 02830/20000 | Train Loss 0.223131
Epoch 02831/20000 | Train Loss 0.217591
Epoch 02832/20000 | Train Loss 0.232180
Epoch 02833/20000 | Train Loss 0.239777
Epoch 02834/20000 | Train Loss 0.193762
Epoch 02835/20000 | Train Loss 0.204128
Epoch 02836/20000 | Train Loss 0.197741
Epoch 02837/20000 | Train Loss 0.184279
Epoch 02838/20000 | Train Loss 0.187543
Epoch 02839/20000 | Train Loss 0.211292
Epoch 02840/20000 | Train Loss 0.198955
Epoch 02841/20000 | Train Loss 0.202455
Epoch 02842/20000 | Train Loss 0.193638
Epoch 02843/20000 | Train Loss 0.210707
Epoch 02844/20000 | Train Loss 0.218384
Epoch 02845/20000 | Train Loss 0.196735
Epoch 02846/20000 | Train Loss 0.221813
Epoch 02847/20000 | Train Loss 0.255986
Epoch 02848/20000 | Train Loss 0.228224
Epoch 02849/20000 | Train Loss 0.219543
Epoch 02850/20000 | Train Loss 0.212910
Epoch 02851/20000 | Train Loss 0.206674
Epoch 02852/20000 | Train Loss 0.229558
Epoch 02853/20000 | Train Loss 0.211373
Epoch 02854/20000 | Train Loss 0.211284
Epoch 02855/20000 | Train Loss 0.201171
Epoch 02856/20000 | Train Loss 0.227798
Epoch 02857/20000 | Train Loss 0.212188
Epoch 02858/20000 | Train Loss 0.224801
Epoch 02859/20000 | Train Loss 0.196973
Epoch 02860/20000 | Train Loss 0.210462
Epoch 02861/20000 | Train Loss 0.234877
Epoch 02862/20000 | Train Loss 0.202213
Epoch 02863/20000 | Train Loss 0.212499
Epoch 02864/20000 | Train Loss 0.215209
Epoch 02865/20000 | Train Loss 0.188982
Epoch 02866/20000 | Train Loss 0.208586
Epoch 02867/20000 | Train Loss 0.195331
Epoch 02868/20000 | Train Loss 0.210256
Epoch 02869/20000 | Train Loss 0.201712
Epoch 02870/20000 | Train Loss 0.214616
Epoch 02871/20000 | Train Loss 0.208413
Epoch 02872/20000 | Train Loss 0.229914
Epoch 02873/20000 | Train Loss 0.192858
Epoch 02874/20000 | Train Loss 0.213510
Epoch 02875/20000 | Train Loss 0.202135
Epoch 02876/20000 | Train Loss 0.215955
Epoch 02877/20000 | Train Loss 0.218516
Epoch 02878/20000 | Train Loss 0.235664
Epoch 02879/20000 | Train Loss 0.238723
Epoch 02880/20000 | Train Loss 0.220417
Epoch 02881/20000 | Train Loss 0.220132
Epoch 02882/20000 | Train Loss 0.198530
Epoch 02883/20000 | Train Loss 0.215704
Epoch 02884/20000 | Train Loss 0.209966
Epoch 02885/20000 | Train Loss 0.226242
Epoch 02886/20000 | Train Loss 0.197137
Epoch 02887/20000 | Train Loss 0.243147
Epoch 02888/20000 | Train Loss 0.227331
Epoch 02889/20000 | Train Loss 0.206873
Epoch 02890/20000 | Train Loss 0.217508
Epoch 02891/20000 | Train Loss 0.218033
Epoch 02892/20000 | Train Loss 0.210672
Epoch 02893/20000 | Train Loss 0.213531
Epoch 02894/20000 | Train Loss 0.198608
Epoch 02895/20000 | Train Loss 0.205785
Epoch 02896/20000 | Train Loss 0.217809
Epoch 02897/20000 | Train Loss 0.193599
Epoch 02898/20000 | Train Loss 0.200712
Epoch 02899/20000 | Train Loss 0.185089
Epoch 02900/20000 | Train Loss 0.218450
Epoch 02901/20000 | Train Loss 0.189097
Epoch 02902/20000 | Train Loss 0.218546
Epoch 02903/20000 | Train Loss 0.229050
Epoch 02904/20000 | Train Loss 0.214635
Epoch 02905/20000 | Train Loss 0.222213
Epoch 02906/20000 | Train Loss 0.193740
Epoch 02907/20000 | Train Loss 0.217334
Epoch 02908/20000 | Train Loss 0.218111
Epoch 02909/20000 | Train Loss 0.234592
Epoch 02910/20000 | Train Loss 0.212738
Epoch 02911/20000 | Train Loss 0.209494
Epoch 02912/20000 | Train Loss 0.225524
Epoch 02913/20000 | Train Loss 0.202768
Epoch 02914/20000 | Train Loss 0.206933
Epoch 02915/20000 | Train Loss 0.195208
Epoch 02916/20000 | Train Loss 0.202445
Epoch 02917/20000 | Train Loss 0.201592
Epoch 02918/20000 | Train Loss 0.220367
Epoch 02919/20000 | Train Loss 0.208392
Epoch 02920/20000 | Train Loss 0.225425
Epoch 02921/20000 | Train Loss 0.214244
Epoch 02922/20000 | Train Loss 0.197284
Epoch 02923/20000 | Train Loss 0.222426
Epoch 02924/20000 | Train Loss 0.222074
Epoch 02925/20000 | Train Loss 0.216597
Epoch 02926/20000 | Train Loss 0.223256
Epoch 02927/20000 | Train Loss 0.191736
Epoch 02928/20000 | Train Loss 0.211892
Epoch 02929/20000 | Train Loss 0.222606
Epoch 02930/20000 | Train Loss 0.223779
Epoch 02931/20000 | Train Loss 0.232531
Epoch 02932/20000 | Train Loss 0.208768
Epoch 02933/20000 | Train Loss 0.206509
Epoch 02934/20000 | Train Loss 0.244167
Epoch 02935/20000 | Train Loss 0.205495
Epoch 02936/20000 | Train Loss 0.211630
Epoch 02937/20000 | Train Loss 0.221709
Epoch 02938/20000 | Train Loss 0.233699
Epoch 02939/20000 | Train Loss 0.218163
Epoch 02940/20000 | Train Loss 0.218244
Epoch 02941/20000 | Train Loss 0.206551
Epoch 02942/20000 | Train Loss 0.220355
Epoch 02943/20000 | Train Loss 0.199205
Epoch 02944/20000 | Train Loss 0.224531
Epoch 02945/20000 | Train Loss 0.233343
Epoch 02946/20000 | Train Loss 0.208086
Epoch 02947/20000 | Train Loss 0.184463
Epoch 02948/20000 | Train Loss 0.204457
Epoch 02949/20000 | Train Loss 0.203542
Epoch 02950/20000 | Train Loss 0.211319
Epoch 02951/20000 | Train Loss 0.186380
Epoch 02952/20000 | Train Loss 0.208573
Epoch 02953/20000 | Train Loss 0.223091
Epoch 02954/20000 | Train Loss 0.232770
Epoch 02955/20000 | Train Loss 0.200212
Epoch 02956/20000 | Train Loss 0.220176
Epoch 02957/20000 | Train Loss 0.210200
Epoch 02958/20000 | Train Loss 0.208063
Epoch 02959/20000 | Train Loss 0.235590
Epoch 02960/20000 | Train Loss 0.205038
Epoch 02961/20000 | Train Loss 0.213883
Epoch 02962/20000 | Train Loss 0.209986
Epoch 02963/20000 | Train Loss 0.215402
Epoch 02964/20000 | Train Loss 0.172762
Epoch 02965/20000 | Train Loss 0.221187
Epoch 02966/20000 | Train Loss 0.223702
Epoch 02967/20000 | Train Loss 0.226175
Epoch 02968/20000 | Train Loss 0.219296
Epoch 02969/20000 | Train Loss 0.249437
Epoch 02970/20000 | Train Loss 0.196745
Epoch 02971/20000 | Train Loss 0.202763
Epoch 02972/20000 | Train Loss 0.234145
Epoch 02973/20000 | Train Loss 0.191835
Epoch 02974/20000 | Train Loss 0.217542
Epoch 02975/20000 | Train Loss 0.218885
Epoch 02976/20000 | Train Loss 0.233673
Epoch 02977/20000 | Train Loss 0.239941
Epoch 02978/20000 | Train Loss 0.200908
Epoch 02979/20000 | Train Loss 0.219249
Epoch 02980/20000 | Train Loss 0.249563
Epoch 02981/20000 | Train Loss 0.196841
Epoch 02982/20000 | Train Loss 0.234940
Epoch 02983/20000 | Train Loss 0.203458
Epoch 02984/20000 | Train Loss 0.244771
Epoch 02985/20000 | Train Loss 0.211640
Epoch 02986/20000 | Train Loss 0.211505
Epoch 02987/20000 | Train Loss 0.200472
Epoch 02988/20000 | Train Loss 0.216206
Epoch 02989/20000 | Train Loss 0.213707
Epoch 02990/20000 | Train Loss 0.226321
Epoch 02991/20000 | Train Loss 0.170132
Epoch 02992/20000 | Train Loss 0.217678
Epoch 02993/20000 | Train Loss 0.216488
Epoch 02994/20000 | Train Loss 0.208367
Epoch 02995/20000 | Train Loss 0.197994
Epoch 02996/20000 | Train Loss 0.253218
Epoch 02997/20000 | Train Loss 0.219760
Epoch 02998/20000 | Train Loss 0.225841
Epoch 02999/20000 | Train Loss 0.195516
Epoch 03000/20000 | Train Loss 0.212724
  --> Checkpoint saved at epoch 3000.
Epoch 03001/20000 | Train Loss 0.201397
Epoch 03002/20000 | Train Loss 0.224434
Epoch 03003/20000 | Train Loss 0.218375
Epoch 03004/20000 | Train Loss 0.206543
Epoch 03005/20000 | Train Loss 0.203448
Epoch 03006/20000 | Train Loss 0.221511
Epoch 03007/20000 | Train Loss 0.212356
Epoch 03008/20000 | Train Loss 0.207090
Epoch 03009/20000 | Train Loss 0.212578
Epoch 03010/20000 | Train Loss 0.211138
Epoch 03011/20000 | Train Loss 0.215562
Epoch 03012/20000 | Train Loss 0.224521
Epoch 03013/20000 | Train Loss 0.220393
Epoch 03014/20000 | Train Loss 0.224229
Epoch 03015/20000 | Train Loss 0.202079
Epoch 03016/20000 | Train Loss 0.213981
Epoch 03017/20000 | Train Loss 0.190153
Epoch 03018/20000 | Train Loss 0.213811
Epoch 03019/20000 | Train Loss 0.219697
Epoch 03020/20000 | Train Loss 0.204179
Epoch 03021/20000 | Train Loss 0.234746
Epoch 03022/20000 | Train Loss 0.209776
Epoch 03023/20000 | Train Loss 0.235305
Epoch 03024/20000 | Train Loss 0.222149
Epoch 03025/20000 | Train Loss 0.177575
Epoch 03026/20000 | Train Loss 0.222836
Epoch 03027/20000 | Train Loss 0.231764
Epoch 03028/20000 | Train Loss 0.215929
Epoch 03029/20000 | Train Loss 0.211652
Epoch 03030/20000 | Train Loss 0.211548
Epoch 03031/20000 | Train Loss 0.221579
Epoch 03032/20000 | Train Loss 0.241514
Epoch 03033/20000 | Train Loss 0.195982
Epoch 03034/20000 | Train Loss 0.203203
Epoch 03035/20000 | Train Loss 0.233500
Epoch 03036/20000 | Train Loss 0.203918
Epoch 03037/20000 | Train Loss 0.216050
Epoch 03038/20000 | Train Loss 0.207816
Epoch 03039/20000 | Train Loss 0.237004
Epoch 03040/20000 | Train Loss 0.216524
Epoch 03041/20000 | Train Loss 0.218927
Epoch 03042/20000 | Train Loss 0.210719
Epoch 03043/20000 | Train Loss 0.230696
Epoch 03044/20000 | Train Loss 0.216180
Epoch 03045/20000 | Train Loss 0.222318
Epoch 03046/20000 | Train Loss 0.223794
Epoch 03047/20000 | Train Loss 0.216322
Epoch 03048/20000 | Train Loss 0.213686
Epoch 03049/20000 | Train Loss 0.208195
Epoch 03050/20000 | Train Loss 0.211740
Epoch 03051/20000 | Train Loss 0.240265
Epoch 03052/20000 | Train Loss 0.219556
Epoch 03053/20000 | Train Loss 0.241026
Epoch 03054/20000 | Train Loss 0.227205
Epoch 03055/20000 | Train Loss 0.224492
Epoch 03056/20000 | Train Loss 0.223712
Epoch 03057/20000 | Train Loss 0.173838
Epoch 03058/20000 | Train Loss 0.204270
Epoch 03059/20000 | Train Loss 0.232150
Epoch 03060/20000 | Train Loss 0.226653
Epoch 03061/20000 | Train Loss 0.218087
Epoch 03062/20000 | Train Loss 0.239641
Epoch 03063/20000 | Train Loss 0.221566
Epoch 03064/20000 | Train Loss 0.189340
Epoch 03065/20000 | Train Loss 0.207337
Epoch 03066/20000 | Train Loss 0.234156
Epoch 03067/20000 | Train Loss 0.207014
Epoch 03068/20000 | Train Loss 0.203987
Epoch 03069/20000 | Train Loss 0.207797
Epoch 03070/20000 | Train Loss 0.201300
Epoch 03071/20000 | Train Loss 0.188708
Epoch 03072/20000 | Train Loss 0.188439
Epoch 03073/20000 | Train Loss 0.213018
Epoch 03074/20000 | Train Loss 0.199997
Epoch 03075/20000 | Train Loss 0.211654
Epoch 03076/20000 | Train Loss 0.212108
Epoch 03077/20000 | Train Loss 0.243072
Epoch 03078/20000 | Train Loss 0.205025
Epoch 03079/20000 | Train Loss 0.209192
Epoch 03080/20000 | Train Loss 0.207761
Epoch 03081/20000 | Train Loss 0.205351
Epoch 03082/20000 | Train Loss 0.209938
Epoch 03083/20000 | Train Loss 0.196031
Epoch 03084/20000 | Train Loss 0.178370
Epoch 03085/20000 | Train Loss 0.232581
Epoch 03086/20000 | Train Loss 0.186517
Epoch 03087/20000 | Train Loss 0.245601
Epoch 03088/20000 | Train Loss 0.193542
Epoch 03089/20000 | Train Loss 0.207877
Epoch 03090/20000 | Train Loss 0.232329
Epoch 03091/20000 | Train Loss 0.215968
Epoch 03092/20000 | Train Loss 0.225034
Epoch 03093/20000 | Train Loss 0.230132
Epoch 03094/20000 | Train Loss 0.206459
Epoch 03095/20000 | Train Loss 0.213360
Epoch 03096/20000 | Train Loss 0.207324
Epoch 03097/20000 | Train Loss 0.222888
Epoch 03098/20000 | Train Loss 0.220192
Epoch 03099/20000 | Train Loss 0.209502
Epoch 03100/20000 | Train Loss 0.232873
Epoch 03101/20000 | Train Loss 0.207024
Epoch 03102/20000 | Train Loss 0.194640
Epoch 03103/20000 | Train Loss 0.214225
Epoch 03104/20000 | Train Loss 0.247533
Epoch 03105/20000 | Train Loss 0.223183
Epoch 03106/20000 | Train Loss 0.213403
Epoch 03107/20000 | Train Loss 0.215541
Epoch 03108/20000 | Train Loss 0.193801
Epoch 03109/20000 | Train Loss 0.215735
Epoch 03110/20000 | Train Loss 0.197150
Epoch 03111/20000 | Train Loss 0.222079
Epoch 03112/20000 | Train Loss 0.205764
Epoch 03113/20000 | Train Loss 0.188948
Epoch 03114/20000 | Train Loss 0.222074
Epoch 03115/20000 | Train Loss 0.229432
Epoch 03116/20000 | Train Loss 0.224503
Epoch 03117/20000 | Train Loss 0.207291
Epoch 03118/20000 | Train Loss 0.196678
Epoch 03119/20000 | Train Loss 0.215686
Epoch 03120/20000 | Train Loss 0.232304
Epoch 03121/20000 | Train Loss 0.209613
Epoch 03122/20000 | Train Loss 0.245276
Epoch 03123/20000 | Train Loss 0.215234
Epoch 03124/20000 | Train Loss 0.212244
Epoch 03125/20000 | Train Loss 0.206732
Epoch 03126/20000 | Train Loss 0.166495
Epoch 03127/20000 | Train Loss 0.174727
Epoch 03128/20000 | Train Loss 0.191706
Epoch 03129/20000 | Train Loss 0.217046
Epoch 03130/20000 | Train Loss 0.211407
Epoch 03131/20000 | Train Loss 0.250237
Epoch 03132/20000 | Train Loss 0.239371
Epoch 03133/20000 | Train Loss 0.226746
Epoch 03134/20000 | Train Loss 0.192715
Epoch 03135/20000 | Train Loss 0.197137
Epoch 03136/20000 | Train Loss 0.210667
Epoch 03137/20000 | Train Loss 0.220454
Epoch 03138/20000 | Train Loss 0.209085
Epoch 03139/20000 | Train Loss 0.210103
Epoch 03140/20000 | Train Loss 0.203302
Epoch 03141/20000 | Train Loss 0.216584
Epoch 03142/20000 | Train Loss 0.208061
Epoch 03143/20000 | Train Loss 0.210934
Epoch 03144/20000 | Train Loss 0.226096
Epoch 03145/20000 | Train Loss 0.203067
Epoch 03146/20000 | Train Loss 0.208149
Epoch 03147/20000 | Train Loss 0.215902
Epoch 03148/20000 | Train Loss 0.193425
Epoch 03149/20000 | Train Loss 0.235650
Epoch 03150/20000 | Train Loss 0.182296
Epoch 03151/20000 | Train Loss 0.232084
Epoch 03152/20000 | Train Loss 0.194768
Epoch 03153/20000 | Train Loss 0.241398
Epoch 03154/20000 | Train Loss 0.212166
Epoch 03155/20000 | Train Loss 0.190345
Epoch 03156/20000 | Train Loss 0.198646
Epoch 03157/20000 | Train Loss 0.193763
Epoch 03158/20000 | Train Loss 0.196548
Epoch 03159/20000 | Train Loss 0.196093
Epoch 03160/20000 | Train Loss 0.239869
Epoch 03161/20000 | Train Loss 0.205834
Epoch 03162/20000 | Train Loss 0.207507
Epoch 03163/20000 | Train Loss 0.217303
Epoch 03164/20000 | Train Loss 0.224588
Epoch 03165/20000 | Train Loss 0.227194
Epoch 03166/20000 | Train Loss 0.205809
Epoch 03167/20000 | Train Loss 0.212340
Epoch 03168/20000 | Train Loss 0.214293
Epoch 03169/20000 | Train Loss 0.230443
Epoch 03170/20000 | Train Loss 0.223591
Epoch 03171/20000 | Train Loss 0.210512
Epoch 03172/20000 | Train Loss 0.222726
Epoch 03173/20000 | Train Loss 0.238531
Epoch 03174/20000 | Train Loss 0.211243
Epoch 03175/20000 | Train Loss 0.212023
Epoch 03176/20000 | Train Loss 0.194712
Epoch 03177/20000 | Train Loss 0.178343
Epoch 03178/20000 | Train Loss 0.190402
Epoch 03179/20000 | Train Loss 0.195996
Epoch 03180/20000 | Train Loss 0.201576
Epoch 03181/20000 | Train Loss 0.219938
Epoch 03182/20000 | Train Loss 0.201571
Epoch 03183/20000 | Train Loss 0.216561
Epoch 03184/20000 | Train Loss 0.189661
Epoch 03185/20000 | Train Loss 0.206016
Epoch 03186/20000 | Train Loss 0.219468
Epoch 03187/20000 | Train Loss 0.234996
Epoch 03188/20000 | Train Loss 0.241262
Epoch 03189/20000 | Train Loss 0.220844
Epoch 03190/20000 | Train Loss 0.207350
Epoch 03191/20000 | Train Loss 0.223096
Epoch 03192/20000 | Train Loss 0.208095
Epoch 03193/20000 | Train Loss 0.186530
Epoch 03194/20000 | Train Loss 0.191869
Epoch 03195/20000 | Train Loss 0.201729
Epoch 03196/20000 | Train Loss 0.207317
Epoch 03197/20000 | Train Loss 0.196258
Epoch 03198/20000 | Train Loss 0.202151
Epoch 03199/20000 | Train Loss 0.177074
Epoch 03200/20000 | Train Loss 0.176989
Epoch 03201/20000 | Train Loss 0.248798
Epoch 03202/20000 | Train Loss 0.227804
Epoch 03203/20000 | Train Loss 0.238056
Epoch 03204/20000 | Train Loss 0.213457
Epoch 03205/20000 | Train Loss 0.228397
Epoch 03206/20000 | Train Loss 0.198029
Epoch 03207/20000 | Train Loss 0.225712
Epoch 03208/20000 | Train Loss 0.213987
Epoch 03209/20000 | Train Loss 0.216784
Epoch 03210/20000 | Train Loss 0.222296
Epoch 03211/20000 | Train Loss 0.215657
Epoch 03212/20000 | Train Loss 0.219668
Epoch 03213/20000 | Train Loss 0.245837
Epoch 03214/20000 | Train Loss 0.214848
Epoch 03215/20000 | Train Loss 0.208278
Epoch 03216/20000 | Train Loss 0.191786
Epoch 03217/20000 | Train Loss 0.203840
Epoch 03218/20000 | Train Loss 0.210718
Epoch 03219/20000 | Train Loss 0.220055
Epoch 03220/20000 | Train Loss 0.226563
Epoch 03221/20000 | Train Loss 0.218361
Epoch 03222/20000 | Train Loss 0.218761
Epoch 03223/20000 | Train Loss 0.220523
Epoch 03224/20000 | Train Loss 0.215469
Epoch 03225/20000 | Train Loss 0.210472
Epoch 03226/20000 | Train Loss 0.210914
Epoch 03227/20000 | Train Loss 0.223662
Epoch 03228/20000 | Train Loss 0.185068
Epoch 03229/20000 | Train Loss 0.221468
Epoch 03230/20000 | Train Loss 0.198019
Epoch 03231/20000 | Train Loss 0.219901
Epoch 03232/20000 | Train Loss 0.257716
Epoch 03233/20000 | Train Loss 0.224644
Epoch 03234/20000 | Train Loss 0.231350
Epoch 03235/20000 | Train Loss 0.191053
Epoch 03236/20000 | Train Loss 0.214229
Epoch 03237/20000 | Train Loss 0.208397
Epoch 03238/20000 | Train Loss 0.208694
Epoch 03239/20000 | Train Loss 0.193438
Epoch 03240/20000 | Train Loss 0.204448
Epoch 03241/20000 | Train Loss 0.196382
Epoch 03242/20000 | Train Loss 0.185589
Epoch 03243/20000 | Train Loss 0.217370
Epoch 03244/20000 | Train Loss 0.198907
Epoch 03245/20000 | Train Loss 0.185756
Epoch 03246/20000 | Train Loss 0.230174
Epoch 03247/20000 | Train Loss 0.222030
Epoch 03248/20000 | Train Loss 0.195230
Epoch 03249/20000 | Train Loss 0.210060
Epoch 03250/20000 | Train Loss 0.198618
Epoch 03251/20000 | Train Loss 0.202869
Epoch 03252/20000 | Train Loss 0.191147
Epoch 03253/20000 | Train Loss 0.186674
Epoch 03254/20000 | Train Loss 0.194886
Epoch 03255/20000 | Train Loss 0.206036
Epoch 03256/20000 | Train Loss 0.212881
Epoch 03257/20000 | Train Loss 0.216802
Epoch 03258/20000 | Train Loss 0.228751
Epoch 03259/20000 | Train Loss 0.229469
Epoch 03260/20000 | Train Loss 0.211974
Epoch 03261/20000 | Train Loss 0.229817
Epoch 03262/20000 | Train Loss 0.203023
Epoch 03263/20000 | Train Loss 0.183725
Epoch 03264/20000 | Train Loss 0.210012
Epoch 03265/20000 | Train Loss 0.219822
Epoch 03266/20000 | Train Loss 0.246879
Epoch 03267/20000 | Train Loss 0.199228
Epoch 03268/20000 | Train Loss 0.215391
Epoch 03269/20000 | Train Loss 0.241522
Epoch 03270/20000 | Train Loss 0.237482
Epoch 03271/20000 | Train Loss 0.234373
Epoch 03272/20000 | Train Loss 0.199245
Epoch 03273/20000 | Train Loss 0.211117
Epoch 03274/20000 | Train Loss 0.180558
Epoch 03275/20000 | Train Loss 0.226413
Epoch 03276/20000 | Train Loss 0.203567
Epoch 03277/20000 | Train Loss 0.218404
Epoch 03278/20000 | Train Loss 0.215865
Epoch 03279/20000 | Train Loss 0.207465
Epoch 03280/20000 | Train Loss 0.217617
Epoch 03281/20000 | Train Loss 0.229743
Epoch 03282/20000 | Train Loss 0.207473
Epoch 03283/20000 | Train Loss 0.207945
Epoch 03284/20000 | Train Loss 0.230952
Epoch 03285/20000 | Train Loss 0.226915
Epoch 03286/20000 | Train Loss 0.221474
Epoch 03287/20000 | Train Loss 0.201846
Epoch 03288/20000 | Train Loss 0.233313
Epoch 03289/20000 | Train Loss 0.242810
Epoch 03290/20000 | Train Loss 0.222390
Epoch 03291/20000 | Train Loss 0.204155
Epoch 03292/20000 | Train Loss 0.223566
Epoch 03293/20000 | Train Loss 0.199111
Epoch 03294/20000 | Train Loss 0.197114
Epoch 03295/20000 | Train Loss 0.223326
Epoch 03296/20000 | Train Loss 0.221130
Epoch 03297/20000 | Train Loss 0.241642
Epoch 03298/20000 | Train Loss 0.192336
Epoch 03299/20000 | Train Loss 0.193912
Epoch 03300/20000 | Train Loss 0.225545
Epoch 03301/20000 | Train Loss 0.217894
Epoch 03302/20000 | Train Loss 0.180430
Epoch 03303/20000 | Train Loss 0.208308
Epoch 03304/20000 | Train Loss 0.210054
Epoch 03305/20000 | Train Loss 0.209090
Epoch 03306/20000 | Train Loss 0.193741
Epoch 03307/20000 | Train Loss 0.196166
Epoch 03308/20000 | Train Loss 0.209273
Epoch 03309/20000 | Train Loss 0.195750
Epoch 03310/20000 | Train Loss 0.187362
Epoch 03311/20000 | Train Loss 0.190988
Epoch 03312/20000 | Train Loss 0.228638
Epoch 03313/20000 | Train Loss 0.212573
Epoch 03314/20000 | Train Loss 0.217106
Epoch 03315/20000 | Train Loss 0.221034
Epoch 03316/20000 | Train Loss 0.236519
Epoch 03317/20000 | Train Loss 0.196495
Epoch 03318/20000 | Train Loss 0.226664
Epoch 03319/20000 | Train Loss 0.200907
Epoch 03320/20000 | Train Loss 0.205757
Epoch 03321/20000 | Train Loss 0.211185
Epoch 03322/20000 | Train Loss 0.194575
Epoch 03323/20000 | Train Loss 0.259480
Epoch 03324/20000 | Train Loss 0.232758
Epoch 03325/20000 | Train Loss 0.223357
Epoch 03326/20000 | Train Loss 0.174398
Epoch 03327/20000 | Train Loss 0.218063
Epoch 03328/20000 | Train Loss 0.197530
Epoch 03329/20000 | Train Loss 0.198025
Epoch 03330/20000 | Train Loss 0.243839
Epoch 03331/20000 | Train Loss 0.183273
Epoch 03332/20000 | Train Loss 0.212558
Epoch 03333/20000 | Train Loss 0.193702
Epoch 03334/20000 | Train Loss 0.220669
Epoch 03335/20000 | Train Loss 0.229904
Epoch 03336/20000 | Train Loss 0.227337
Epoch 03337/20000 | Train Loss 0.194025
Epoch 03338/20000 | Train Loss 0.208325
Epoch 03339/20000 | Train Loss 0.223090
Epoch 03340/20000 | Train Loss 0.223247
Epoch 03341/20000 | Train Loss 0.214741
Epoch 03342/20000 | Train Loss 0.232099
Epoch 03343/20000 | Train Loss 0.219595
Epoch 03344/20000 | Train Loss 0.221395
Epoch 03345/20000 | Train Loss 0.196529
Epoch 03346/20000 | Train Loss 0.181310
Epoch 03347/20000 | Train Loss 0.216199
Epoch 03348/20000 | Train Loss 0.250695
Epoch 03349/20000 | Train Loss 0.222425
Epoch 03350/20000 | Train Loss 0.208220
Epoch 03351/20000 | Train Loss 0.192064
Epoch 03352/20000 | Train Loss 0.196089
Epoch 03353/20000 | Train Loss 0.222311
Epoch 03354/20000 | Train Loss 0.199686
Epoch 03355/20000 | Train Loss 0.233854
Epoch 03356/20000 | Train Loss 0.250466
Epoch 03357/20000 | Train Loss 0.206475
Epoch 03358/20000 | Train Loss 0.191135
Epoch 03359/20000 | Train Loss 0.226787
Epoch 03360/20000 | Train Loss 0.175789
Epoch 03361/20000 | Train Loss 0.200267
Epoch 03362/20000 | Train Loss 0.188738
Epoch 03363/20000 | Train Loss 0.211402
Epoch 03364/20000 | Train Loss 0.221182
Epoch 03365/20000 | Train Loss 0.192657
Epoch 03366/20000 | Train Loss 0.201226
Epoch 03367/20000 | Train Loss 0.248975
Epoch 03368/20000 | Train Loss 0.200586
Epoch 03369/20000 | Train Loss 0.189786
Epoch 03370/20000 | Train Loss 0.194111
Epoch 03371/20000 | Train Loss 0.213627
Epoch 03372/20000 | Train Loss 0.218688
Epoch 03373/20000 | Train Loss 0.181963
Epoch 03374/20000 | Train Loss 0.224883
Epoch 03375/20000 | Train Loss 0.187143
Epoch 03376/20000 | Train Loss 0.220091
Epoch 03377/20000 | Train Loss 0.196898
Epoch 03378/20000 | Train Loss 0.203362
Epoch 03379/20000 | Train Loss 0.188122
Epoch 03380/20000 | Train Loss 0.194028
Epoch 03381/20000 | Train Loss 0.215443
Epoch 03382/20000 | Train Loss 0.240919
Epoch 03383/20000 | Train Loss 0.223570
Epoch 03384/20000 | Train Loss 0.215676
Epoch 03385/20000 | Train Loss 0.230436
Epoch 03386/20000 | Train Loss 0.211299
Epoch 03387/20000 | Train Loss 0.177592
Epoch 03388/20000 | Train Loss 0.204811
Epoch 03389/20000 | Train Loss 0.197942
Epoch 03390/20000 | Train Loss 0.188834
Epoch 03391/20000 | Train Loss 0.230386
Epoch 03392/20000 | Train Loss 0.208771
Epoch 03393/20000 | Train Loss 0.180776
Epoch 03394/20000 | Train Loss 0.232033
Epoch 03395/20000 | Train Loss 0.177141
Epoch 03396/20000 | Train Loss 0.215468
Epoch 03397/20000 | Train Loss 0.187498
Epoch 03398/20000 | Train Loss 0.165053
Epoch 03399/20000 | Train Loss 0.240245
Epoch 03400/20000 | Train Loss 0.204319
Epoch 03401/20000 | Train Loss 0.192901
Epoch 03402/20000 | Train Loss 0.198362
Epoch 03403/20000 | Train Loss 0.222648
Epoch 03404/20000 | Train Loss 0.224144
Epoch 03405/20000 | Train Loss 0.241393
Epoch 03406/20000 | Train Loss 0.198971
Epoch 03407/20000 | Train Loss 0.249555
Epoch 03408/20000 | Train Loss 0.216820
Epoch 03409/20000 | Train Loss 0.198487
Epoch 03410/20000 | Train Loss 0.194715
Epoch 03411/20000 | Train Loss 0.206171
Epoch 03412/20000 | Train Loss 0.193897
Epoch 03413/20000 | Train Loss 0.207182
Epoch 03414/20000 | Train Loss 0.219824
Epoch 03415/20000 | Train Loss 0.193132
Epoch 03416/20000 | Train Loss 0.217379
Epoch 03417/20000 | Train Loss 0.396479
Epoch 03418/20000 | Train Loss 0.294517
Epoch 03419/20000 | Train Loss 0.255165
Epoch 03420/20000 | Train Loss 0.241168
Epoch 03421/20000 | Train Loss 0.231634
Epoch 03422/20000 | Train Loss 0.210461
Epoch 03423/20000 | Train Loss 0.196074
Epoch 03424/20000 | Train Loss 0.209472
Epoch 03425/20000 | Train Loss 0.206920
Epoch 03426/20000 | Train Loss 0.217618
Epoch 03427/20000 | Train Loss 0.201102
Epoch 03428/20000 | Train Loss 0.211202
Epoch 03429/20000 | Train Loss 0.236472
Epoch 03430/20000 | Train Loss 0.221550
Epoch 03431/20000 | Train Loss 0.209331
Epoch 03432/20000 | Train Loss 0.182206
Epoch 03433/20000 | Train Loss 0.215172
Epoch 03434/20000 | Train Loss 0.196788
Epoch 03435/20000 | Train Loss 0.204810
Epoch 03436/20000 | Train Loss 0.206590
Epoch 03437/20000 | Train Loss 0.194546
Epoch 03438/20000 | Train Loss 0.207081
Epoch 03439/20000 | Train Loss 0.206181
Epoch 03440/20000 | Train Loss 0.205065
Epoch 03441/20000 | Train Loss 0.220625
Epoch 03442/20000 | Train Loss 0.207481
Epoch 03443/20000 | Train Loss 0.213207
Epoch 03444/20000 | Train Loss 0.200809
Epoch 03445/20000 | Train Loss 0.207138
Epoch 03446/20000 | Train Loss 0.203875
Epoch 03447/20000 | Train Loss 0.208169
Epoch 03448/20000 | Train Loss 0.211007
Epoch 03449/20000 | Train Loss 0.211683
Epoch 03450/20000 | Train Loss 0.222159
Epoch 03451/20000 | Train Loss 0.250350
Epoch 03452/20000 | Train Loss 0.189107
Epoch 03453/20000 | Train Loss 0.219876
Epoch 03454/20000 | Train Loss 0.215211
Epoch 03455/20000 | Train Loss 0.207584
Epoch 03456/20000 | Train Loss 0.227553
Epoch 03457/20000 | Train Loss 0.205332
Epoch 03458/20000 | Train Loss 0.211503
Epoch 03459/20000 | Train Loss 0.216521
Epoch 03460/20000 | Train Loss 0.205863
Epoch 03461/20000 | Train Loss 0.191947
Epoch 03462/20000 | Train Loss 0.213763
Epoch 03463/20000 | Train Loss 0.188693
Epoch 03464/20000 | Train Loss 0.205960
Epoch 03465/20000 | Train Loss 0.214192
Epoch 03466/20000 | Train Loss 0.250559
Epoch 03467/20000 | Train Loss 0.215702
Epoch 03468/20000 | Train Loss 0.245498
Epoch 03469/20000 | Train Loss 0.200289
Epoch 03470/20000 | Train Loss 0.194412
Epoch 03471/20000 | Train Loss 0.183527
Epoch 03472/20000 | Train Loss 0.208084
Epoch 03473/20000 | Train Loss 0.203934
Epoch 03474/20000 | Train Loss 0.203927
Epoch 03475/20000 | Train Loss 0.227242
Epoch 03476/20000 | Train Loss 0.184939
Epoch 03477/20000 | Train Loss 0.196703
Epoch 03478/20000 | Train Loss 0.209810
Epoch 03479/20000 | Train Loss 0.209794
Epoch 03480/20000 | Train Loss 0.216957
Epoch 03481/20000 | Train Loss 0.219903
Epoch 03482/20000 | Train Loss 0.183639
Epoch 03483/20000 | Train Loss 0.209895
Epoch 03484/20000 | Train Loss 0.216702
Epoch 03485/20000 | Train Loss 0.184746
Epoch 03486/20000 | Train Loss 0.188810
Epoch 03487/20000 | Train Loss 0.231479
Epoch 03488/20000 | Train Loss 0.207544
Epoch 03489/20000 | Train Loss 0.215033
Epoch 03490/20000 | Train Loss 0.222687
Epoch 03491/20000 | Train Loss 0.208674
Epoch 03492/20000 | Train Loss 0.203553
Epoch 03493/20000 | Train Loss 0.222644
Epoch 03494/20000 | Train Loss 0.202720
Epoch 03495/20000 | Train Loss 0.196805
Epoch 03496/20000 | Train Loss 0.209171
Epoch 03497/20000 | Train Loss 0.216038
Epoch 03498/20000 | Train Loss 0.187959
Epoch 03499/20000 | Train Loss 0.207471
Epoch 03500/20000 | Train Loss 0.218388
  --> Checkpoint saved at epoch 3500.
Epoch 03501/20000 | Train Loss 0.201171
Epoch 03502/20000 | Train Loss 0.226176
Epoch 03503/20000 | Train Loss 0.186263
Epoch 03504/20000 | Train Loss 0.234718
Epoch 03505/20000 | Train Loss 0.186259
Epoch 03506/20000 | Train Loss 0.195405
Epoch 03507/20000 | Train Loss 0.205704
Epoch 03508/20000 | Train Loss 0.190796
Epoch 03509/20000 | Train Loss 0.224399
Epoch 03510/20000 | Train Loss 0.192830
Epoch 03511/20000 | Train Loss 0.226909
Epoch 03512/20000 | Train Loss 0.224503
Epoch 03513/20000 | Train Loss 0.217423
Epoch 03514/20000 | Train Loss 0.202686
Epoch 03515/20000 | Train Loss 0.240481
Epoch 03516/20000 | Train Loss 0.205051
Epoch 03517/20000 | Train Loss 0.219145
Epoch 03518/20000 | Train Loss 0.184936
Epoch 03519/20000 | Train Loss 0.202670
Epoch 03520/20000 | Train Loss 0.210705
Epoch 03521/20000 | Train Loss 0.207441
Epoch 03522/20000 | Train Loss 0.180908
Epoch 03523/20000 | Train Loss 0.201799
Epoch 03524/20000 | Train Loss 0.208186
Epoch 03525/20000 | Train Loss 0.185942
Epoch 03526/20000 | Train Loss 0.207148
Epoch 03527/20000 | Train Loss 0.179817
Epoch 03528/20000 | Train Loss 0.207874
Epoch 03529/20000 | Train Loss 0.213889
Epoch 03530/20000 | Train Loss 0.190423
Epoch 03531/20000 | Train Loss 0.233409
Epoch 03532/20000 | Train Loss 0.221725
Epoch 03533/20000 | Train Loss 0.176929
Epoch 03534/20000 | Train Loss 0.221066
Epoch 03535/20000 | Train Loss 0.189390
Epoch 03536/20000 | Train Loss 0.220228
Epoch 03537/20000 | Train Loss 0.214776
Epoch 03538/20000 | Train Loss 0.189119
Epoch 03539/20000 | Train Loss 0.177460
Epoch 03540/20000 | Train Loss 0.227946
Epoch 03541/20000 | Train Loss 0.180595
Epoch 03542/20000 | Train Loss 0.219050
Epoch 03543/20000 | Train Loss 0.164605
Epoch 03544/20000 | Train Loss 0.188157
Epoch 03545/20000 | Train Loss 0.182571
Epoch 03546/20000 | Train Loss 0.200617
Epoch 03547/20000 | Train Loss 0.212083
Epoch 03548/20000 | Train Loss 0.198524
Epoch 03549/20000 | Train Loss 0.202321
Epoch 03550/20000 | Train Loss 0.224412
Epoch 03551/20000 | Train Loss 0.191793
Epoch 03552/20000 | Train Loss 0.185789
Epoch 03553/20000 | Train Loss 0.248132
Epoch 03554/20000 | Train Loss 0.209729
Epoch 03555/20000 | Train Loss 0.215668
Epoch 03556/20000 | Train Loss 0.187812
Epoch 03557/20000 | Train Loss 0.228781
Epoch 03558/20000 | Train Loss 0.225114
Epoch 03559/20000 | Train Loss 0.229840
Epoch 03560/20000 | Train Loss 0.223044
Epoch 03561/20000 | Train Loss 0.204910
Epoch 03562/20000 | Train Loss 0.194769
Epoch 03563/20000 | Train Loss 0.188717
Epoch 03564/20000 | Train Loss 0.206095
Epoch 03565/20000 | Train Loss 0.227767
Epoch 03566/20000 | Train Loss 0.201348
Epoch 03567/20000 | Train Loss 0.196545
Epoch 03568/20000 | Train Loss 0.180647
Epoch 03569/20000 | Train Loss 0.228496
Epoch 03570/20000 | Train Loss 0.201363
Epoch 03571/20000 | Train Loss 0.200683
Epoch 03572/20000 | Train Loss 0.205160
Epoch 03573/20000 | Train Loss 0.175890
Epoch 03574/20000 | Train Loss 0.242795
Epoch 03575/20000 | Train Loss 0.222226
Epoch 03576/20000 | Train Loss 0.201782
Epoch 03577/20000 | Train Loss 0.222393
Epoch 03578/20000 | Train Loss 0.201997
Epoch 03579/20000 | Train Loss 0.195838
Epoch 03580/20000 | Train Loss 0.187341
Epoch 03581/20000 | Train Loss 0.192682
Epoch 03582/20000 | Train Loss 0.201085
Epoch 03583/20000 | Train Loss 0.211611
Epoch 03584/20000 | Train Loss 0.198524
Epoch 03585/20000 | Train Loss 0.213695
Epoch 03586/20000 | Train Loss 0.188441
Epoch 03587/20000 | Train Loss 0.196967
Epoch 03588/20000 | Train Loss 0.185611
Epoch 03589/20000 | Train Loss 0.201042
Epoch 03590/20000 | Train Loss 0.200692
Epoch 03591/20000 | Train Loss 0.215347
Epoch 03592/20000 | Train Loss 0.191110
Epoch 03593/20000 | Train Loss 0.218315
Epoch 03594/20000 | Train Loss 0.186072
Epoch 03595/20000 | Train Loss 0.201902
Epoch 03596/20000 | Train Loss 0.187432
Epoch 03597/20000 | Train Loss 0.224216
Epoch 03598/20000 | Train Loss 0.199543
Epoch 03599/20000 | Train Loss 0.201587
Epoch 03600/20000 | Train Loss 0.204930
Epoch 03601/20000 | Train Loss 0.200989
Epoch 03602/20000 | Train Loss 0.201978
Epoch 03603/20000 | Train Loss 0.183319
Epoch 03604/20000 | Train Loss 0.209840
Epoch 03605/20000 | Train Loss 0.232724
Epoch 03606/20000 | Train Loss 0.205392
Epoch 03607/20000 | Train Loss 0.223327
Epoch 03608/20000 | Train Loss 0.204227
Epoch 03609/20000 | Train Loss 0.198380
Epoch 03610/20000 | Train Loss 0.173929
Epoch 03611/20000 | Train Loss 0.206954
Epoch 03612/20000 | Train Loss 0.171824
Epoch 03613/20000 | Train Loss 0.176478
Epoch 03614/20000 | Train Loss 0.203208
Epoch 03615/20000 | Train Loss 0.207957
Epoch 03616/20000 | Train Loss 0.187043
Epoch 03617/20000 | Train Loss 0.178781
Epoch 03618/20000 | Train Loss 0.201761
Epoch 03619/20000 | Train Loss 0.191218
Epoch 03620/20000 | Train Loss 0.200331
Epoch 03621/20000 | Train Loss 0.187129
Epoch 03622/20000 | Train Loss 0.176455
Epoch 03623/20000 | Train Loss 0.201331
Epoch 03624/20000 | Train Loss 0.189497
Epoch 03625/20000 | Train Loss 0.202483
Epoch 03626/20000 | Train Loss 0.150600
Epoch 03627/20000 | Train Loss 0.179976
Epoch 03628/20000 | Train Loss 0.206958
Epoch 03629/20000 | Train Loss 0.251234
Epoch 03630/20000 | Train Loss 0.254349
Epoch 03631/20000 | Train Loss 0.226255
Epoch 03632/20000 | Train Loss 0.201561
Epoch 03633/20000 | Train Loss 0.202120
Epoch 03634/20000 | Train Loss 0.192086
Epoch 03635/20000 | Train Loss 0.192817
Epoch 03636/20000 | Train Loss 0.195537
Epoch 03637/20000 | Train Loss 0.212207
Epoch 03638/20000 | Train Loss 0.190981
Epoch 03639/20000 | Train Loss 0.185904
Epoch 03640/20000 | Train Loss 0.209544
Epoch 03641/20000 | Train Loss 0.194520
Epoch 03642/20000 | Train Loss 0.183221
Epoch 03643/20000 | Train Loss 0.205857
Epoch 03644/20000 | Train Loss 0.174486
Epoch 03645/20000 | Train Loss 0.247534
Epoch 03646/20000 | Train Loss 0.236529
Epoch 03647/20000 | Train Loss 0.214636
Epoch 03648/20000 | Train Loss 0.230574
Epoch 03649/20000 | Train Loss 0.177063
Epoch 03650/20000 | Train Loss 0.197859
Epoch 03651/20000 | Train Loss 0.174177
Epoch 03652/20000 | Train Loss 0.177074
Epoch 03653/20000 | Train Loss 0.196872
Epoch 03654/20000 | Train Loss 0.207100
Epoch 03655/20000 | Train Loss 0.173455
Epoch 03656/20000 | Train Loss 0.192147
Epoch 03657/20000 | Train Loss 0.155797
Epoch 03658/20000 | Train Loss 0.209939
Epoch 03659/20000 | Train Loss 0.188137
Epoch 03660/20000 | Train Loss 0.188444
Epoch 03661/20000 | Train Loss 0.200979
Epoch 03662/20000 | Train Loss 0.203729
Epoch 03663/20000 | Train Loss 0.194585
Epoch 03664/20000 | Train Loss 0.192457
Epoch 03665/20000 | Train Loss 0.213510
Epoch 03666/20000 | Train Loss 0.196562
Epoch 03667/20000 | Train Loss 0.160139
Epoch 03668/20000 | Train Loss 0.192550
Epoch 03669/20000 | Train Loss 0.185195
Epoch 03670/20000 | Train Loss 0.197621
Epoch 03671/20000 | Train Loss 0.222094
Epoch 03672/20000 | Train Loss 0.198841
Epoch 03673/20000 | Train Loss 0.199005
Epoch 03674/20000 | Train Loss 0.178145
Epoch 03675/20000 | Train Loss 0.213026
Epoch 03676/20000 | Train Loss 0.225320
Epoch 03677/20000 | Train Loss 0.195790
Epoch 03678/20000 | Train Loss 0.218182
Epoch 03679/20000 | Train Loss 0.209472
Epoch 03680/20000 | Train Loss 0.183013
Epoch 03681/20000 | Train Loss 0.191707
Epoch 03682/20000 | Train Loss 0.174403
Epoch 03683/20000 | Train Loss 0.179541
Epoch 03684/20000 | Train Loss 0.217178
Epoch 03685/20000 | Train Loss 0.206197
Epoch 03686/20000 | Train Loss 0.176946
Epoch 03687/20000 | Train Loss 0.206961
Epoch 03688/20000 | Train Loss 0.180110
Epoch 03689/20000 | Train Loss 0.190843
Epoch 03690/20000 | Train Loss 0.197648
Epoch 03691/20000 | Train Loss 0.182114
Epoch 03692/20000 | Train Loss 0.197013
Epoch 03693/20000 | Train Loss 0.194740
Epoch 03694/20000 | Train Loss 0.198033
Epoch 03695/20000 | Train Loss 0.213786
Epoch 03696/20000 | Train Loss 0.190138
Epoch 03697/20000 | Train Loss 0.262116
Epoch 03698/20000 | Train Loss 0.217783
Epoch 03699/20000 | Train Loss 0.202953
Epoch 03700/20000 | Train Loss 0.223215
Epoch 03701/20000 | Train Loss 0.182278
Epoch 03702/20000 | Train Loss 0.221289
Epoch 03703/20000 | Train Loss 0.191593
Epoch 03704/20000 | Train Loss 0.178015
Epoch 03705/20000 | Train Loss 0.165228
Epoch 03706/20000 | Train Loss 0.199538
Epoch 03707/20000 | Train Loss 0.194794
Epoch 03708/20000 | Train Loss 0.180392
Epoch 03709/20000 | Train Loss 0.217314
Epoch 03710/20000 | Train Loss 0.204632
Epoch 03711/20000 | Train Loss 0.179642
Epoch 03712/20000 | Train Loss 0.186469
Epoch 03713/20000 | Train Loss 0.176389
Epoch 03714/20000 | Train Loss 0.177915
Epoch 03715/20000 | Train Loss 0.203221
Epoch 03716/20000 | Train Loss 0.217832
Epoch 03717/20000 | Train Loss 0.214489
Epoch 03718/20000 | Train Loss 0.188352
Epoch 03719/20000 | Train Loss 0.198180
Epoch 03720/20000 | Train Loss 0.192151
Epoch 03721/20000 | Train Loss 0.223128
Epoch 03722/20000 | Train Loss 0.220615
Epoch 03723/20000 | Train Loss 0.203328
Epoch 03724/20000 | Train Loss 0.186369
Epoch 03725/20000 | Train Loss 0.196629
Epoch 03726/20000 | Train Loss 0.203751
Epoch 03727/20000 | Train Loss 0.196094
Epoch 03728/20000 | Train Loss 0.187250
Epoch 03729/20000 | Train Loss 0.162817
Epoch 03730/20000 | Train Loss 0.178296
Epoch 03731/20000 | Train Loss 0.166473
Epoch 03732/20000 | Train Loss 0.198822
Epoch 03733/20000 | Train Loss 0.216673
Epoch 03734/20000 | Train Loss 0.187661
Epoch 03735/20000 | Train Loss 0.206979
Epoch 03736/20000 | Train Loss 0.183739
Epoch 03737/20000 | Train Loss 0.191316
Epoch 03738/20000 | Train Loss 0.199391
Epoch 03739/20000 | Train Loss 0.181468
Epoch 03740/20000 | Train Loss 0.183453
Epoch 03741/20000 | Train Loss 0.153664
Epoch 03742/20000 | Train Loss 0.182286
Epoch 03743/20000 | Train Loss 0.198977
Epoch 03744/20000 | Train Loss 0.173522
Epoch 03745/20000 | Train Loss 0.155983
Epoch 03746/20000 | Train Loss 0.200743
Epoch 03747/20000 | Train Loss 0.152495
Epoch 03748/20000 | Train Loss 0.207931
Epoch 03749/20000 | Train Loss 0.170427
Epoch 03750/20000 | Train Loss 0.216626
Epoch 03751/20000 | Train Loss 0.190565
Epoch 03752/20000 | Train Loss 0.171258
Epoch 03753/20000 | Train Loss 0.171700
Epoch 03754/20000 | Train Loss 0.186229
Epoch 03755/20000 | Train Loss 0.171448
Epoch 03756/20000 | Train Loss 0.186872
Epoch 03757/20000 | Train Loss 0.194247
Epoch 03758/20000 | Train Loss 0.208431
Epoch 03759/20000 | Train Loss 0.209863
Epoch 03760/20000 | Train Loss 0.206126
Epoch 03761/20000 | Train Loss 0.177363
Epoch 03762/20000 | Train Loss 0.196688
Epoch 03763/20000 | Train Loss 0.167544
Epoch 03764/20000 | Train Loss 0.172565
Epoch 03765/20000 | Train Loss 0.224055
Epoch 03766/20000 | Train Loss 0.185698
Epoch 03767/20000 | Train Loss 0.193025
Epoch 03768/20000 | Train Loss 0.189313
Epoch 03769/20000 | Train Loss 0.159380
Epoch 03770/20000 | Train Loss 0.175819
Epoch 03771/20000 | Train Loss 0.182006
Epoch 03772/20000 | Train Loss 0.213711
Epoch 03773/20000 | Train Loss 0.200456
Epoch 03774/20000 | Train Loss 0.169562
Epoch 03775/20000 | Train Loss 0.158791
Epoch 03776/20000 | Train Loss 0.166952
Epoch 03777/20000 | Train Loss 0.180458
Epoch 03778/20000 | Train Loss 0.187321
Epoch 03779/20000 | Train Loss 0.167518
Epoch 03780/20000 | Train Loss 0.160219
Epoch 03781/20000 | Train Loss 0.162008
Epoch 03782/20000 | Train Loss 0.190180
Epoch 03783/20000 | Train Loss 0.184546
Epoch 03784/20000 | Train Loss 0.171773
Epoch 03785/20000 | Train Loss 0.180137
Epoch 03786/20000 | Train Loss 0.171034
Epoch 03787/20000 | Train Loss 0.193118
Epoch 03788/20000 | Train Loss 0.201552
Epoch 03789/20000 | Train Loss 0.175262
Epoch 03790/20000 | Train Loss 0.172548
Epoch 03791/20000 | Train Loss 0.150625
Epoch 03792/20000 | Train Loss 0.169676
Epoch 03793/20000 | Train Loss 0.160634
Epoch 03794/20000 | Train Loss 0.190517
Epoch 03795/20000 | Train Loss 0.177889
Epoch 03796/20000 | Train Loss 0.208396
Epoch 03797/20000 | Train Loss 0.177598
Epoch 03798/20000 | Train Loss 0.165895
Epoch 03799/20000 | Train Loss 0.158717
Epoch 03800/20000 | Train Loss 0.185636
Epoch 03801/20000 | Train Loss 0.208069
Epoch 03802/20000 | Train Loss 0.176198
Epoch 03803/20000 | Train Loss 0.182774
Epoch 03804/20000 | Train Loss 0.176740
Epoch 03805/20000 | Train Loss 0.191315
Epoch 03806/20000 | Train Loss 0.186582
Epoch 03807/20000 | Train Loss 0.200912
Epoch 03808/20000 | Train Loss 0.195268
Epoch 03809/20000 | Train Loss 0.181764
Epoch 03810/20000 | Train Loss 0.167287
Epoch 03811/20000 | Train Loss 0.200029
Epoch 03812/20000 | Train Loss 0.171397
Epoch 03813/20000 | Train Loss 0.162537
Epoch 03814/20000 | Train Loss 0.185086
Epoch 03815/20000 | Train Loss 0.178423
Epoch 03816/20000 | Train Loss 0.176311
Epoch 03817/20000 | Train Loss 0.177862
Epoch 03818/20000 | Train Loss 0.193386
Epoch 03819/20000 | Train Loss 0.225546
Epoch 03820/20000 | Train Loss 0.158388
Epoch 03821/20000 | Train Loss 0.186335
Epoch 03822/20000 | Train Loss 0.172697
Epoch 03823/20000 | Train Loss 0.212167
Epoch 03824/20000 | Train Loss 0.198870
Epoch 03825/20000 | Train Loss 0.178144
Epoch 03826/20000 | Train Loss 0.186247
Epoch 03827/20000 | Train Loss 0.184458
Epoch 03828/20000 | Train Loss 0.196276
Epoch 03829/20000 | Train Loss 0.193748
Epoch 03830/20000 | Train Loss 0.176279
Epoch 03831/20000 | Train Loss 0.190960
Epoch 03832/20000 | Train Loss 0.175267
Epoch 03833/20000 | Train Loss 0.165623
Epoch 03834/20000 | Train Loss 0.178602
Epoch 03835/20000 | Train Loss 0.163183
Epoch 03836/20000 | Train Loss 0.161051
Epoch 03837/20000 | Train Loss 0.179098
Epoch 03838/20000 | Train Loss 0.180578
Epoch 03839/20000 | Train Loss 0.175364
Epoch 03840/20000 | Train Loss 0.147817
Epoch 03841/20000 | Train Loss 0.156791
Epoch 03842/20000 | Train Loss 0.165059
Epoch 03843/20000 | Train Loss 0.170074
Epoch 03844/20000 | Train Loss 0.163932
Epoch 03845/20000 | Train Loss 0.165621
Epoch 03846/20000 | Train Loss 0.171023
Epoch 03847/20000 | Train Loss 0.174187
Epoch 03848/20000 | Train Loss 0.204942
Epoch 03849/20000 | Train Loss 0.205868
Epoch 03850/20000 | Train Loss 0.192841
Epoch 03851/20000 | Train Loss 0.166357
Epoch 03852/20000 | Train Loss 0.166426
Epoch 03853/20000 | Train Loss 0.169977
Epoch 03854/20000 | Train Loss 0.157704
Epoch 03855/20000 | Train Loss 0.161946
Epoch 03856/20000 | Train Loss 0.187163
Epoch 03857/20000 | Train Loss 0.183184
Epoch 03858/20000 | Train Loss 0.146588
Epoch 03859/20000 | Train Loss 0.157429
Epoch 03860/20000 | Train Loss 0.181164
Epoch 03861/20000 | Train Loss 0.172992
Epoch 03862/20000 | Train Loss 0.182804
Epoch 03863/20000 | Train Loss 0.164698
Epoch 03864/20000 | Train Loss 0.141189
Epoch 03865/20000 | Train Loss 0.178607
Epoch 03866/20000 | Train Loss 0.170670
Epoch 03867/20000 | Train Loss 0.182005
Epoch 03868/20000 | Train Loss 0.177497
Epoch 03869/20000 | Train Loss 0.206177
Epoch 03870/20000 | Train Loss 0.188584
Epoch 03871/20000 | Train Loss 0.187772
Epoch 03872/20000 | Train Loss 0.179608
Epoch 03873/20000 | Train Loss 0.188709
Epoch 03874/20000 | Train Loss 0.169671
Epoch 03875/20000 | Train Loss 0.179890
Epoch 03876/20000 | Train Loss 0.171438
Epoch 03877/20000 | Train Loss 0.166391
Epoch 03878/20000 | Train Loss 0.170764
Epoch 03879/20000 | Train Loss 0.155882
Epoch 03880/20000 | Train Loss 0.175252
Epoch 03881/20000 | Train Loss 0.152664
Epoch 03882/20000 | Train Loss 0.164638
Epoch 03883/20000 | Train Loss 0.159591
Epoch 03884/20000 | Train Loss 0.195078
Epoch 03885/20000 | Train Loss 0.173793
Epoch 03886/20000 | Train Loss 0.172368
Epoch 03887/20000 | Train Loss 0.165038
Epoch 03888/20000 | Train Loss 0.165939
Epoch 03889/20000 | Train Loss 0.170210
Epoch 03890/20000 | Train Loss 0.170072
Epoch 03891/20000 | Train Loss 0.172030
Epoch 03892/20000 | Train Loss 0.182298
Epoch 03893/20000 | Train Loss 0.153856
Epoch 03894/20000 | Train Loss 0.182111
Epoch 03895/20000 | Train Loss 0.170181
Epoch 03896/20000 | Train Loss 0.193322
Epoch 03897/20000 | Train Loss 0.204882
Epoch 03898/20000 | Train Loss 0.190287
Epoch 03899/20000 | Train Loss 0.178394
Epoch 03900/20000 | Train Loss 0.170890
Epoch 03901/20000 | Train Loss 0.179223
Epoch 03902/20000 | Train Loss 0.164963
Epoch 03903/20000 | Train Loss 0.178221
Epoch 03904/20000 | Train Loss 0.160069
Epoch 03905/20000 | Train Loss 0.160616
Epoch 03906/20000 | Train Loss 0.167380
Epoch 03907/20000 | Train Loss 0.167888
Epoch 03908/20000 | Train Loss 0.176152
Epoch 03909/20000 | Train Loss 0.172615
Epoch 03910/20000 | Train Loss 0.169151
Epoch 03911/20000 | Train Loss 0.174749
Epoch 03912/20000 | Train Loss 0.189482
Epoch 03913/20000 | Train Loss 0.167736
Epoch 03914/20000 | Train Loss 0.148083
Epoch 03915/20000 | Train Loss 0.155374
Epoch 03916/20000 | Train Loss 0.157553
Epoch 03917/20000 | Train Loss 0.160527
Epoch 03918/20000 | Train Loss 0.160233
Epoch 03919/20000 | Train Loss 0.200746
Epoch 03920/20000 | Train Loss 0.236990
Epoch 03921/20000 | Train Loss 0.179923
Epoch 03922/20000 | Train Loss 0.137427
Epoch 03923/20000 | Train Loss 0.191721
Epoch 03924/20000 | Train Loss 0.178171
Epoch 03925/20000 | Train Loss 0.181756
Epoch 03926/20000 | Train Loss 0.159444
Epoch 03927/20000 | Train Loss 0.155763
Epoch 03928/20000 | Train Loss 0.170659
Epoch 03929/20000 | Train Loss 0.183250
Epoch 03930/20000 | Train Loss 0.171206
Epoch 03931/20000 | Train Loss 0.162623
Epoch 03932/20000 | Train Loss 0.165779
Epoch 03933/20000 | Train Loss 0.193691
Epoch 03934/20000 | Train Loss 0.155519
Epoch 03935/20000 | Train Loss 0.150367
Epoch 03936/20000 | Train Loss 0.165906
Epoch 03937/20000 | Train Loss 0.170209
Epoch 03938/20000 | Train Loss 0.207175
Epoch 03939/20000 | Train Loss 0.185460
Epoch 03940/20000 | Train Loss 0.169094
Epoch 03941/20000 | Train Loss 0.159705
Epoch 03942/20000 | Train Loss 0.198120
Epoch 03943/20000 | Train Loss 0.170509
Epoch 03944/20000 | Train Loss 0.174329
Epoch 03945/20000 | Train Loss 0.151656
Epoch 03946/20000 | Train Loss 0.168794
Epoch 03947/20000 | Train Loss 0.187377
Epoch 03948/20000 | Train Loss 0.161874
Epoch 03949/20000 | Train Loss 0.163595
Epoch 03950/20000 | Train Loss 0.167784
Epoch 03951/20000 | Train Loss 0.149261
Epoch 03952/20000 | Train Loss 0.155702
Epoch 03953/20000 | Train Loss 0.159977
Epoch 03954/20000 | Train Loss 0.153987
Epoch 03955/20000 | Train Loss 0.156616
Epoch 03956/20000 | Train Loss 0.180532
Epoch 03957/20000 | Train Loss 0.183135
Epoch 03958/20000 | Train Loss 0.163484
Epoch 03959/20000 | Train Loss 0.151154
Epoch 03960/20000 | Train Loss 0.142423
Epoch 03961/20000 | Train Loss 0.149097
Epoch 03962/20000 | Train Loss 0.187693
Epoch 03963/20000 | Train Loss 0.158208
Epoch 03964/20000 | Train Loss 0.189460
Epoch 03965/20000 | Train Loss 0.192510
Epoch 03966/20000 | Train Loss 0.194950
Epoch 03967/20000 | Train Loss 0.165374
Epoch 03968/20000 | Train Loss 0.193583
Epoch 03969/20000 | Train Loss 0.155319
Epoch 03970/20000 | Train Loss 0.157976
Epoch 03971/20000 | Train Loss 0.176764
Epoch 03972/20000 | Train Loss 0.171913
Epoch 03973/20000 | Train Loss 0.185440
Epoch 03974/20000 | Train Loss 0.223951
Epoch 03975/20000 | Train Loss 0.203440
Epoch 03976/20000 | Train Loss 0.149893
Epoch 03977/20000 | Train Loss 0.163657
Epoch 03978/20000 | Train Loss 0.178241
Epoch 03979/20000 | Train Loss 0.180650
Epoch 03980/20000 | Train Loss 0.149117
Epoch 03981/20000 | Train Loss 0.139921
Epoch 03982/20000 | Train Loss 0.152256
Epoch 03983/20000 | Train Loss 0.167690
Epoch 03984/20000 | Train Loss 0.179093
Epoch 03985/20000 | Train Loss 0.170100
Epoch 03986/20000 | Train Loss 0.152505
Epoch 03987/20000 | Train Loss 0.156629
Epoch 03988/20000 | Train Loss 0.152070
Epoch 03989/20000 | Train Loss 0.142183
Epoch 03990/20000 | Train Loss 0.167546
Epoch 03991/20000 | Train Loss 0.152675
Epoch 03992/20000 | Train Loss 0.147664
Epoch 03993/20000 | Train Loss 0.169865
Epoch 03994/20000 | Train Loss 0.163892
Epoch 03995/20000 | Train Loss 0.166279
Epoch 03996/20000 | Train Loss 0.170741
Epoch 03997/20000 | Train Loss 0.162088
Epoch 03998/20000 | Train Loss 0.158541
Epoch 03999/20000 | Train Loss 0.180366
Epoch 04000/20000 | Train Loss 0.141069
  --> Checkpoint saved at epoch 4000.
Epoch 04001/20000 | Train Loss 0.161632
Epoch 04002/20000 | Train Loss 0.164995
Epoch 04003/20000 | Train Loss 0.159382
Epoch 04004/20000 | Train Loss 0.147651
Epoch 04005/20000 | Train Loss 0.161813
Epoch 04006/20000 | Train Loss 0.169303
Epoch 04007/20000 | Train Loss 0.165217
Epoch 04008/20000 | Train Loss 0.182284
Epoch 04009/20000 | Train Loss 0.182848
Epoch 04010/20000 | Train Loss 0.181475
Epoch 04011/20000 | Train Loss 0.159237
Epoch 04012/20000 | Train Loss 0.155648
Epoch 04013/20000 | Train Loss 0.146490
Epoch 04014/20000 | Train Loss 0.153597
Epoch 04015/20000 | Train Loss 0.163800
Epoch 04016/20000 | Train Loss 0.140629
Epoch 04017/20000 | Train Loss 0.152784
Epoch 04018/20000 | Train Loss 0.179434
Epoch 04019/20000 | Train Loss 0.156732
Epoch 04020/20000 | Train Loss 0.176180
Epoch 04021/20000 | Train Loss 0.195613
Epoch 04022/20000 | Train Loss 0.160773
Epoch 04023/20000 | Train Loss 0.142779
Epoch 04024/20000 | Train Loss 0.163097
Epoch 04025/20000 | Train Loss 0.164632
Epoch 04026/20000 | Train Loss 0.162916
Epoch 04027/20000 | Train Loss 0.155813
Epoch 04028/20000 | Train Loss 0.157344
Epoch 04029/20000 | Train Loss 0.162307
Epoch 04030/20000 | Train Loss 0.164592
Epoch 04031/20000 | Train Loss 0.168952
Epoch 04032/20000 | Train Loss 0.177310
Epoch 04033/20000 | Train Loss 0.148190
Epoch 04034/20000 | Train Loss 0.196451
Epoch 04035/20000 | Train Loss 0.159946
Epoch 04036/20000 | Train Loss 0.150514
Epoch 04037/20000 | Train Loss 0.139612
Epoch 04038/20000 | Train Loss 0.150266
Epoch 04039/20000 | Train Loss 0.154572
Epoch 04040/20000 | Train Loss 0.164569
Epoch 04041/20000 | Train Loss 0.150201
Epoch 04042/20000 | Train Loss 0.161297
Epoch 04043/20000 | Train Loss 0.154030
Epoch 04044/20000 | Train Loss 0.170884
Epoch 04045/20000 | Train Loss 0.161261
Epoch 04046/20000 | Train Loss 0.192663
Epoch 04047/20000 | Train Loss 0.185238
Epoch 04048/20000 | Train Loss 0.138942
Epoch 04049/20000 | Train Loss 0.154632
Epoch 04050/20000 | Train Loss 0.142923
Epoch 04051/20000 | Train Loss 0.170937
Epoch 04052/20000 | Train Loss 0.146865
Epoch 04053/20000 | Train Loss 0.171587
Epoch 04054/20000 | Train Loss 0.169157
Epoch 04055/20000 | Train Loss 0.162546
Epoch 04056/20000 | Train Loss 0.181254
Epoch 04057/20000 | Train Loss 0.182452
Epoch 04058/20000 | Train Loss 0.164861
Epoch 04059/20000 | Train Loss 0.173461
Epoch 04060/20000 | Train Loss 0.175838
Epoch 04061/20000 | Train Loss 0.176548
Epoch 04062/20000 | Train Loss 0.150821
Epoch 04063/20000 | Train Loss 0.173137
Epoch 04064/20000 | Train Loss 0.138741
Epoch 04065/20000 | Train Loss 0.172102
Epoch 04066/20000 | Train Loss 0.146969
Epoch 04067/20000 | Train Loss 0.130526
Epoch 04068/20000 | Train Loss 0.168915
Epoch 04069/20000 | Train Loss 0.172198
Epoch 04070/20000 | Train Loss 0.186994
Epoch 04071/20000 | Train Loss 0.182324
Epoch 04072/20000 | Train Loss 0.158906
Epoch 04073/20000 | Train Loss 0.156416
Epoch 04074/20000 | Train Loss 0.166613
Epoch 04075/20000 | Train Loss 0.191987
Epoch 04076/20000 | Train Loss 0.175413
Epoch 04077/20000 | Train Loss 0.159673
Epoch 04078/20000 | Train Loss 0.141155
Epoch 04079/20000 | Train Loss 0.150521
Epoch 04080/20000 | Train Loss 0.162984
Epoch 04081/20000 | Train Loss 0.159511
Epoch 04082/20000 | Train Loss 0.145207
Epoch 04083/20000 | Train Loss 0.181771
Epoch 04084/20000 | Train Loss 0.191590
Epoch 04085/20000 | Train Loss 0.196213
Epoch 04086/20000 | Train Loss 0.141626
Epoch 04087/20000 | Train Loss 0.170903
Epoch 04088/20000 | Train Loss 0.133962
Epoch 04089/20000 | Train Loss 0.144739
Epoch 04090/20000 | Train Loss 0.135228
Epoch 04091/20000 | Train Loss 0.147717
Epoch 04092/20000 | Train Loss 0.151350
Epoch 04093/20000 | Train Loss 0.190849
Epoch 04094/20000 | Train Loss 0.168066
Epoch 04095/20000 | Train Loss 0.157093
Epoch 04096/20000 | Train Loss 0.155816
Epoch 04097/20000 | Train Loss 0.172857
Epoch 04098/20000 | Train Loss 0.138916
Epoch 04099/20000 | Train Loss 0.151331
Epoch 04100/20000 | Train Loss 0.143029
Epoch 04101/20000 | Train Loss 0.158114
Epoch 04102/20000 | Train Loss 0.160818
Epoch 04103/20000 | Train Loss 0.141815
Epoch 04104/20000 | Train Loss 0.161824
Epoch 04105/20000 | Train Loss 0.170195
Epoch 04106/20000 | Train Loss 0.176084
Epoch 04107/20000 | Train Loss 0.145431
Epoch 04108/20000 | Train Loss 0.156672
Epoch 04109/20000 | Train Loss 0.145605
Epoch 04110/20000 | Train Loss 0.182250
Epoch 04111/20000 | Train Loss 0.162009
Epoch 04112/20000 | Train Loss 0.146423
Epoch 04113/20000 | Train Loss 0.150751
Epoch 04114/20000 | Train Loss 0.148138
Epoch 04115/20000 | Train Loss 0.137475
Epoch 04116/20000 | Train Loss 0.152874
Epoch 04117/20000 | Train Loss 0.148136
Epoch 04118/20000 | Train Loss 0.163057
Epoch 04119/20000 | Train Loss 0.147465
Epoch 04120/20000 | Train Loss 0.161716
Epoch 04121/20000 | Train Loss 0.165209
Epoch 04122/20000 | Train Loss 0.140336
Epoch 04123/20000 | Train Loss 0.156830
Epoch 04124/20000 | Train Loss 0.159714
Epoch 04125/20000 | Train Loss 0.145859
Epoch 04126/20000 | Train Loss 0.153927
Epoch 04127/20000 | Train Loss 0.144462
Epoch 04128/20000 | Train Loss 0.165995
Epoch 04129/20000 | Train Loss 0.172668
Epoch 04130/20000 | Train Loss 0.171158
Epoch 04131/20000 | Train Loss 0.174723
Epoch 04132/20000 | Train Loss 0.154104
Epoch 04133/20000 | Train Loss 0.142126
Epoch 04134/20000 | Train Loss 0.149423
Epoch 04135/20000 | Train Loss 0.121859
Epoch 04136/20000 | Train Loss 0.125026
Epoch 04137/20000 | Train Loss 0.144037
Epoch 04138/20000 | Train Loss 0.127040
Epoch 04139/20000 | Train Loss 0.155001
Epoch 04140/20000 | Train Loss 0.159046
Epoch 04141/20000 | Train Loss 0.147442
Epoch 04142/20000 | Train Loss 0.163066
Epoch 04143/20000 | Train Loss 0.137152
Epoch 04144/20000 | Train Loss 0.162758
Epoch 04145/20000 | Train Loss 0.149999
Epoch 04146/20000 | Train Loss 0.159774
Epoch 04147/20000 | Train Loss 0.193323
Epoch 04148/20000 | Train Loss 0.153107
Epoch 04149/20000 | Train Loss 0.169994
Epoch 04150/20000 | Train Loss 0.148151
Epoch 04151/20000 | Train Loss 0.151385
Epoch 04152/20000 | Train Loss 0.122320
Epoch 04153/20000 | Train Loss 0.154976
Epoch 04154/20000 | Train Loss 0.190946
Epoch 04155/20000 | Train Loss 0.181090
Epoch 04156/20000 | Train Loss 0.164794
Epoch 04157/20000 | Train Loss 0.172951
Epoch 04158/20000 | Train Loss 0.109861
Epoch 04159/20000 | Train Loss 0.147653
Epoch 04160/20000 | Train Loss 0.154858
Epoch 04161/20000 | Train Loss 0.142270
Epoch 04162/20000 | Train Loss 0.141610
Epoch 04163/20000 | Train Loss 0.154388
Epoch 04164/20000 | Train Loss 0.145822
Epoch 04165/20000 | Train Loss 0.154206
Epoch 04166/20000 | Train Loss 0.159875
Epoch 04167/20000 | Train Loss 0.150541
Epoch 04168/20000 | Train Loss 0.172473
Epoch 04169/20000 | Train Loss 0.139576
Epoch 04170/20000 | Train Loss 0.182049
Epoch 04171/20000 | Train Loss 0.141837
Epoch 04172/20000 | Train Loss 0.145213
Epoch 04173/20000 | Train Loss 0.162428
Epoch 04174/20000 | Train Loss 0.139088
Epoch 04175/20000 | Train Loss 0.189705
Epoch 04176/20000 | Train Loss 0.174275
Epoch 04177/20000 | Train Loss 0.158963
Epoch 04178/20000 | Train Loss 0.130718
Epoch 04179/20000 | Train Loss 0.134010
Epoch 04180/20000 | Train Loss 0.186965
Epoch 04181/20000 | Train Loss 0.146043
Epoch 04182/20000 | Train Loss 0.154259
Epoch 04183/20000 | Train Loss 0.166668
Epoch 04184/20000 | Train Loss 0.159659
Epoch 04185/20000 | Train Loss 0.179149
Epoch 04186/20000 | Train Loss 0.161576
Epoch 04187/20000 | Train Loss 0.162221
Epoch 04188/20000 | Train Loss 0.135743
Epoch 04189/20000 | Train Loss 0.156448
Epoch 04190/20000 | Train Loss 0.115791
Epoch 04191/20000 | Train Loss 0.126750
Epoch 04192/20000 | Train Loss 0.135955
Epoch 04193/20000 | Train Loss 0.158293
Epoch 04194/20000 | Train Loss 0.131922
Epoch 04195/20000 | Train Loss 0.155069
Epoch 04196/20000 | Train Loss 0.185487
Epoch 04197/20000 | Train Loss 0.183630
Epoch 04198/20000 | Train Loss 0.141123
Epoch 04199/20000 | Train Loss 0.142764
Epoch 04200/20000 | Train Loss 0.178317
Epoch 04201/20000 | Train Loss 0.141061
Epoch 04202/20000 | Train Loss 0.146371
Epoch 04203/20000 | Train Loss 0.158000
Epoch 04204/20000 | Train Loss 0.161110
Epoch 04205/20000 | Train Loss 0.155754
Epoch 04206/20000 | Train Loss 0.126771
Epoch 04207/20000 | Train Loss 0.131564
Epoch 04208/20000 | Train Loss 0.130758
Epoch 04209/20000 | Train Loss 0.140908
Epoch 04210/20000 | Train Loss 0.126205
Epoch 04211/20000 | Train Loss 0.126170
Epoch 04212/20000 | Train Loss 0.132268
Epoch 04213/20000 | Train Loss 0.133274
Epoch 04214/20000 | Train Loss 0.155593
Epoch 04215/20000 | Train Loss 0.164325
Epoch 04216/20000 | Train Loss 0.191272
Epoch 04217/20000 | Train Loss 0.174521
Epoch 04218/20000 | Train Loss 0.160502
Epoch 04219/20000 | Train Loss 0.137458
Epoch 04220/20000 | Train Loss 0.129176
Epoch 04221/20000 | Train Loss 0.135672
Epoch 04222/20000 | Train Loss 0.153754
Epoch 04223/20000 | Train Loss 0.144634
Epoch 04224/20000 | Train Loss 0.145758
Epoch 04225/20000 | Train Loss 0.132711
Epoch 04226/20000 | Train Loss 0.150450
Epoch 04227/20000 | Train Loss 0.123630
Epoch 04228/20000 | Train Loss 0.133060
Epoch 04229/20000 | Train Loss 0.177068
Epoch 04230/20000 | Train Loss 0.150185
Epoch 04231/20000 | Train Loss 0.149170
Epoch 04232/20000 | Train Loss 0.122437
Epoch 04233/20000 | Train Loss 0.141803
Epoch 04234/20000 | Train Loss 0.162899
Epoch 04235/20000 | Train Loss 0.128659
Epoch 04236/20000 | Train Loss 0.126432
Epoch 04237/20000 | Train Loss 0.126739
Epoch 04238/20000 | Train Loss 0.144011
Epoch 04239/20000 | Train Loss 0.150695
Epoch 04240/20000 | Train Loss 0.132448
Epoch 04241/20000 | Train Loss 0.161269
Epoch 04242/20000 | Train Loss 0.148401
Epoch 04243/20000 | Train Loss 0.183642
Epoch 04244/20000 | Train Loss 0.146869
Epoch 04245/20000 | Train Loss 0.148925
Epoch 04246/20000 | Train Loss 0.157791
Epoch 04247/20000 | Train Loss 0.155165
Epoch 04248/20000 | Train Loss 0.132603
Epoch 04249/20000 | Train Loss 0.138916
Epoch 04250/20000 | Train Loss 0.124552
Epoch 04251/20000 | Train Loss 0.121948
Epoch 04252/20000 | Train Loss 0.162584
Epoch 04253/20000 | Train Loss 0.203377
Epoch 04254/20000 | Train Loss 0.144081
Epoch 04255/20000 | Train Loss 0.150863
Epoch 04256/20000 | Train Loss 0.127834
Epoch 04257/20000 | Train Loss 0.155074
Epoch 04258/20000 | Train Loss 0.129573
Epoch 04259/20000 | Train Loss 0.160313
Epoch 04260/20000 | Train Loss 0.136273
Epoch 04261/20000 | Train Loss 0.142377
Epoch 04262/20000 | Train Loss 0.131716
Epoch 04263/20000 | Train Loss 0.134190
Epoch 04264/20000 | Train Loss 0.137704
Epoch 04265/20000 | Train Loss 0.131279
Epoch 04266/20000 | Train Loss 0.159948
Epoch 04267/20000 | Train Loss 0.152149
Epoch 04268/20000 | Train Loss 0.179841
Epoch 04269/20000 | Train Loss 0.142325
Epoch 04270/20000 | Train Loss 0.140395
Epoch 04271/20000 | Train Loss 0.114499
Epoch 04272/20000 | Train Loss 0.124250
Epoch 04273/20000 | Train Loss 0.112249
Epoch 04274/20000 | Train Loss 0.122607
Epoch 04275/20000 | Train Loss 0.121365
Epoch 04276/20000 | Train Loss 0.136431
Epoch 04277/20000 | Train Loss 0.143846
Epoch 04278/20000 | Train Loss 0.172155
Epoch 04279/20000 | Train Loss 0.154065
Epoch 04280/20000 | Train Loss 0.118838
Epoch 04281/20000 | Train Loss 0.127164
Epoch 04282/20000 | Train Loss 0.124234
Epoch 04283/20000 | Train Loss 0.143259
Epoch 04284/20000 | Train Loss 0.167569
Epoch 04285/20000 | Train Loss 0.153466
Epoch 04286/20000 | Train Loss 0.157368
Epoch 04287/20000 | Train Loss 0.135305
Epoch 04288/20000 | Train Loss 0.134581
Epoch 04289/20000 | Train Loss 0.162241
Epoch 04290/20000 | Train Loss 0.146741
Epoch 04291/20000 | Train Loss 0.168960
Epoch 04292/20000 | Train Loss 0.115446
Epoch 04293/20000 | Train Loss 0.123413
Epoch 04294/20000 | Train Loss 0.115290
Epoch 04295/20000 | Train Loss 0.140960
Epoch 04296/20000 | Train Loss 0.129164
Epoch 04297/20000 | Train Loss 0.175131
Epoch 04298/20000 | Train Loss 0.152247
Epoch 04299/20000 | Train Loss 0.163497
Epoch 04300/20000 | Train Loss 0.119448
Epoch 04301/20000 | Train Loss 0.143370
Epoch 04302/20000 | Train Loss 0.143622
Epoch 04303/20000 | Train Loss 0.123600
Epoch 04304/20000 | Train Loss 0.125136
Epoch 04305/20000 | Train Loss 0.131737
Epoch 04306/20000 | Train Loss 0.128314
Epoch 04307/20000 | Train Loss 0.161708
Epoch 04308/20000 | Train Loss 0.170126
Epoch 04309/20000 | Train Loss 0.160413
Epoch 04310/20000 | Train Loss 0.133467
Epoch 04311/20000 | Train Loss 0.155835
Epoch 04312/20000 | Train Loss 0.140944
Epoch 04313/20000 | Train Loss 0.140507
Epoch 04314/20000 | Train Loss 0.151309
Epoch 04315/20000 | Train Loss 0.160288
Epoch 04316/20000 | Train Loss 0.137150
Epoch 04317/20000 | Train Loss 0.128159
Epoch 04318/20000 | Train Loss 0.125654
Epoch 04319/20000 | Train Loss 0.143290
Epoch 04320/20000 | Train Loss 0.156404
Epoch 04321/20000 | Train Loss 0.151106
Epoch 04322/20000 | Train Loss 0.143243
Epoch 04323/20000 | Train Loss 0.128095
Epoch 04324/20000 | Train Loss 0.116663
Epoch 04325/20000 | Train Loss 0.123967
Epoch 04326/20000 | Train Loss 0.163004
Epoch 04327/20000 | Train Loss 0.188781
Epoch 04328/20000 | Train Loss 0.153992
Epoch 04329/20000 | Train Loss 0.133837
Epoch 04330/20000 | Train Loss 0.155492
Epoch 04331/20000 | Train Loss 0.149058
Epoch 04332/20000 | Train Loss 0.155983
Epoch 04333/20000 | Train Loss 0.133660
Epoch 04334/20000 | Train Loss 0.159709
Epoch 04335/20000 | Train Loss 0.142094
Epoch 04336/20000 | Train Loss 0.160509
Epoch 04337/20000 | Train Loss 0.136780
Epoch 04338/20000 | Train Loss 0.145892
Epoch 04339/20000 | Train Loss 0.149336
Epoch 04340/20000 | Train Loss 0.127841
Epoch 04341/20000 | Train Loss 0.140047
Epoch 04342/20000 | Train Loss 0.132678
Epoch 04343/20000 | Train Loss 0.141919
Epoch 04344/20000 | Train Loss 0.124716
Epoch 04345/20000 | Train Loss 0.123368
Epoch 04346/20000 | Train Loss 0.151222
Epoch 04347/20000 | Train Loss 0.120875
Epoch 04348/20000 | Train Loss 0.148257
Epoch 04349/20000 | Train Loss 0.161881
Epoch 04350/20000 | Train Loss 0.131561
Epoch 04351/20000 | Train Loss 0.154840
Epoch 04352/20000 | Train Loss 0.151871
Epoch 04353/20000 | Train Loss 0.153846
Epoch 04354/20000 | Train Loss 0.148245
Epoch 04355/20000 | Train Loss 0.178751
Epoch 04356/20000 | Train Loss 0.179284
Epoch 04357/20000 | Train Loss 0.146334
Epoch 04358/20000 | Train Loss 0.144174
Epoch 04359/20000 | Train Loss 0.142646
Epoch 04360/20000 | Train Loss 0.130768
Epoch 04361/20000 | Train Loss 0.134794
Epoch 04362/20000 | Train Loss 0.116519
Epoch 04363/20000 | Train Loss 0.144510
Epoch 04364/20000 | Train Loss 0.132728
Epoch 04365/20000 | Train Loss 0.125718
Epoch 04366/20000 | Train Loss 0.145334
Epoch 04367/20000 | Train Loss 0.139922
Epoch 04368/20000 | Train Loss 0.156425
Epoch 04369/20000 | Train Loss 0.130951
Epoch 04370/20000 | Train Loss 0.116069
Epoch 04371/20000 | Train Loss 0.152954
Epoch 04372/20000 | Train Loss 0.157338
Epoch 04373/20000 | Train Loss 0.137608
Epoch 04374/20000 | Train Loss 0.122187
Epoch 04375/20000 | Train Loss 0.099681
Epoch 04376/20000 | Train Loss 0.127734
Epoch 04377/20000 | Train Loss 0.110558
Epoch 04378/20000 | Train Loss 0.111430
Epoch 04379/20000 | Train Loss 0.106503
Epoch 04380/20000 | Train Loss 0.107236
Epoch 04381/20000 | Train Loss 0.126662
Epoch 04382/20000 | Train Loss 0.121118
Epoch 04383/20000 | Train Loss 0.130145
Epoch 04384/20000 | Train Loss 0.119745
Epoch 04385/20000 | Train Loss 0.114304
Epoch 04386/20000 | Train Loss 0.140249
Epoch 04387/20000 | Train Loss 0.135249
Epoch 04388/20000 | Train Loss 0.118611
Epoch 04389/20000 | Train Loss 0.137473
Epoch 04390/20000 | Train Loss 0.106148
Epoch 04391/20000 | Train Loss 0.121589
Epoch 04392/20000 | Train Loss 0.112902
Epoch 04393/20000 | Train Loss 0.110568
Epoch 04394/20000 | Train Loss 0.129103
Epoch 04395/20000 | Train Loss 0.122274
Epoch 04396/20000 | Train Loss 0.178210
Epoch 04397/20000 | Train Loss 0.225305
Epoch 04398/20000 | Train Loss 0.170063
Epoch 04399/20000 | Train Loss 0.149483
Epoch 04400/20000 | Train Loss 0.141651
Epoch 04401/20000 | Train Loss 0.142040
Epoch 04402/20000 | Train Loss 0.134797
Epoch 04403/20000 | Train Loss 0.135530
Epoch 04404/20000 | Train Loss 0.120563
Epoch 04405/20000 | Train Loss 0.110827
Epoch 04406/20000 | Train Loss 0.122445
Epoch 04407/20000 | Train Loss 0.135134
Epoch 04408/20000 | Train Loss 0.191484
Epoch 04409/20000 | Train Loss 0.143410
Epoch 04410/20000 | Train Loss 0.142494
Epoch 04411/20000 | Train Loss 0.162902
Epoch 04412/20000 | Train Loss 0.150510
Epoch 04413/20000 | Train Loss 0.134615
Epoch 04414/20000 | Train Loss 0.126320
Epoch 04415/20000 | Train Loss 0.119585
Epoch 04416/20000 | Train Loss 0.105617
Epoch 04417/20000 | Train Loss 0.120292
Epoch 04418/20000 | Train Loss 0.115892
Epoch 04419/20000 | Train Loss 0.119942
Epoch 04420/20000 | Train Loss 0.129538
Epoch 04421/20000 | Train Loss 0.129623
Epoch 04422/20000 | Train Loss 0.146469
Epoch 04423/20000 | Train Loss 0.134028
Epoch 04424/20000 | Train Loss 0.149070
Epoch 04425/20000 | Train Loss 0.152002
Epoch 04426/20000 | Train Loss 0.134508
Epoch 04427/20000 | Train Loss 0.135065
Epoch 04428/20000 | Train Loss 0.133991
Epoch 04429/20000 | Train Loss 0.116952
Epoch 04430/20000 | Train Loss 0.115165
Epoch 04431/20000 | Train Loss 0.149898
Epoch 04432/20000 | Train Loss 0.148936
Epoch 04433/20000 | Train Loss 0.142580
Epoch 04434/20000 | Train Loss 0.159433
Epoch 04435/20000 | Train Loss 0.139166
Epoch 04436/20000 | Train Loss 0.115501
Epoch 04437/20000 | Train Loss 0.128748
Epoch 04438/20000 | Train Loss 0.102697
Epoch 04439/20000 | Train Loss 0.122395
Epoch 04440/20000 | Train Loss 0.134009
Epoch 04441/20000 | Train Loss 0.163247
Epoch 04442/20000 | Train Loss 0.149658
Epoch 04443/20000 | Train Loss 0.125645
Epoch 04444/20000 | Train Loss 0.129718
Epoch 04445/20000 | Train Loss 0.170914
Epoch 04446/20000 | Train Loss 0.147001
Epoch 04447/20000 | Train Loss 0.146820
Epoch 04448/20000 | Train Loss 0.140555
Epoch 04449/20000 | Train Loss 0.125885
Epoch 04450/20000 | Train Loss 0.120095
Epoch 04451/20000 | Train Loss 0.141833
Epoch 04452/20000 | Train Loss 0.125462
Epoch 04453/20000 | Train Loss 0.121104
Epoch 04454/20000 | Train Loss 0.113764
Epoch 04455/20000 | Train Loss 0.107366
Epoch 04456/20000 | Train Loss 0.110644
Epoch 04457/20000 | Train Loss 0.139652
Epoch 04458/20000 | Train Loss 0.123682
Epoch 04459/20000 | Train Loss 0.163631
Epoch 04460/20000 | Train Loss 0.151735
Epoch 04461/20000 | Train Loss 0.162939
Epoch 04462/20000 | Train Loss 0.140500
Epoch 04463/20000 | Train Loss 0.123629
Epoch 04464/20000 | Train Loss 0.126587
Epoch 04465/20000 | Train Loss 0.139412
Epoch 04466/20000 | Train Loss 0.112847
Epoch 04467/20000 | Train Loss 0.115152
Epoch 04468/20000 | Train Loss 0.121322
Epoch 04469/20000 | Train Loss 0.129538
Epoch 04470/20000 | Train Loss 0.172078
Epoch 04471/20000 | Train Loss 0.136824
Epoch 04472/20000 | Train Loss 0.123861
Epoch 04473/20000 | Train Loss 0.139966
Epoch 04474/20000 | Train Loss 0.131849
Epoch 04475/20000 | Train Loss 0.125024
Epoch 04476/20000 | Train Loss 0.141058
Epoch 04477/20000 | Train Loss 0.147977
Epoch 04478/20000 | Train Loss 0.127778
Epoch 04479/20000 | Train Loss 0.126560
Epoch 04480/20000 | Train Loss 0.126044
Epoch 04481/20000 | Train Loss 0.114109
Epoch 04482/20000 | Train Loss 0.111274
Epoch 04483/20000 | Train Loss 0.128924
Epoch 04484/20000 | Train Loss 0.141647
Epoch 04485/20000 | Train Loss 0.149430
Epoch 04486/20000 | Train Loss 0.125148
Epoch 04487/20000 | Train Loss 0.123127
Epoch 04488/20000 | Train Loss 0.112626
Epoch 04489/20000 | Train Loss 0.102417
Epoch 04490/20000 | Train Loss 0.108473
Epoch 04491/20000 | Train Loss 0.130021
Epoch 04492/20000 | Train Loss 0.097342
Epoch 04493/20000 | Train Loss 0.117602
Epoch 04494/20000 | Train Loss 0.140676
Epoch 04495/20000 | Train Loss 0.112806
Epoch 04496/20000 | Train Loss 0.113728
Epoch 04497/20000 | Train Loss 0.117909
Epoch 04498/20000 | Train Loss 0.121608
Epoch 04499/20000 | Train Loss 0.130245
Epoch 04500/20000 | Train Loss 0.145270
  --> Checkpoint saved at epoch 4500.
Epoch 04501/20000 | Train Loss 0.112675
Epoch 04502/20000 | Train Loss 0.124930
Epoch 04503/20000 | Train Loss 0.100965
Epoch 04504/20000 | Train Loss 0.102064
Epoch 04505/20000 | Train Loss 0.127401
Epoch 04506/20000 | Train Loss 0.127701
Epoch 04507/20000 | Train Loss 0.108069
Epoch 04508/20000 | Train Loss 0.120746
Epoch 04509/20000 | Train Loss 0.109664
Epoch 04510/20000 | Train Loss 0.134737
Epoch 04511/20000 | Train Loss 0.142737
Epoch 04512/20000 | Train Loss 0.106494
Epoch 04513/20000 | Train Loss 0.115873
Epoch 04514/20000 | Train Loss 0.130010
Epoch 04515/20000 | Train Loss 0.106941
Epoch 04516/20000 | Train Loss 0.135875
Epoch 04517/20000 | Train Loss 0.121199
Epoch 04518/20000 | Train Loss 0.116911
Epoch 04519/20000 | Train Loss 0.107340
Epoch 04520/20000 | Train Loss 0.109316
Epoch 04521/20000 | Train Loss 0.114163
Epoch 04522/20000 | Train Loss 0.122892
Epoch 04523/20000 | Train Loss 0.134591
Epoch 04524/20000 | Train Loss 0.149902
Epoch 04525/20000 | Train Loss 0.112106
Epoch 04526/20000 | Train Loss 0.097064
Epoch 04527/20000 | Train Loss 0.138767
Epoch 04528/20000 | Train Loss 0.131732
Epoch 04529/20000 | Train Loss 0.137643
Epoch 04530/20000 | Train Loss 0.138980
Epoch 04531/20000 | Train Loss 0.119305
Epoch 04532/20000 | Train Loss 0.111207
Epoch 04533/20000 | Train Loss 0.139401
Epoch 04534/20000 | Train Loss 0.133176
Epoch 04535/20000 | Train Loss 0.193862
Epoch 04536/20000 | Train Loss 0.152914
Epoch 04537/20000 | Train Loss 0.136341
Epoch 04538/20000 | Train Loss 0.131835
Epoch 04539/20000 | Train Loss 0.142911
Epoch 04540/20000 | Train Loss 0.119507
Epoch 04541/20000 | Train Loss 0.124199
Epoch 04542/20000 | Train Loss 0.126314
Epoch 04543/20000 | Train Loss 0.101903
Epoch 04544/20000 | Train Loss 0.110354
Epoch 04545/20000 | Train Loss 0.109987
Epoch 04546/20000 | Train Loss 0.098563
Epoch 04547/20000 | Train Loss 0.122049
Epoch 04548/20000 | Train Loss 0.146830
Epoch 04549/20000 | Train Loss 0.134805
Epoch 04550/20000 | Train Loss 0.127009
Epoch 04551/20000 | Train Loss 0.109876
Epoch 04552/20000 | Train Loss 0.117420
Epoch 04553/20000 | Train Loss 0.115283
Epoch 04554/20000 | Train Loss 0.134990
Epoch 04555/20000 | Train Loss 0.179273
Epoch 04556/20000 | Train Loss 0.177938
Epoch 04557/20000 | Train Loss 0.119416
Epoch 04558/20000 | Train Loss 0.125351
Epoch 04559/20000 | Train Loss 0.116835
Epoch 04560/20000 | Train Loss 0.116039
Epoch 04561/20000 | Train Loss 0.127743
Epoch 04562/20000 | Train Loss 0.118160
Epoch 04563/20000 | Train Loss 0.103380
Epoch 04564/20000 | Train Loss 0.123249
Epoch 04565/20000 | Train Loss 0.114732
Epoch 04566/20000 | Train Loss 0.125551
Epoch 04567/20000 | Train Loss 0.130725
Epoch 04568/20000 | Train Loss 0.149494
Epoch 04569/20000 | Train Loss 0.129332
Epoch 04570/20000 | Train Loss 0.115203
Epoch 04571/20000 | Train Loss 0.099707
Epoch 04572/20000 | Train Loss 0.126459
Epoch 04573/20000 | Train Loss 0.108594
Epoch 04574/20000 | Train Loss 0.114599
Epoch 04575/20000 | Train Loss 0.110698
Epoch 04576/20000 | Train Loss 0.109573
Epoch 04577/20000 | Train Loss 0.097893
Epoch 04578/20000 | Train Loss 0.108019
Epoch 04579/20000 | Train Loss 0.119159
Epoch 04580/20000 | Train Loss 0.110893
Epoch 04581/20000 | Train Loss 0.123207
Epoch 04582/20000 | Train Loss 0.143649
Epoch 04583/20000 | Train Loss 0.121732
Epoch 04584/20000 | Train Loss 0.134941
Epoch 04585/20000 | Train Loss 0.115968
Epoch 04586/20000 | Train Loss 0.126139
Epoch 04587/20000 | Train Loss 0.150915
Epoch 04588/20000 | Train Loss 0.150103
Epoch 04589/20000 | Train Loss 0.140833
Epoch 04590/20000 | Train Loss 0.131333
Epoch 04591/20000 | Train Loss 0.116354
Epoch 04592/20000 | Train Loss 0.104337
Epoch 04593/20000 | Train Loss 0.140195
Epoch 04594/20000 | Train Loss 0.123664
Epoch 04595/20000 | Train Loss 0.110614
Epoch 04596/20000 | Train Loss 0.128119
Epoch 04597/20000 | Train Loss 0.140433
Epoch 04598/20000 | Train Loss 0.131271
Epoch 04599/20000 | Train Loss 0.128878
Epoch 04600/20000 | Train Loss 0.129831
Epoch 04601/20000 | Train Loss 0.136855
Epoch 04602/20000 | Train Loss 0.125546
Epoch 04603/20000 | Train Loss 0.111324
Epoch 04604/20000 | Train Loss 0.116299
Epoch 04605/20000 | Train Loss 0.136831
Epoch 04606/20000 | Train Loss 0.124147
Epoch 04607/20000 | Train Loss 0.123414
Epoch 04608/20000 | Train Loss 0.108730
Epoch 04609/20000 | Train Loss 0.110118
Epoch 04610/20000 | Train Loss 0.109609
Epoch 04611/20000 | Train Loss 0.104020
Epoch 04612/20000 | Train Loss 0.109815
Epoch 04613/20000 | Train Loss 0.110160
Epoch 04614/20000 | Train Loss 0.113762
Epoch 04615/20000 | Train Loss 0.107540
Epoch 04616/20000 | Train Loss 0.127462
Epoch 04617/20000 | Train Loss 0.121315
Epoch 04618/20000 | Train Loss 0.124038
Epoch 04619/20000 | Train Loss 0.116369
Epoch 04620/20000 | Train Loss 0.105136
Epoch 04621/20000 | Train Loss 0.097241
Epoch 04622/20000 | Train Loss 0.115025
Epoch 04623/20000 | Train Loss 0.133736
Epoch 04624/20000 | Train Loss 0.098972
Epoch 04625/20000 | Train Loss 0.091124
Epoch 04626/20000 | Train Loss 0.097840
Epoch 04627/20000 | Train Loss 0.114610
Epoch 04628/20000 | Train Loss 0.101498
Epoch 04629/20000 | Train Loss 0.148913
Epoch 04630/20000 | Train Loss 0.144104
Epoch 04631/20000 | Train Loss 0.146834
Epoch 04632/20000 | Train Loss 0.101774
Epoch 04633/20000 | Train Loss 0.120359
Epoch 04634/20000 | Train Loss 0.131977
Epoch 04635/20000 | Train Loss 0.132751
Epoch 04636/20000 | Train Loss 0.107380
Epoch 04637/20000 | Train Loss 0.123033
Epoch 04638/20000 | Train Loss 0.117737
Epoch 04639/20000 | Train Loss 0.123241
Epoch 04640/20000 | Train Loss 0.093197
Epoch 04641/20000 | Train Loss 0.122216
Epoch 04642/20000 | Train Loss 0.145131
Epoch 04643/20000 | Train Loss 0.121699
Epoch 04644/20000 | Train Loss 0.127405
Epoch 04645/20000 | Train Loss 0.100590
Epoch 04646/20000 | Train Loss 0.140731
Epoch 04647/20000 | Train Loss 0.162927
Epoch 04648/20000 | Train Loss 0.180392
Epoch 04649/20000 | Train Loss 0.141612
Epoch 04650/20000 | Train Loss 0.153342
Epoch 04651/20000 | Train Loss 0.129075
Epoch 04652/20000 | Train Loss 0.129524
Epoch 04653/20000 | Train Loss 0.112602
Epoch 04654/20000 | Train Loss 0.108045
Epoch 04655/20000 | Train Loss 0.090633
Epoch 04656/20000 | Train Loss 0.105004
Epoch 04657/20000 | Train Loss 0.114409
Epoch 04658/20000 | Train Loss 0.092328
Epoch 04659/20000 | Train Loss 0.123835
Epoch 04660/20000 | Train Loss 0.155428
Epoch 04661/20000 | Train Loss 0.185800
Epoch 04662/20000 | Train Loss 0.127563
Epoch 04663/20000 | Train Loss 0.127318
Epoch 04664/20000 | Train Loss 0.116872
Epoch 04665/20000 | Train Loss 0.097175
Epoch 04666/20000 | Train Loss 0.111782
Epoch 04667/20000 | Train Loss 0.104138
Epoch 04668/20000 | Train Loss 0.104580
Epoch 04669/20000 | Train Loss 0.107743
Epoch 04670/20000 | Train Loss 0.119232
Epoch 04671/20000 | Train Loss 0.105477
Epoch 04672/20000 | Train Loss 0.117696
Epoch 04673/20000 | Train Loss 0.109706
Epoch 04674/20000 | Train Loss 0.152631
Epoch 04675/20000 | Train Loss 0.166516
Epoch 04676/20000 | Train Loss 0.129923
Epoch 04677/20000 | Train Loss 0.132888
Epoch 04678/20000 | Train Loss 0.109061
Epoch 04679/20000 | Train Loss 0.125457
Epoch 04680/20000 | Train Loss 0.128984
Epoch 04681/20000 | Train Loss 0.127914
Epoch 04682/20000 | Train Loss 0.110547
Epoch 04683/20000 | Train Loss 0.118889
Epoch 04684/20000 | Train Loss 0.129749
Epoch 04685/20000 | Train Loss 0.153951
Epoch 04686/20000 | Train Loss 0.159722
Epoch 04687/20000 | Train Loss 0.130420
Epoch 04688/20000 | Train Loss 0.112741
Epoch 04689/20000 | Train Loss 0.126754
Epoch 04690/20000 | Train Loss 0.106997
Epoch 04691/20000 | Train Loss 0.096878
Epoch 04692/20000 | Train Loss 0.090863
Epoch 04693/20000 | Train Loss 0.102772
Epoch 04694/20000 | Train Loss 0.107385
Epoch 04695/20000 | Train Loss 0.121175
Epoch 04696/20000 | Train Loss 0.117560
Epoch 04697/20000 | Train Loss 0.111796
Epoch 04698/20000 | Train Loss 0.097650
Epoch 04699/20000 | Train Loss 0.125316
Epoch 04700/20000 | Train Loss 0.137379
Epoch 04701/20000 | Train Loss 0.117746
Epoch 04702/20000 | Train Loss 0.126003
Epoch 04703/20000 | Train Loss 0.097577
Epoch 04704/20000 | Train Loss 0.101752
Epoch 04705/20000 | Train Loss 0.108624
Epoch 04706/20000 | Train Loss 0.136708
Epoch 04707/20000 | Train Loss 0.139171
Epoch 04708/20000 | Train Loss 0.116729
Epoch 04709/20000 | Train Loss 0.130986
Epoch 04710/20000 | Train Loss 0.106671
Epoch 04711/20000 | Train Loss 0.112897
Epoch 04712/20000 | Train Loss 0.101319
Epoch 04713/20000 | Train Loss 0.098544
Epoch 04714/20000 | Train Loss 0.100795
Epoch 04715/20000 | Train Loss 0.105575
Epoch 04716/20000 | Train Loss 0.093033
Epoch 04717/20000 | Train Loss 0.114184
Epoch 04718/20000 | Train Loss 0.097279
Epoch 04719/20000 | Train Loss 0.121275
Epoch 04720/20000 | Train Loss 0.170764
Epoch 04721/20000 | Train Loss 0.183827
Epoch 04722/20000 | Train Loss 0.154401
Epoch 04723/20000 | Train Loss 0.116927
Epoch 04724/20000 | Train Loss 0.141485
Epoch 04725/20000 | Train Loss 0.131118
Epoch 04726/20000 | Train Loss 0.117215
Epoch 04727/20000 | Train Loss 0.101023
Epoch 04728/20000 | Train Loss 0.097832
Epoch 04729/20000 | Train Loss 0.111738
Epoch 04730/20000 | Train Loss 0.116863
Epoch 04731/20000 | Train Loss 0.151426
Epoch 04732/20000 | Train Loss 0.133959
Epoch 04733/20000 | Train Loss 0.112697
Epoch 04734/20000 | Train Loss 0.108815
Epoch 04735/20000 | Train Loss 0.148692
Epoch 04736/20000 | Train Loss 0.218731
Epoch 04737/20000 | Train Loss 0.177024
Epoch 04738/20000 | Train Loss 0.145713
Epoch 04739/20000 | Train Loss 0.150771
Epoch 04740/20000 | Train Loss 0.131826
Epoch 04741/20000 | Train Loss 0.128782
Epoch 04742/20000 | Train Loss 0.114310
Epoch 04743/20000 | Train Loss 0.114763
Epoch 04744/20000 | Train Loss 0.109724
Epoch 04745/20000 | Train Loss 0.108151
Epoch 04746/20000 | Train Loss 0.103999
Epoch 04747/20000 | Train Loss 0.105664
Epoch 04748/20000 | Train Loss 0.116034
Epoch 04749/20000 | Train Loss 0.122822
Epoch 04750/20000 | Train Loss 0.117964
Epoch 04751/20000 | Train Loss 0.109528
Epoch 04752/20000 | Train Loss 0.107371
Epoch 04753/20000 | Train Loss 0.100091
Epoch 04754/20000 | Train Loss 0.096694
Epoch 04755/20000 | Train Loss 0.108553
Epoch 04756/20000 | Train Loss 0.108911
Epoch 04757/20000 | Train Loss 0.117457
Epoch 04758/20000 | Train Loss 0.104711
Epoch 04759/20000 | Train Loss 0.117270
Epoch 04760/20000 | Train Loss 0.112104
Epoch 04761/20000 | Train Loss 0.115486
Epoch 04762/20000 | Train Loss 0.121946
Epoch 04763/20000 | Train Loss 0.113596
Epoch 04764/20000 | Train Loss 0.100428
Epoch 04765/20000 | Train Loss 0.116384
Epoch 04766/20000 | Train Loss 0.114008
Epoch 04767/20000 | Train Loss 0.111838
Epoch 04768/20000 | Train Loss 0.099872
Epoch 04769/20000 | Train Loss 0.095895
Epoch 04770/20000 | Train Loss 0.120909
Epoch 04771/20000 | Train Loss 0.157145
Epoch 04772/20000 | Train Loss 0.124796
Epoch 04773/20000 | Train Loss 0.123966
Epoch 04774/20000 | Train Loss 0.114557
Epoch 04775/20000 | Train Loss 0.123586
Epoch 04776/20000 | Train Loss 0.104187
Epoch 04777/20000 | Train Loss 0.114735
Epoch 04778/20000 | Train Loss 0.103061
Epoch 04779/20000 | Train Loss 0.090996
Epoch 04780/20000 | Train Loss 0.111404
Epoch 04781/20000 | Train Loss 0.099390
Epoch 04782/20000 | Train Loss 0.101537
Epoch 04783/20000 | Train Loss 0.090604
Epoch 04784/20000 | Train Loss 0.095324
Epoch 04785/20000 | Train Loss 0.079939
Epoch 04786/20000 | Train Loss 0.090722
Epoch 04787/20000 | Train Loss 0.096150
Epoch 04788/20000 | Train Loss 0.144120
Epoch 04789/20000 | Train Loss 0.130780
Epoch 04790/20000 | Train Loss 0.103291
Epoch 04791/20000 | Train Loss 0.102791
Epoch 04792/20000 | Train Loss 0.097197
Epoch 04793/20000 | Train Loss 0.093427
Epoch 04794/20000 | Train Loss 0.096803
Epoch 04795/20000 | Train Loss 0.092169
Epoch 04796/20000 | Train Loss 0.107362
Epoch 04797/20000 | Train Loss 0.111502
Epoch 04798/20000 | Train Loss 0.127053
Epoch 04799/20000 | Train Loss 0.098684
Epoch 04800/20000 | Train Loss 0.094166
Epoch 04801/20000 | Train Loss 0.083191
Epoch 04802/20000 | Train Loss 0.121526
Epoch 04803/20000 | Train Loss 0.128267
Epoch 04804/20000 | Train Loss 0.112982
Epoch 04805/20000 | Train Loss 0.127791
Epoch 04806/20000 | Train Loss 0.105729
Epoch 04807/20000 | Train Loss 0.094427
Epoch 04808/20000 | Train Loss 0.102047
Epoch 04809/20000 | Train Loss 0.090286
Epoch 04810/20000 | Train Loss 0.107431
Epoch 04811/20000 | Train Loss 0.110246
Epoch 04812/20000 | Train Loss 0.130726
Epoch 04813/20000 | Train Loss 0.113021
Epoch 04814/20000 | Train Loss 0.125539
Epoch 04815/20000 | Train Loss 0.110227
Epoch 04816/20000 | Train Loss 0.092462
Epoch 04817/20000 | Train Loss 0.108287
Epoch 04818/20000 | Train Loss 0.115503
Epoch 04819/20000 | Train Loss 0.107071
Epoch 04820/20000 | Train Loss 0.105832
Epoch 04821/20000 | Train Loss 0.095216
Epoch 04822/20000 | Train Loss 0.102563
Epoch 04823/20000 | Train Loss 0.096735
Epoch 04824/20000 | Train Loss 0.110932
Epoch 04825/20000 | Train Loss 0.135833
Epoch 04826/20000 | Train Loss 0.145212
Epoch 04827/20000 | Train Loss 0.136356
Epoch 04828/20000 | Train Loss 0.084739
Epoch 04829/20000 | Train Loss 0.111526
Epoch 04830/20000 | Train Loss 0.101797
Epoch 04831/20000 | Train Loss 0.114897
Epoch 04832/20000 | Train Loss 0.121440
Epoch 04833/20000 | Train Loss 0.116723
Epoch 04834/20000 | Train Loss 0.113219
Epoch 04835/20000 | Train Loss 0.114838
Epoch 04836/20000 | Train Loss 0.107691
Epoch 04837/20000 | Train Loss 0.117652
Epoch 04838/20000 | Train Loss 0.092033
Epoch 04839/20000 | Train Loss 0.097414
Epoch 04840/20000 | Train Loss 0.083030
Epoch 04841/20000 | Train Loss 0.089718
Epoch 04842/20000 | Train Loss 0.093746
Epoch 04843/20000 | Train Loss 0.121399
Epoch 04844/20000 | Train Loss 0.131353
Epoch 04845/20000 | Train Loss 0.117056
Epoch 04846/20000 | Train Loss 0.108745
Epoch 04847/20000 | Train Loss 0.091845
Epoch 04848/20000 | Train Loss 0.100123
Epoch 04849/20000 | Train Loss 0.081153
Epoch 04850/20000 | Train Loss 0.107167
Epoch 04851/20000 | Train Loss 0.106505
Epoch 04852/20000 | Train Loss 0.098756
Epoch 04853/20000 | Train Loss 0.104999
Epoch 04854/20000 | Train Loss 0.114330
Epoch 04855/20000 | Train Loss 0.103048
Epoch 04856/20000 | Train Loss 0.106318
Epoch 04857/20000 | Train Loss 0.086633
Epoch 04858/20000 | Train Loss 0.104676
Epoch 04859/20000 | Train Loss 0.111495
Epoch 04860/20000 | Train Loss 0.092901
Epoch 04861/20000 | Train Loss 0.086134
Epoch 04862/20000 | Train Loss 0.111363
Epoch 04863/20000 | Train Loss 0.087451
Epoch 04864/20000 | Train Loss 0.078785
Epoch 04865/20000 | Train Loss 0.089261
Epoch 04866/20000 | Train Loss 0.107369
Epoch 04867/20000 | Train Loss 0.119288
Epoch 04868/20000 | Train Loss 0.110940
Epoch 04869/20000 | Train Loss 0.100868
Epoch 04870/20000 | Train Loss 0.117502
Epoch 04871/20000 | Train Loss 0.145264
Epoch 04872/20000 | Train Loss 0.109272
Epoch 04873/20000 | Train Loss 0.125081
Epoch 04874/20000 | Train Loss 0.140796
Epoch 04875/20000 | Train Loss 0.115045
Epoch 04876/20000 | Train Loss 0.108779
Epoch 04877/20000 | Train Loss 0.103052
Epoch 04878/20000 | Train Loss 0.121679
Epoch 04879/20000 | Train Loss 0.112173
Epoch 04880/20000 | Train Loss 0.096926
Epoch 04881/20000 | Train Loss 0.116289
Epoch 04882/20000 | Train Loss 0.087590
Epoch 04883/20000 | Train Loss 0.097868
Epoch 04884/20000 | Train Loss 0.093965
Epoch 04885/20000 | Train Loss 0.104999
Epoch 04886/20000 | Train Loss 0.093690
Epoch 04887/20000 | Train Loss 0.108493
Epoch 04888/20000 | Train Loss 0.135330
Epoch 04889/20000 | Train Loss 0.230074
Epoch 04890/20000 | Train Loss 0.153242
Epoch 04891/20000 | Train Loss 0.146888
Epoch 04892/20000 | Train Loss 0.129476
Epoch 04893/20000 | Train Loss 0.117358
Epoch 04894/20000 | Train Loss 0.126715
Epoch 04895/20000 | Train Loss 0.109302
Epoch 04896/20000 | Train Loss 0.114948
Epoch 04897/20000 | Train Loss 0.101706
Epoch 04898/20000 | Train Loss 0.112292
Epoch 04899/20000 | Train Loss 0.106495
Epoch 04900/20000 | Train Loss 0.096532
Epoch 04901/20000 | Train Loss 0.090934
Epoch 04902/20000 | Train Loss 0.096687
Epoch 04903/20000 | Train Loss 0.094478
Epoch 04904/20000 | Train Loss 0.087714
Epoch 04905/20000 | Train Loss 0.094753
Epoch 04906/20000 | Train Loss 0.080733
Epoch 04907/20000 | Train Loss 0.085713
Epoch 04908/20000 | Train Loss 0.101490
Epoch 04909/20000 | Train Loss 0.106093
Epoch 04910/20000 | Train Loss 0.106454
Epoch 04911/20000 | Train Loss 0.126860
Epoch 04912/20000 | Train Loss 0.093370
Epoch 04913/20000 | Train Loss 0.105311
Epoch 04914/20000 | Train Loss 0.087563
Epoch 04915/20000 | Train Loss 0.108351
Epoch 04916/20000 | Train Loss 0.170687
Epoch 04917/20000 | Train Loss 0.248309
Epoch 04918/20000 | Train Loss 0.157878
Epoch 04919/20000 | Train Loss 0.138263
Epoch 04920/20000 | Train Loss 0.112495
Epoch 04921/20000 | Train Loss 0.142462
Epoch 04922/20000 | Train Loss 0.106273
Epoch 04923/20000 | Train Loss 0.122533
Epoch 04924/20000 | Train Loss 0.107979
Epoch 04925/20000 | Train Loss 0.107664
Epoch 04926/20000 | Train Loss 0.098694
Epoch 04927/20000 | Train Loss 0.098667
Epoch 04928/20000 | Train Loss 0.088150
Epoch 04929/20000 | Train Loss 0.089883
Epoch 04930/20000 | Train Loss 0.101191
Epoch 04931/20000 | Train Loss 0.091698
Epoch 04932/20000 | Train Loss 0.110339
Epoch 04933/20000 | Train Loss 0.112546
Epoch 04934/20000 | Train Loss 0.113361
Epoch 04935/20000 | Train Loss 0.106344
Epoch 04936/20000 | Train Loss 0.105411
Epoch 04937/20000 | Train Loss 0.087363
Epoch 04938/20000 | Train Loss 0.092349
Epoch 04939/20000 | Train Loss 0.085445
Epoch 04940/20000 | Train Loss 0.079854
Epoch 04941/20000 | Train Loss 0.097955
Epoch 04942/20000 | Train Loss 0.109771
Epoch 04943/20000 | Train Loss 0.129608
Epoch 04944/20000 | Train Loss 0.128325
Epoch 04945/20000 | Train Loss 0.120453
Epoch 04946/20000 | Train Loss 0.087729
Epoch 04947/20000 | Train Loss 0.092777
Epoch 04948/20000 | Train Loss 0.088546
Epoch 04949/20000 | Train Loss 0.100967
Epoch 04950/20000 | Train Loss 0.092188
Epoch 04951/20000 | Train Loss 0.082946
Epoch 04952/20000 | Train Loss 0.111224
Epoch 04953/20000 | Train Loss 0.079815
Epoch 04954/20000 | Train Loss 0.102132
Epoch 04955/20000 | Train Loss 0.104551
Epoch 04956/20000 | Train Loss 0.124335
Epoch 04957/20000 | Train Loss 0.120200
Epoch 04958/20000 | Train Loss 0.113572
Epoch 04959/20000 | Train Loss 0.086449
Epoch 04960/20000 | Train Loss 0.086728
Epoch 04961/20000 | Train Loss 0.074202
Epoch 04962/20000 | Train Loss 0.096956
Epoch 04963/20000 | Train Loss 0.072906
Epoch 04964/20000 | Train Loss 0.086285
Epoch 04965/20000 | Train Loss 0.082461
Epoch 04966/20000 | Train Loss 0.077097
Epoch 04967/20000 | Train Loss 0.079452
Epoch 04968/20000 | Train Loss 0.094109
Epoch 04969/20000 | Train Loss 0.072578
Epoch 04970/20000 | Train Loss 0.073170
Epoch 04971/20000 | Train Loss 0.120826
Epoch 04972/20000 | Train Loss 0.142731
Epoch 04973/20000 | Train Loss 0.147226
Epoch 04974/20000 | Train Loss 0.155240
Epoch 04975/20000 | Train Loss 0.145828
Epoch 04976/20000 | Train Loss 0.137530
Epoch 04977/20000 | Train Loss 0.120075
Epoch 04978/20000 | Train Loss 0.108388
Epoch 04979/20000 | Train Loss 0.085854
Epoch 04980/20000 | Train Loss 0.089303
Epoch 04981/20000 | Train Loss 0.089403
Epoch 04982/20000 | Train Loss 0.074558
Epoch 04983/20000 | Train Loss 0.083147
Epoch 04984/20000 | Train Loss 0.096910
Epoch 04985/20000 | Train Loss 0.089348
Epoch 04986/20000 | Train Loss 0.095339
Epoch 04987/20000 | Train Loss 0.088853
Epoch 04988/20000 | Train Loss 0.090208
Epoch 04989/20000 | Train Loss 0.091336
Epoch 04990/20000 | Train Loss 0.090837
Epoch 04991/20000 | Train Loss 0.096930
Epoch 04992/20000 | Train Loss 0.121570
Epoch 04993/20000 | Train Loss 0.151630
Epoch 04994/20000 | Train Loss 0.097844
Epoch 04995/20000 | Train Loss 0.089260
Epoch 04996/20000 | Train Loss 0.112018
Epoch 04997/20000 | Train Loss 0.074751
Epoch 04998/20000 | Train Loss 0.097441
Epoch 04999/20000 | Train Loss 0.125378
Epoch 05000/20000 | Train Loss 0.124717
  --> Checkpoint saved at epoch 5000.
Epoch 05001/20000 | Train Loss 0.116262
Epoch 05002/20000 | Train Loss 0.076924
Epoch 05003/20000 | Train Loss 0.103250
Epoch 05004/20000 | Train Loss 0.091158
Epoch 05005/20000 | Train Loss 0.102116
Epoch 05006/20000 | Train Loss 0.104040
Epoch 05007/20000 | Train Loss 0.101546
Epoch 05008/20000 | Train Loss 0.095358
Epoch 05009/20000 | Train Loss 0.102583
Epoch 05010/20000 | Train Loss 0.085678
Epoch 05011/20000 | Train Loss 0.100241
Epoch 05012/20000 | Train Loss 0.087223
Epoch 05013/20000 | Train Loss 0.110667
Epoch 05014/20000 | Train Loss 0.096386
Epoch 05015/20000 | Train Loss 0.093021
Epoch 05016/20000 | Train Loss 0.071879
Epoch 05017/20000 | Train Loss 0.090043
Epoch 05018/20000 | Train Loss 0.095207
Epoch 05019/20000 | Train Loss 0.103725
Epoch 05020/20000 | Train Loss 0.099433
Epoch 05021/20000 | Train Loss 0.104825
Epoch 05022/20000 | Train Loss 0.078757
Epoch 05023/20000 | Train Loss 0.082672
Epoch 05024/20000 | Train Loss 0.135450
Epoch 05025/20000 | Train Loss 0.123669
Epoch 05026/20000 | Train Loss 0.121207
Epoch 05027/20000 | Train Loss 0.099745
Epoch 05028/20000 | Train Loss 0.108700
Epoch 05029/20000 | Train Loss 0.101913
Epoch 05030/20000 | Train Loss 0.091980
Epoch 05031/20000 | Train Loss 0.111061
Epoch 05032/20000 | Train Loss 0.088133
Epoch 05033/20000 | Train Loss 0.090451
Epoch 05034/20000 | Train Loss 0.065363
Epoch 05035/20000 | Train Loss 0.093015
Epoch 05036/20000 | Train Loss 0.099796
Epoch 05037/20000 | Train Loss 0.081148
Epoch 05038/20000 | Train Loss 0.088404
Epoch 05039/20000 | Train Loss 0.087242
Epoch 05040/20000 | Train Loss 0.084484
Epoch 05041/20000 | Train Loss 0.107709
Epoch 05042/20000 | Train Loss 0.099605
Epoch 05043/20000 | Train Loss 0.083117
Epoch 05044/20000 | Train Loss 0.098179
Epoch 05045/20000 | Train Loss 0.140557
Epoch 05046/20000 | Train Loss 0.116150
Epoch 05047/20000 | Train Loss 0.096749
Epoch 05048/20000 | Train Loss 0.092670
Epoch 05049/20000 | Train Loss 0.092369
Epoch 05050/20000 | Train Loss 0.106039
Epoch 05051/20000 | Train Loss 0.112443
Epoch 05052/20000 | Train Loss 0.088066
Epoch 05053/20000 | Train Loss 0.111052
Epoch 05054/20000 | Train Loss 0.105938
Epoch 05055/20000 | Train Loss 0.104503
Epoch 05056/20000 | Train Loss 0.089871
Epoch 05057/20000 | Train Loss 0.111155
Epoch 05058/20000 | Train Loss 0.092885
Epoch 05059/20000 | Train Loss 0.088186
Epoch 05060/20000 | Train Loss 0.106527
Epoch 05061/20000 | Train Loss 0.095057
Epoch 05062/20000 | Train Loss 0.077107
Epoch 05063/20000 | Train Loss 0.087406
Epoch 05064/20000 | Train Loss 0.082580
Epoch 05065/20000 | Train Loss 0.084370
Epoch 05066/20000 | Train Loss 0.125184
Epoch 05067/20000 | Train Loss 0.114256
Epoch 05068/20000 | Train Loss 0.087329
Epoch 05069/20000 | Train Loss 0.107836
Epoch 05070/20000 | Train Loss 0.090955
Epoch 05071/20000 | Train Loss 0.075219
Epoch 05072/20000 | Train Loss 0.079592
Epoch 05073/20000 | Train Loss 0.086751
Epoch 05074/20000 | Train Loss 0.101339
Epoch 05075/20000 | Train Loss 0.078274
Epoch 05076/20000 | Train Loss 0.074828
Epoch 05077/20000 | Train Loss 0.100705
Epoch 05078/20000 | Train Loss 0.103174
Epoch 05079/20000 | Train Loss 0.082779
Epoch 05080/20000 | Train Loss 0.081581
Epoch 05081/20000 | Train Loss 0.089289
Epoch 05082/20000 | Train Loss 0.078340
Epoch 05083/20000 | Train Loss 0.105484
Epoch 05084/20000 | Train Loss 0.119538
Epoch 05085/20000 | Train Loss 0.113907
Epoch 05086/20000 | Train Loss 0.100706
Epoch 05087/20000 | Train Loss 0.091119
Epoch 05088/20000 | Train Loss 0.077381
Epoch 05089/20000 | Train Loss 0.098748
Epoch 05090/20000 | Train Loss 0.100484
Epoch 05091/20000 | Train Loss 0.084587
Epoch 05092/20000 | Train Loss 0.093613
Epoch 05093/20000 | Train Loss 0.105224
Epoch 05094/20000 | Train Loss 0.081814
Epoch 05095/20000 | Train Loss 0.092592
Epoch 05096/20000 | Train Loss 0.080655
Epoch 05097/20000 | Train Loss 0.094408
Epoch 05098/20000 | Train Loss 0.080944
Epoch 05099/20000 | Train Loss 0.071296
Epoch 05100/20000 | Train Loss 0.078103
Epoch 05101/20000 | Train Loss 0.086360
Epoch 05102/20000 | Train Loss 0.100266
Epoch 05103/20000 | Train Loss 0.122406
Epoch 05104/20000 | Train Loss 0.124162
Epoch 05105/20000 | Train Loss 0.111172
Epoch 05106/20000 | Train Loss 0.109682
Epoch 05107/20000 | Train Loss 0.103839
Epoch 05108/20000 | Train Loss 0.091709
Epoch 05109/20000 | Train Loss 0.079246
Epoch 05110/20000 | Train Loss 0.085219
Epoch 05111/20000 | Train Loss 0.079600
Epoch 05112/20000 | Train Loss 0.085380
Epoch 05113/20000 | Train Loss 0.069594
Epoch 05114/20000 | Train Loss 0.080545
Epoch 05115/20000 | Train Loss 0.075550
Epoch 05116/20000 | Train Loss 0.091006
Epoch 05117/20000 | Train Loss 0.082411
Epoch 05118/20000 | Train Loss 0.084537
Epoch 05119/20000 | Train Loss 0.073827
Epoch 05120/20000 | Train Loss 0.080501
Epoch 05121/20000 | Train Loss 0.118496
Epoch 05122/20000 | Train Loss 0.156703
Epoch 05123/20000 | Train Loss 0.181794
Epoch 05124/20000 | Train Loss 0.133850
Epoch 05125/20000 | Train Loss 0.109684
Epoch 05126/20000 | Train Loss 0.107984
Epoch 05127/20000 | Train Loss 0.096813
Epoch 05128/20000 | Train Loss 0.084770
Epoch 05129/20000 | Train Loss 0.073453
Epoch 05130/20000 | Train Loss 0.089288
Epoch 05131/20000 | Train Loss 0.079702
Epoch 05132/20000 | Train Loss 0.078594
Epoch 05133/20000 | Train Loss 0.065117
Epoch 05134/20000 | Train Loss 0.080339
Epoch 05135/20000 | Train Loss 0.107404
Epoch 05136/20000 | Train Loss 0.085288
Epoch 05137/20000 | Train Loss 0.079789
Epoch 05138/20000 | Train Loss 0.065976
Epoch 05139/20000 | Train Loss 0.082759
Epoch 05140/20000 | Train Loss 0.086587
Epoch 05141/20000 | Train Loss 0.097158
Epoch 05142/20000 | Train Loss 0.079854
Epoch 05143/20000 | Train Loss 0.077879
Epoch 05144/20000 | Train Loss 0.096557
Epoch 05145/20000 | Train Loss 0.078286
Epoch 05146/20000 | Train Loss 0.074153
Epoch 05147/20000 | Train Loss 0.088426
Epoch 05148/20000 | Train Loss 0.053491
Epoch 05149/20000 | Train Loss 0.076699
Epoch 05150/20000 | Train Loss 0.078633
Epoch 05151/20000 | Train Loss 0.086725
Epoch 05152/20000 | Train Loss 0.110007
Epoch 05153/20000 | Train Loss 0.150016
Epoch 05154/20000 | Train Loss 0.102544
Epoch 05155/20000 | Train Loss 0.091178
Epoch 05156/20000 | Train Loss 0.087671
Epoch 05157/20000 | Train Loss 0.106261
Epoch 05158/20000 | Train Loss 0.109041
Epoch 05159/20000 | Train Loss 0.126543
Epoch 05160/20000 | Train Loss 0.111069
Epoch 05161/20000 | Train Loss 0.073325
Epoch 05162/20000 | Train Loss 0.083176
Epoch 05163/20000 | Train Loss 0.109567
Epoch 05164/20000 | Train Loss 0.133370
Epoch 05165/20000 | Train Loss 0.121541
Epoch 05166/20000 | Train Loss 0.133612
Epoch 05167/20000 | Train Loss 0.076871
Epoch 05168/20000 | Train Loss 0.117224
Epoch 05169/20000 | Train Loss 0.107653
Epoch 05170/20000 | Train Loss 0.107048
Epoch 05171/20000 | Train Loss 0.092724
Epoch 05172/20000 | Train Loss 0.087381
Epoch 05173/20000 | Train Loss 0.092729
Epoch 05174/20000 | Train Loss 0.076066
Epoch 05175/20000 | Train Loss 0.065145
Epoch 05176/20000 | Train Loss 0.072496
Epoch 05177/20000 | Train Loss 0.080422
Epoch 05178/20000 | Train Loss 0.075237
Epoch 05179/20000 | Train Loss 0.090031
Epoch 05180/20000 | Train Loss 0.091672
Epoch 05181/20000 | Train Loss 0.106225
Epoch 05182/20000 | Train Loss 0.098891
Epoch 05183/20000 | Train Loss 0.096592
Epoch 05184/20000 | Train Loss 0.116258
Epoch 05185/20000 | Train Loss 0.153478
Epoch 05186/20000 | Train Loss 0.111762
Epoch 05187/20000 | Train Loss 0.110596
Epoch 05188/20000 | Train Loss 0.095757
Epoch 05189/20000 | Train Loss 0.087805
Epoch 05190/20000 | Train Loss 0.082243
Epoch 05191/20000 | Train Loss 0.079574
Epoch 05192/20000 | Train Loss 0.062887
Epoch 05193/20000 | Train Loss 0.077148
Epoch 05194/20000 | Train Loss 0.086181
Epoch 05195/20000 | Train Loss 0.088273
Epoch 05196/20000 | Train Loss 0.073938
Epoch 05197/20000 | Train Loss 0.075464
Epoch 05198/20000 | Train Loss 0.076233
Epoch 05199/20000 | Train Loss 0.079888
Epoch 05200/20000 | Train Loss 0.080176
Epoch 05201/20000 | Train Loss 0.085968
Epoch 05202/20000 | Train Loss 0.127775
Epoch 05203/20000 | Train Loss 0.119134
Epoch 05204/20000 | Train Loss 0.115375
Epoch 05205/20000 | Train Loss 0.116481
Epoch 05206/20000 | Train Loss 0.082312
Epoch 05207/20000 | Train Loss 0.091241
Epoch 05208/20000 | Train Loss 0.087125
Epoch 05209/20000 | Train Loss 0.079769
Epoch 05210/20000 | Train Loss 0.084703
Epoch 05211/20000 | Train Loss 0.116683
Epoch 05212/20000 | Train Loss 0.103208
Epoch 05213/20000 | Train Loss 0.084141
Epoch 05214/20000 | Train Loss 0.087699
Epoch 05215/20000 | Train Loss 0.073513
Epoch 05216/20000 | Train Loss 0.095664
Epoch 05217/20000 | Train Loss 0.081420
Epoch 05218/20000 | Train Loss 0.105386
Epoch 05219/20000 | Train Loss 0.066950
Epoch 05220/20000 | Train Loss 0.070601
Epoch 05221/20000 | Train Loss 0.074652
Epoch 05222/20000 | Train Loss 0.083218
Epoch 05223/20000 | Train Loss 0.089355
Epoch 05224/20000 | Train Loss 0.076468
Epoch 05225/20000 | Train Loss 0.075915
Epoch 05226/20000 | Train Loss 0.095958
Epoch 05227/20000 | Train Loss 0.106950
Epoch 05228/20000 | Train Loss 0.115508
Epoch 05229/20000 | Train Loss 0.101636
Epoch 05230/20000 | Train Loss 0.086352
Epoch 05231/20000 | Train Loss 0.064211
Epoch 05232/20000 | Train Loss 0.075210
Epoch 05233/20000 | Train Loss 0.068704
Epoch 05234/20000 | Train Loss 0.077132
Epoch 05235/20000 | Train Loss 0.079726
Epoch 05236/20000 | Train Loss 0.079302
Epoch 05237/20000 | Train Loss 0.085241
Epoch 05238/20000 | Train Loss 0.087698
Epoch 05239/20000 | Train Loss 0.108818
Epoch 05240/20000 | Train Loss 0.129244
Epoch 05241/20000 | Train Loss 0.077848
Epoch 05242/20000 | Train Loss 0.090604
Epoch 05243/20000 | Train Loss 0.117491
Epoch 05244/20000 | Train Loss 0.078789
Epoch 05245/20000 | Train Loss 0.094037
Epoch 05246/20000 | Train Loss 0.082897
Epoch 05247/20000 | Train Loss 0.072699
Epoch 05248/20000 | Train Loss 0.069404
Epoch 05249/20000 | Train Loss 0.099161
Epoch 05250/20000 | Train Loss 0.065182
Epoch 05251/20000 | Train Loss 0.070652
Epoch 05252/20000 | Train Loss 0.070073
Epoch 05253/20000 | Train Loss 0.080684
Epoch 05254/20000 | Train Loss 0.101559
Epoch 05255/20000 | Train Loss 0.096668
Epoch 05256/20000 | Train Loss 0.088986
Epoch 05257/20000 | Train Loss 0.093323
Epoch 05258/20000 | Train Loss 0.074873
Epoch 05259/20000 | Train Loss 0.065642
Epoch 05260/20000 | Train Loss 0.073554
Epoch 05261/20000 | Train Loss 0.075566
Epoch 05262/20000 | Train Loss 0.131960
Epoch 05263/20000 | Train Loss 0.108246
Epoch 05264/20000 | Train Loss 0.092867
Epoch 05265/20000 | Train Loss 0.058653
Epoch 05266/20000 | Train Loss 0.081387
Epoch 05267/20000 | Train Loss 0.067173
Epoch 05268/20000 | Train Loss 0.073451
Epoch 05269/20000 | Train Loss 0.062505
Epoch 05270/20000 | Train Loss 0.068048
Epoch 05271/20000 | Train Loss 0.072601
Epoch 05272/20000 | Train Loss 0.074773
Epoch 05273/20000 | Train Loss 0.087870
Epoch 05274/20000 | Train Loss 0.085969
Epoch 05275/20000 | Train Loss 0.080419
Epoch 05276/20000 | Train Loss 0.065848
Epoch 05277/20000 | Train Loss 0.060697
Epoch 05278/20000 | Train Loss 0.090105
Epoch 05279/20000 | Train Loss 0.089121
Epoch 05280/20000 | Train Loss 0.090802
Epoch 05281/20000 | Train Loss 0.074212
Epoch 05282/20000 | Train Loss 0.065983
Epoch 05283/20000 | Train Loss 0.078604
Epoch 05284/20000 | Train Loss 0.070992
Epoch 05285/20000 | Train Loss 0.085786
Epoch 05286/20000 | Train Loss 0.079877
Epoch 05287/20000 | Train Loss 0.096911
Epoch 05288/20000 | Train Loss 0.069572
Epoch 05289/20000 | Train Loss 0.064804
Epoch 05290/20000 | Train Loss 0.080079
Epoch 05291/20000 | Train Loss 0.075780
Epoch 05292/20000 | Train Loss 0.075910
Epoch 05293/20000 | Train Loss 0.080291
Epoch 05294/20000 | Train Loss 0.066224
Epoch 05295/20000 | Train Loss 0.087975
Epoch 05296/20000 | Train Loss 0.133759
Epoch 05297/20000 | Train Loss 0.109788
Epoch 05298/20000 | Train Loss 0.105485
Epoch 05299/20000 | Train Loss 0.079404
Epoch 05300/20000 | Train Loss 0.069271
Epoch 05301/20000 | Train Loss 0.063669
Epoch 05302/20000 | Train Loss 0.070799
Epoch 05303/20000 | Train Loss 0.080740
Epoch 05304/20000 | Train Loss 0.070580
Epoch 05305/20000 | Train Loss 0.075272
Epoch 05306/20000 | Train Loss 0.073836
Epoch 05307/20000 | Train Loss 0.075213
Epoch 05308/20000 | Train Loss 0.085233
Epoch 05309/20000 | Train Loss 0.086828
Epoch 05310/20000 | Train Loss 0.106020
Epoch 05311/20000 | Train Loss 0.087384
Epoch 05312/20000 | Train Loss 0.086809
Epoch 05313/20000 | Train Loss 0.078814
Epoch 05314/20000 | Train Loss 0.075619
Epoch 05315/20000 | Train Loss 0.081521
Epoch 05316/20000 | Train Loss 0.076437
Epoch 05317/20000 | Train Loss 0.078529
Epoch 05318/20000 | Train Loss 0.078755
Epoch 05319/20000 | Train Loss 0.091625
Epoch 05320/20000 | Train Loss 0.087388
Epoch 05321/20000 | Train Loss 0.074774
Epoch 05322/20000 | Train Loss 0.086070
Epoch 05323/20000 | Train Loss 0.067952
Epoch 05324/20000 | Train Loss 0.068755
Epoch 05325/20000 | Train Loss 0.076491
Epoch 05326/20000 | Train Loss 0.060113
Epoch 05327/20000 | Train Loss 0.070214
Epoch 05328/20000 | Train Loss 0.112542
Epoch 05329/20000 | Train Loss 0.080315
Epoch 05330/20000 | Train Loss 0.096024
Epoch 05331/20000 | Train Loss 0.108002
Epoch 05332/20000 | Train Loss 0.113590
Epoch 05333/20000 | Train Loss 0.112922
Epoch 05334/20000 | Train Loss 0.096661
Epoch 05335/20000 | Train Loss 0.101572
Epoch 05336/20000 | Train Loss 0.082131
Epoch 05337/20000 | Train Loss 0.059750
Epoch 05338/20000 | Train Loss 0.078094
Epoch 05339/20000 | Train Loss 0.057681
Epoch 05340/20000 | Train Loss 0.061487
Epoch 05341/20000 | Train Loss 0.071005
Epoch 05342/20000 | Train Loss 0.070298
Epoch 05343/20000 | Train Loss 0.074519
Epoch 05344/20000 | Train Loss 0.086009
Epoch 05345/20000 | Train Loss 0.069899
Epoch 05346/20000 | Train Loss 0.100176
Epoch 05347/20000 | Train Loss 0.071401
Epoch 05348/20000 | Train Loss 0.108743
Epoch 05349/20000 | Train Loss 0.134325
Epoch 05350/20000 | Train Loss 0.085727
Epoch 05351/20000 | Train Loss 0.074079
Epoch 05352/20000 | Train Loss 0.080514
Epoch 05353/20000 | Train Loss 0.084838
Epoch 05354/20000 | Train Loss 0.069995
Epoch 05355/20000 | Train Loss 0.085783
Epoch 05356/20000 | Train Loss 0.105291
Epoch 05357/20000 | Train Loss 0.090809
Epoch 05358/20000 | Train Loss 0.065852
Epoch 05359/20000 | Train Loss 0.085221
Epoch 05360/20000 | Train Loss 0.092353
Epoch 05361/20000 | Train Loss 0.073616
Epoch 05362/20000 | Train Loss 0.075511
Epoch 05363/20000 | Train Loss 0.058456
Epoch 05364/20000 | Train Loss 0.063211
Epoch 05365/20000 | Train Loss 0.075456
Epoch 05366/20000 | Train Loss 0.067011
Epoch 05367/20000 | Train Loss 0.081957
Epoch 05368/20000 | Train Loss 0.063504
Epoch 05369/20000 | Train Loss 0.069744
Epoch 05370/20000 | Train Loss 0.080138
Epoch 05371/20000 | Train Loss 0.097755
Epoch 05372/20000 | Train Loss 0.062413
Epoch 05373/20000 | Train Loss 0.077554
Epoch 05374/20000 | Train Loss 0.072050
Epoch 05375/20000 | Train Loss 0.063819
Epoch 05376/20000 | Train Loss 0.066598
Epoch 05377/20000 | Train Loss 0.065696
Epoch 05378/20000 | Train Loss 0.063836
Epoch 05379/20000 | Train Loss 0.090054
Epoch 05380/20000 | Train Loss 0.096350
Epoch 05381/20000 | Train Loss 0.089634
Epoch 05382/20000 | Train Loss 0.083777
Epoch 05383/20000 | Train Loss 0.088468
Epoch 05384/20000 | Train Loss 0.087847
Epoch 05385/20000 | Train Loss 0.074672
Epoch 05386/20000 | Train Loss 0.073837
Epoch 05387/20000 | Train Loss 0.083235
Epoch 05388/20000 | Train Loss 0.082981
Epoch 05389/20000 | Train Loss 0.073246
Epoch 05390/20000 | Train Loss 0.058048
Epoch 05391/20000 | Train Loss 0.065494
Epoch 05392/20000 | Train Loss 0.071233
Epoch 05393/20000 | Train Loss 0.114240
Epoch 05394/20000 | Train Loss 0.096253
Epoch 05395/20000 | Train Loss 0.101592
Epoch 05396/20000 | Train Loss 0.091710
Epoch 05397/20000 | Train Loss 0.100962
Epoch 05398/20000 | Train Loss 0.075162
Epoch 05399/20000 | Train Loss 0.082148
Epoch 05400/20000 | Train Loss 0.066726
Epoch 05401/20000 | Train Loss 0.072192
Epoch 05402/20000 | Train Loss 0.063867
Epoch 05403/20000 | Train Loss 0.062819
Epoch 05404/20000 | Train Loss 0.075068
Epoch 05405/20000 | Train Loss 0.072034
Epoch 05406/20000 | Train Loss 0.060037
Epoch 05407/20000 | Train Loss 0.058305
Epoch 05408/20000 | Train Loss 0.067198
Epoch 05409/20000 | Train Loss 0.079972
Epoch 05410/20000 | Train Loss 0.088449
Epoch 05411/20000 | Train Loss 0.088380
Epoch 05412/20000 | Train Loss 0.085209
Epoch 05413/20000 | Train Loss 0.077755
Epoch 05414/20000 | Train Loss 0.113536
Epoch 05415/20000 | Train Loss 0.131736
Epoch 05416/20000 | Train Loss 0.083565
Epoch 05417/20000 | Train Loss 0.100210
Epoch 05418/20000 | Train Loss 0.123120
Epoch 05419/20000 | Train Loss 0.112730
Epoch 05420/20000 | Train Loss 0.117704
Epoch 05421/20000 | Train Loss 0.069779
Epoch 05422/20000 | Train Loss 0.058059
Epoch 05423/20000 | Train Loss 0.069302
Epoch 05424/20000 | Train Loss 0.066847
Epoch 05425/20000 | Train Loss 0.066300
Epoch 05426/20000 | Train Loss 0.069524
Epoch 05427/20000 | Train Loss 0.088126
Epoch 05428/20000 | Train Loss 0.115447
Epoch 05429/20000 | Train Loss 0.094206
Epoch 05430/20000 | Train Loss 0.078807
Epoch 05431/20000 | Train Loss 0.081211
Epoch 05432/20000 | Train Loss 0.062049
Epoch 05433/20000 | Train Loss 0.080834
Epoch 05434/20000 | Train Loss 0.085923
Epoch 05435/20000 | Train Loss 0.086328
Epoch 05436/20000 | Train Loss 0.060759
Epoch 05437/20000 | Train Loss 0.062700
Epoch 05438/20000 | Train Loss 0.059256
Epoch 05439/20000 | Train Loss 0.091080
Epoch 05440/20000 | Train Loss 0.111658
Epoch 05441/20000 | Train Loss 0.086552
Epoch 05442/20000 | Train Loss 0.068640
Epoch 05443/20000 | Train Loss 0.077225
Epoch 05444/20000 | Train Loss 0.069805
Epoch 05445/20000 | Train Loss 0.060848
Epoch 05446/20000 | Train Loss 0.054392
Epoch 05447/20000 | Train Loss 0.054690
Epoch 05448/20000 | Train Loss 0.052849
Epoch 05449/20000 | Train Loss 0.061979
Epoch 05450/20000 | Train Loss 0.063041
Epoch 05451/20000 | Train Loss 0.069533
Epoch 05452/20000 | Train Loss 0.074412
Epoch 05453/20000 | Train Loss 0.079832
Epoch 05454/20000 | Train Loss 0.062626
Epoch 05455/20000 | Train Loss 0.055827
Epoch 05456/20000 | Train Loss 0.067965
Epoch 05457/20000 | Train Loss 0.074278
Epoch 05458/20000 | Train Loss 0.102802
Epoch 05459/20000 | Train Loss 0.130001
Epoch 05460/20000 | Train Loss 0.075891
Epoch 05461/20000 | Train Loss 0.086853
Epoch 05462/20000 | Train Loss 0.068564
Epoch 05463/20000 | Train Loss 0.118877
Epoch 05464/20000 | Train Loss 0.093251
Epoch 05465/20000 | Train Loss 0.070100
Epoch 05466/20000 | Train Loss 0.077139
Epoch 05467/20000 | Train Loss 0.076745
Epoch 05468/20000 | Train Loss 0.099050
Epoch 05469/20000 | Train Loss 0.083696
Epoch 05470/20000 | Train Loss 0.075135
Epoch 05471/20000 | Train Loss 0.072243
Epoch 05472/20000 | Train Loss 0.060084
Epoch 05473/20000 | Train Loss 0.083189
Epoch 05474/20000 | Train Loss 0.058521
Epoch 05475/20000 | Train Loss 0.066174
Epoch 05476/20000 | Train Loss 0.059882
Epoch 05477/20000 | Train Loss 0.064175
Epoch 05478/20000 | Train Loss 0.065593
Epoch 05479/20000 | Train Loss 0.068869
Epoch 05480/20000 | Train Loss 0.069499
Epoch 05481/20000 | Train Loss 0.067342
Epoch 05482/20000 | Train Loss 0.068348
Epoch 05483/20000 | Train Loss 0.067482
Epoch 05484/20000 | Train Loss 0.061226
Epoch 05485/20000 | Train Loss 0.068271
Epoch 05486/20000 | Train Loss 0.079120
Epoch 05487/20000 | Train Loss 0.074554
Epoch 05488/20000 | Train Loss 0.067776
Epoch 05489/20000 | Train Loss 0.059346
Epoch 05490/20000 | Train Loss 0.062680
Epoch 05491/20000 | Train Loss 0.079621
Epoch 05492/20000 | Train Loss 0.158890
Epoch 05493/20000 | Train Loss 0.100326
Epoch 05494/20000 | Train Loss 0.096314
Epoch 05495/20000 | Train Loss 0.093334
Epoch 05496/20000 | Train Loss 0.072629
Epoch 05497/20000 | Train Loss 0.081397
Epoch 05498/20000 | Train Loss 0.066795
Epoch 05499/20000 | Train Loss 0.061771
Epoch 05500/20000 | Train Loss 0.071700
  --> Checkpoint saved at epoch 5500.
Epoch 05501/20000 | Train Loss 0.056184
Epoch 05502/20000 | Train Loss 0.057626
Epoch 05503/20000 | Train Loss 0.064578
Epoch 05504/20000 | Train Loss 0.081246
Epoch 05505/20000 | Train Loss 0.086954
Epoch 05506/20000 | Train Loss 0.073190
Epoch 05507/20000 | Train Loss 0.063669
Epoch 05508/20000 | Train Loss 0.072240
Epoch 05509/20000 | Train Loss 0.080468
Epoch 05510/20000 | Train Loss 0.096878
Epoch 05511/20000 | Train Loss 0.088038
Epoch 05512/20000 | Train Loss 0.062111
Epoch 05513/20000 | Train Loss 0.058651
Epoch 05514/20000 | Train Loss 0.072285
Epoch 05515/20000 | Train Loss 0.070226
Epoch 05516/20000 | Train Loss 0.057972
Epoch 05517/20000 | Train Loss 0.069157
Epoch 05518/20000 | Train Loss 0.069618
Epoch 05519/20000 | Train Loss 0.067940
Epoch 05520/20000 | Train Loss 0.056411
Epoch 05521/20000 | Train Loss 0.052120
Epoch 05522/20000 | Train Loss 0.068268
Epoch 05523/20000 | Train Loss 0.065571
Epoch 05524/20000 | Train Loss 0.061897
Epoch 05525/20000 | Train Loss 0.075122
Epoch 05526/20000 | Train Loss 0.078409
Epoch 05527/20000 | Train Loss 0.071184
Epoch 05528/20000 | Train Loss 0.059380
Epoch 05529/20000 | Train Loss 0.055166
Epoch 05530/20000 | Train Loss 0.044246
Epoch 05531/20000 | Train Loss 0.065876
Epoch 05532/20000 | Train Loss 0.083954
Epoch 05533/20000 | Train Loss 0.092948
Epoch 05534/20000 | Train Loss 0.080277
Epoch 05535/20000 | Train Loss 0.065044
Epoch 05536/20000 | Train Loss 0.066566
Epoch 05537/20000 | Train Loss 0.074744
Epoch 05538/20000 | Train Loss 0.067272
Epoch 05539/20000 | Train Loss 0.065740
Epoch 05540/20000 | Train Loss 0.065625
Epoch 05541/20000 | Train Loss 0.067441
Epoch 05542/20000 | Train Loss 0.072560
Epoch 05543/20000 | Train Loss 0.062763
Epoch 05544/20000 | Train Loss 0.061973
Epoch 05545/20000 | Train Loss 0.058175
Epoch 05546/20000 | Train Loss 0.054258
Epoch 05547/20000 | Train Loss 0.058305
Epoch 05548/20000 | Train Loss 0.084559
Epoch 05549/20000 | Train Loss 0.128048
Epoch 05550/20000 | Train Loss 0.138644
Epoch 05551/20000 | Train Loss 0.075893
Epoch 05552/20000 | Train Loss 0.094008
Epoch 05553/20000 | Train Loss 0.067398
Epoch 05554/20000 | Train Loss 0.053843
Epoch 05555/20000 | Train Loss 0.059179
Epoch 05556/20000 | Train Loss 0.053779
Epoch 05557/20000 | Train Loss 0.062213
Epoch 05558/20000 | Train Loss 0.057913
Epoch 05559/20000 | Train Loss 0.069283
Epoch 05560/20000 | Train Loss 0.054115
Epoch 05561/20000 | Train Loss 0.048176
Epoch 05562/20000 | Train Loss 0.083801
Epoch 05563/20000 | Train Loss 0.075385
Epoch 05564/20000 | Train Loss 0.089166
Epoch 05565/20000 | Train Loss 0.076390
Epoch 05566/20000 | Train Loss 0.091082
Epoch 05567/20000 | Train Loss 0.067110
Epoch 05568/20000 | Train Loss 0.067353
Epoch 05569/20000 | Train Loss 0.063205
Epoch 05570/20000 | Train Loss 0.044947
Epoch 05571/20000 | Train Loss 0.064279
Epoch 05572/20000 | Train Loss 0.051482
Epoch 05573/20000 | Train Loss 0.055549
Epoch 05574/20000 | Train Loss 0.058738
Epoch 05575/20000 | Train Loss 0.055238
Epoch 05576/20000 | Train Loss 0.063309
Epoch 05577/20000 | Train Loss 0.078556
Epoch 05578/20000 | Train Loss 0.094643
Epoch 05579/20000 | Train Loss 0.086765
Epoch 05580/20000 | Train Loss 0.071777
Epoch 05581/20000 | Train Loss 0.059761
Epoch 05582/20000 | Train Loss 0.051224
Epoch 05583/20000 | Train Loss 0.056608
Epoch 05584/20000 | Train Loss 0.051980
Epoch 05585/20000 | Train Loss 0.050974
Epoch 05586/20000 | Train Loss 0.056812
Epoch 05587/20000 | Train Loss 0.058056
Epoch 05588/20000 | Train Loss 0.061122
Epoch 05589/20000 | Train Loss 0.067402
Epoch 05590/20000 | Train Loss 0.049158
Epoch 05591/20000 | Train Loss 0.052841
Epoch 05592/20000 | Train Loss 0.053160
Epoch 05593/20000 | Train Loss 0.052647
Epoch 05594/20000 | Train Loss 0.054979
Epoch 05595/20000 | Train Loss 0.085432
Epoch 05596/20000 | Train Loss 0.082407
Epoch 05597/20000 | Train Loss 0.095414
Epoch 05598/20000 | Train Loss 0.096760
Epoch 05599/20000 | Train Loss 0.072899
Epoch 05600/20000 | Train Loss 0.059327
Epoch 05601/20000 | Train Loss 0.058638
Epoch 05602/20000 | Train Loss 0.076590
Epoch 05603/20000 | Train Loss 0.054408
Epoch 05604/20000 | Train Loss 0.050879
Epoch 05605/20000 | Train Loss 0.052459
Epoch 05606/20000 | Train Loss 0.061284
Epoch 05607/20000 | Train Loss 0.047758
Epoch 05608/20000 | Train Loss 0.054557
Epoch 05609/20000 | Train Loss 0.077715
Epoch 05610/20000 | Train Loss 0.103949
Epoch 05611/20000 | Train Loss 0.091134
Epoch 05612/20000 | Train Loss 0.071469
Epoch 05613/20000 | Train Loss 0.060185
Epoch 05614/20000 | Train Loss 0.071803
Epoch 05615/20000 | Train Loss 0.064194
Epoch 05616/20000 | Train Loss 0.051371
Epoch 05617/20000 | Train Loss 0.044570
Epoch 05618/20000 | Train Loss 0.059675
Epoch 05619/20000 | Train Loss 0.055404
Epoch 05620/20000 | Train Loss 0.050472
Epoch 05621/20000 | Train Loss 0.052486
Epoch 05622/20000 | Train Loss 0.072798
Epoch 05623/20000 | Train Loss 0.082361
Epoch 05624/20000 | Train Loss 0.050856
Epoch 05625/20000 | Train Loss 0.052627
Epoch 05626/20000 | Train Loss 0.049751
Epoch 05627/20000 | Train Loss 0.050823
Epoch 05628/20000 | Train Loss 0.056752
Epoch 05629/20000 | Train Loss 0.050896
Epoch 05630/20000 | Train Loss 0.051967
Epoch 05631/20000 | Train Loss 0.054643
Epoch 05632/20000 | Train Loss 0.049126
Epoch 05633/20000 | Train Loss 0.049698
Epoch 05634/20000 | Train Loss 0.055026
Epoch 05635/20000 | Train Loss 0.049119
Epoch 05636/20000 | Train Loss 0.062912
Epoch 05637/20000 | Train Loss 0.085440
Epoch 05638/20000 | Train Loss 0.107476
Epoch 05639/20000 | Train Loss 0.088233
Epoch 05640/20000 | Train Loss 0.069308
Epoch 05641/20000 | Train Loss 0.071181
Epoch 05642/20000 | Train Loss 0.069107
Epoch 05643/20000 | Train Loss 0.069428
Epoch 05644/20000 | Train Loss 0.067039
Epoch 05645/20000 | Train Loss 0.061746
Epoch 05646/20000 | Train Loss 0.075548
Epoch 05647/20000 | Train Loss 0.063316
Epoch 05648/20000 | Train Loss 0.066998
Epoch 05649/20000 | Train Loss 0.062626
Epoch 05650/20000 | Train Loss 0.056497
Epoch 05651/20000 | Train Loss 0.055911
Epoch 05652/20000 | Train Loss 0.058170
Epoch 05653/20000 | Train Loss 0.049369
Epoch 05654/20000 | Train Loss 0.071185
Epoch 05655/20000 | Train Loss 0.069511
Epoch 05656/20000 | Train Loss 0.057285
Epoch 05657/20000 | Train Loss 0.055073
Epoch 05658/20000 | Train Loss 0.079308
Epoch 05659/20000 | Train Loss 0.092036
Epoch 05660/20000 | Train Loss 0.176101
Epoch 05661/20000 | Train Loss 0.141147
Epoch 05662/20000 | Train Loss 0.116729
Epoch 05663/20000 | Train Loss 0.107364
Epoch 05664/20000 | Train Loss 0.088663
Epoch 05665/20000 | Train Loss 0.075984
Epoch 05666/20000 | Train Loss 0.060826
Epoch 05667/20000 | Train Loss 0.060218
Epoch 05668/20000 | Train Loss 0.061114
Epoch 05669/20000 | Train Loss 0.054697
Epoch 05670/20000 | Train Loss 0.049405
Epoch 05671/20000 | Train Loss 0.061859
Epoch 05672/20000 | Train Loss 0.059032
Epoch 05673/20000 | Train Loss 0.048105
Epoch 05674/20000 | Train Loss 0.059850
Epoch 05675/20000 | Train Loss 0.046005
Epoch 05676/20000 | Train Loss 0.051153
Epoch 05677/20000 | Train Loss 0.052109
Epoch 05678/20000 | Train Loss 0.056453
Epoch 05679/20000 | Train Loss 0.047571
Epoch 05680/20000 | Train Loss 0.052398
Epoch 05681/20000 | Train Loss 0.079451
Epoch 05682/20000 | Train Loss 0.121644
Epoch 05683/20000 | Train Loss 0.090346
Epoch 05684/20000 | Train Loss 0.055133
Epoch 05685/20000 | Train Loss 0.050495
Epoch 05686/20000 | Train Loss 0.065144
Epoch 05687/20000 | Train Loss 0.061747
Epoch 05688/20000 | Train Loss 0.049072
Epoch 05689/20000 | Train Loss 0.054182
Epoch 05690/20000 | Train Loss 0.050004
Epoch 05691/20000 | Train Loss 0.067337
Epoch 05692/20000 | Train Loss 0.050125
Epoch 05693/20000 | Train Loss 0.049599
Epoch 05694/20000 | Train Loss 0.055344
Epoch 05695/20000 | Train Loss 0.070453
Epoch 05696/20000 | Train Loss 0.065893
Epoch 05697/20000 | Train Loss 0.060949
Epoch 05698/20000 | Train Loss 0.059833
Epoch 05699/20000 | Train Loss 0.058935
Epoch 05700/20000 | Train Loss 0.062166
Epoch 05701/20000 | Train Loss 0.066916
Epoch 05702/20000 | Train Loss 0.063037
Epoch 05703/20000 | Train Loss 0.065247
Epoch 05704/20000 | Train Loss 0.074740
Epoch 05705/20000 | Train Loss 0.064605
Epoch 05706/20000 | Train Loss 0.059597
Epoch 05707/20000 | Train Loss 0.060388
Epoch 05708/20000 | Train Loss 0.050942
Epoch 05709/20000 | Train Loss 0.054894
Epoch 05710/20000 | Train Loss 0.045093
Epoch 05711/20000 | Train Loss 0.047418
Epoch 05712/20000 | Train Loss 0.052465
Epoch 05713/20000 | Train Loss 0.067548
Epoch 05714/20000 | Train Loss 0.070840
Epoch 05715/20000 | Train Loss 0.060318
Epoch 05716/20000 | Train Loss 0.045657
Epoch 05717/20000 | Train Loss 0.053538
Epoch 05718/20000 | Train Loss 0.048935
Epoch 05719/20000 | Train Loss 0.042568
Epoch 05720/20000 | Train Loss 0.044280
Epoch 05721/20000 | Train Loss 0.053390
Epoch 05722/20000 | Train Loss 0.050850
Epoch 05723/20000 | Train Loss 0.058519
Epoch 05724/20000 | Train Loss 0.073016
Epoch 05725/20000 | Train Loss 0.068368
Epoch 05726/20000 | Train Loss 0.105376
Epoch 05727/20000 | Train Loss 0.082728
Epoch 05728/20000 | Train Loss 0.076890
Epoch 05729/20000 | Train Loss 0.062547
Epoch 05730/20000 | Train Loss 0.053341
Epoch 05731/20000 | Train Loss 0.052452
Epoch 05732/20000 | Train Loss 0.053934
Epoch 05733/20000 | Train Loss 0.060083
Epoch 05734/20000 | Train Loss 0.047943
Epoch 05735/20000 | Train Loss 0.042278
Epoch 05736/20000 | Train Loss 0.055354
Epoch 05737/20000 | Train Loss 0.040217
Epoch 05738/20000 | Train Loss 0.047118
Epoch 05739/20000 | Train Loss 0.064261
Epoch 05740/20000 | Train Loss 0.076346
Epoch 05741/20000 | Train Loss 0.101226
Epoch 05742/20000 | Train Loss 0.080168
Epoch 05743/20000 | Train Loss 0.075165
Epoch 05744/20000 | Train Loss 0.054348
Epoch 05745/20000 | Train Loss 0.057078
Epoch 05746/20000 | Train Loss 0.052393
Epoch 05747/20000 | Train Loss 0.060633
Epoch 05748/20000 | Train Loss 0.047782
Epoch 05749/20000 | Train Loss 0.043122
Epoch 05750/20000 | Train Loss 0.055982
Epoch 05751/20000 | Train Loss 0.048543
Epoch 05752/20000 | Train Loss 0.038651
Epoch 05753/20000 | Train Loss 0.047702
Epoch 05754/20000 | Train Loss 0.044253
Epoch 05755/20000 | Train Loss 0.046473
Epoch 05756/20000 | Train Loss 0.045370
Epoch 05757/20000 | Train Loss 0.067715
Epoch 05758/20000 | Train Loss 0.091910
Epoch 05759/20000 | Train Loss 0.119852
Epoch 05760/20000 | Train Loss 0.087575
Epoch 05761/20000 | Train Loss 0.080700
Epoch 05762/20000 | Train Loss 0.080805
Epoch 05763/20000 | Train Loss 0.068751
Epoch 05764/20000 | Train Loss 0.048626
Epoch 05765/20000 | Train Loss 0.063307
Epoch 05766/20000 | Train Loss 0.062100
Epoch 05767/20000 | Train Loss 0.066314
Epoch 05768/20000 | Train Loss 0.065048
Epoch 05769/20000 | Train Loss 0.057480
Epoch 05770/20000 | Train Loss 0.057191
Epoch 05771/20000 | Train Loss 0.057230
Epoch 05772/20000 | Train Loss 0.076947
Epoch 05773/20000 | Train Loss 0.068285
Epoch 05774/20000 | Train Loss 0.082823
Epoch 05775/20000 | Train Loss 0.122484
Epoch 05776/20000 | Train Loss 0.064353
Epoch 05777/20000 | Train Loss 0.069946
Epoch 05778/20000 | Train Loss 0.054422
Epoch 05779/20000 | Train Loss 0.052987
Epoch 05780/20000 | Train Loss 0.058146
Epoch 05781/20000 | Train Loss 0.065276
Epoch 05782/20000 | Train Loss 0.057779
Epoch 05783/20000 | Train Loss 0.073146
Epoch 05784/20000 | Train Loss 0.067816
Epoch 05785/20000 | Train Loss 0.070967
Epoch 05786/20000 | Train Loss 0.063200
Epoch 05787/20000 | Train Loss 0.066418
Epoch 05788/20000 | Train Loss 0.048661
Epoch 05789/20000 | Train Loss 0.054698
Epoch 05790/20000 | Train Loss 0.062239
Epoch 05791/20000 | Train Loss 0.049443
Epoch 05792/20000 | Train Loss 0.051538
Epoch 05793/20000 | Train Loss 0.051621
Epoch 05794/20000 | Train Loss 0.062125
Epoch 05795/20000 | Train Loss 0.036188
Epoch 05796/20000 | Train Loss 0.057754
Epoch 05797/20000 | Train Loss 0.052621
Epoch 05798/20000 | Train Loss 0.042971
Epoch 05799/20000 | Train Loss 0.049837
Epoch 05800/20000 | Train Loss 0.057447
Epoch 05801/20000 | Train Loss 0.068080
Epoch 05802/20000 | Train Loss 0.052292
Epoch 05803/20000 | Train Loss 0.049277
Epoch 05804/20000 | Train Loss 0.044400
Epoch 05805/20000 | Train Loss 0.046442
Epoch 05806/20000 | Train Loss 0.058122
Epoch 05807/20000 | Train Loss 0.043202
Epoch 05808/20000 | Train Loss 0.047338
Epoch 05809/20000 | Train Loss 0.056947
Epoch 05810/20000 | Train Loss 0.076294
Epoch 05811/20000 | Train Loss 0.131083
Epoch 05812/20000 | Train Loss 0.094535
Epoch 05813/20000 | Train Loss 0.066903
Epoch 05814/20000 | Train Loss 0.050957
Epoch 05815/20000 | Train Loss 0.045342
Epoch 05816/20000 | Train Loss 0.052282
Epoch 05817/20000 | Train Loss 0.040849
Epoch 05818/20000 | Train Loss 0.043048
Epoch 05819/20000 | Train Loss 0.055143
Epoch 05820/20000 | Train Loss 0.058917
Epoch 05821/20000 | Train Loss 0.042563
Epoch 05822/20000 | Train Loss 0.051938
Epoch 05823/20000 | Train Loss 0.048458
Epoch 05824/20000 | Train Loss 0.038423
Epoch 05825/20000 | Train Loss 0.042397
Epoch 05826/20000 | Train Loss 0.067942
Epoch 05827/20000 | Train Loss 0.072182
Epoch 05828/20000 | Train Loss 0.085172
Epoch 05829/20000 | Train Loss 0.096774
Epoch 05830/20000 | Train Loss 0.079147
Epoch 05831/20000 | Train Loss 0.091128
Epoch 05832/20000 | Train Loss 0.060849
Epoch 05833/20000 | Train Loss 0.074554
Epoch 05834/20000 | Train Loss 0.046418
Epoch 05835/20000 | Train Loss 0.054867
Epoch 05836/20000 | Train Loss 0.051876
Epoch 05837/20000 | Train Loss 0.049030
Epoch 05838/20000 | Train Loss 0.044612
Epoch 05839/20000 | Train Loss 0.041736
Epoch 05840/20000 | Train Loss 0.035375
Epoch 05841/20000 | Train Loss 0.039425
Epoch 05842/20000 | Train Loss 0.048504
Epoch 05843/20000 | Train Loss 0.046326
Epoch 05844/20000 | Train Loss 0.045187
Epoch 05845/20000 | Train Loss 0.035534
Epoch 05846/20000 | Train Loss 0.027373
Epoch 05847/20000 | Train Loss 0.050565
Epoch 05848/20000 | Train Loss 0.040803
Epoch 05849/20000 | Train Loss 0.039500
Epoch 05850/20000 | Train Loss 0.054221
Epoch 05851/20000 | Train Loss 0.058564
Epoch 05852/20000 | Train Loss 0.046815
Epoch 05853/20000 | Train Loss 0.050646
Epoch 05854/20000 | Train Loss 0.073998
Epoch 05855/20000 | Train Loss 0.077702
Epoch 05856/20000 | Train Loss 0.047477
Epoch 05857/20000 | Train Loss 0.049148
Epoch 05858/20000 | Train Loss 0.047611
Epoch 05859/20000 | Train Loss 0.043331
Epoch 05860/20000 | Train Loss 0.041317
Epoch 05861/20000 | Train Loss 0.043494
Epoch 05862/20000 | Train Loss 0.062600
Epoch 05863/20000 | Train Loss 0.046380
Epoch 05864/20000 | Train Loss 0.047424
Epoch 05865/20000 | Train Loss 0.035279
Epoch 05866/20000 | Train Loss 0.036026
Epoch 05867/20000 | Train Loss 0.050620
Epoch 05868/20000 | Train Loss 0.054183
Epoch 05869/20000 | Train Loss 0.054187
Epoch 05870/20000 | Train Loss 0.054772
Epoch 05871/20000 | Train Loss 0.074607
Epoch 05872/20000 | Train Loss 0.061765
Epoch 05873/20000 | Train Loss 0.057316
Epoch 05874/20000 | Train Loss 0.046513
Epoch 05875/20000 | Train Loss 0.035731
Epoch 05876/20000 | Train Loss 0.048602
Epoch 05877/20000 | Train Loss 0.049354
Epoch 05878/20000 | Train Loss 0.064173
Epoch 05879/20000 | Train Loss 0.066728
Epoch 05880/20000 | Train Loss 0.075413
Epoch 05881/20000 | Train Loss 0.053695
Epoch 05882/20000 | Train Loss 0.052497
Epoch 05883/20000 | Train Loss 0.050456
Epoch 05884/20000 | Train Loss 0.048130
Epoch 05885/20000 | Train Loss 0.052109
Epoch 05886/20000 | Train Loss 0.067835
Epoch 05887/20000 | Train Loss 0.069540
Epoch 05888/20000 | Train Loss 0.038490
Epoch 05889/20000 | Train Loss 0.043689
Epoch 05890/20000 | Train Loss 0.049253
Epoch 05891/20000 | Train Loss 0.038552
Epoch 05892/20000 | Train Loss 0.060760
Epoch 05893/20000 | Train Loss 0.089945
Epoch 05894/20000 | Train Loss 0.044921
Epoch 05895/20000 | Train Loss 0.056673
Epoch 05896/20000 | Train Loss 0.045551
Epoch 05897/20000 | Train Loss 0.048936
Epoch 05898/20000 | Train Loss 0.049240
Epoch 05899/20000 | Train Loss 0.061054
Epoch 05900/20000 | Train Loss 0.044489
Epoch 05901/20000 | Train Loss 0.056041
Epoch 05902/20000 | Train Loss 0.071525
Epoch 05903/20000 | Train Loss 0.086836
Epoch 05904/20000 | Train Loss 0.092112
Epoch 05905/20000 | Train Loss 0.068156
Epoch 05906/20000 | Train Loss 0.080626
Epoch 05907/20000 | Train Loss 0.062880
Epoch 05908/20000 | Train Loss 0.052361
Epoch 05909/20000 | Train Loss 0.052651
Epoch 05910/20000 | Train Loss 0.055966
Epoch 05911/20000 | Train Loss 0.053383
Epoch 05912/20000 | Train Loss 0.058869
Epoch 05913/20000 | Train Loss 0.050882
Epoch 05914/20000 | Train Loss 0.034269
Epoch 05915/20000 | Train Loss 0.046223
Epoch 05916/20000 | Train Loss 0.046022
Epoch 05917/20000 | Train Loss 0.041532
Epoch 05918/20000 | Train Loss 0.074362
Epoch 05919/20000 | Train Loss 0.093172
Epoch 05920/20000 | Train Loss 0.065709
Epoch 05921/20000 | Train Loss 0.050790
Epoch 05922/20000 | Train Loss 0.059367
Epoch 05923/20000 | Train Loss 0.051047
Epoch 05924/20000 | Train Loss 0.059517
Epoch 05925/20000 | Train Loss 0.051142
Epoch 05926/20000 | Train Loss 0.039458
Epoch 05927/20000 | Train Loss 0.059717
Epoch 05928/20000 | Train Loss 0.038640
Epoch 05929/20000 | Train Loss 0.045528
Epoch 05930/20000 | Train Loss 0.042791
Epoch 05931/20000 | Train Loss 0.036623
Epoch 05932/20000 | Train Loss 0.049584
Epoch 05933/20000 | Train Loss 0.043249
Epoch 05934/20000 | Train Loss 0.053779
Epoch 05935/20000 | Train Loss 0.052695
Epoch 05936/20000 | Train Loss 0.042597
Epoch 05937/20000 | Train Loss 0.042864
Epoch 05938/20000 | Train Loss 0.055180
Epoch 05939/20000 | Train Loss 0.055469
Epoch 05940/20000 | Train Loss 0.061627
Epoch 05941/20000 | Train Loss 0.041672
Epoch 05942/20000 | Train Loss 0.046921
Epoch 05943/20000 | Train Loss 0.041543
Epoch 05944/20000 | Train Loss 0.075354
Epoch 05945/20000 | Train Loss 0.092991
Epoch 05946/20000 | Train Loss 0.084003
Epoch 05947/20000 | Train Loss 0.075023
Epoch 05948/20000 | Train Loss 0.072325
Epoch 05949/20000 | Train Loss 0.081751
Epoch 05950/20000 | Train Loss 0.051548
Epoch 05951/20000 | Train Loss 0.053708
Epoch 05952/20000 | Train Loss 0.038810
Epoch 05953/20000 | Train Loss 0.055044
Epoch 05954/20000 | Train Loss 0.038752
Epoch 05955/20000 | Train Loss 0.038916
Epoch 05956/20000 | Train Loss 0.035976
Epoch 05957/20000 | Train Loss 0.043113
Epoch 05958/20000 | Train Loss 0.044849
Epoch 05959/20000 | Train Loss 0.034962
Epoch 05960/20000 | Train Loss 0.051071
Epoch 05961/20000 | Train Loss 0.058469
Epoch 05962/20000 | Train Loss 0.061566
Epoch 05963/20000 | Train Loss 0.098110
Epoch 05964/20000 | Train Loss 0.137868
Epoch 05965/20000 | Train Loss 0.119442
Epoch 05966/20000 | Train Loss 0.104673
Epoch 05967/20000 | Train Loss 0.075619
Epoch 05968/20000 | Train Loss 0.059287
Epoch 05969/20000 | Train Loss 0.072015
Epoch 05970/20000 | Train Loss 0.057089
Epoch 05971/20000 | Train Loss 0.045740
Epoch 05972/20000 | Train Loss 0.043514
Epoch 05973/20000 | Train Loss 0.044606
Epoch 05974/20000 | Train Loss 0.062304
Epoch 05975/20000 | Train Loss 0.042484
Epoch 05976/20000 | Train Loss 0.060854
Epoch 05977/20000 | Train Loss 0.046081
Epoch 05978/20000 | Train Loss 0.086213
Epoch 05979/20000 | Train Loss 0.061157
Epoch 05980/20000 | Train Loss 0.058267
Epoch 05981/20000 | Train Loss 0.054025
Epoch 05982/20000 | Train Loss 0.059404
Epoch 05983/20000 | Train Loss 0.055324
Epoch 05984/20000 | Train Loss 0.040501
Epoch 05985/20000 | Train Loss 0.049522
Epoch 05986/20000 | Train Loss 0.061261
Epoch 05987/20000 | Train Loss 0.073653
Epoch 05988/20000 | Train Loss 0.051375
Epoch 05989/20000 | Train Loss 0.040574
Epoch 05990/20000 | Train Loss 0.046442
Epoch 05991/20000 | Train Loss 0.038134
Epoch 05992/20000 | Train Loss 0.050435
Epoch 05993/20000 | Train Loss 0.053775
Epoch 05994/20000 | Train Loss 0.050256
Epoch 05995/20000 | Train Loss 0.058570
Epoch 05996/20000 | Train Loss 0.088131
Epoch 05997/20000 | Train Loss 0.105752
Epoch 05998/20000 | Train Loss 0.108175
Epoch 05999/20000 | Train Loss 0.073727
Epoch 06000/20000 | Train Loss 0.112595
  --> Checkpoint saved at epoch 6000.
Epoch 06001/20000 | Train Loss 0.103035
Epoch 06002/20000 | Train Loss 0.071951
Epoch 06003/20000 | Train Loss 0.064573
Epoch 06004/20000 | Train Loss 0.062274
Epoch 06005/20000 | Train Loss 0.059394
Epoch 06006/20000 | Train Loss 0.047967
Epoch 06007/20000 | Train Loss 0.037580
Epoch 06008/20000 | Train Loss 0.041748
Epoch 06009/20000 | Train Loss 0.037730
Epoch 06010/20000 | Train Loss 0.033997
Epoch 06011/20000 | Train Loss 0.042728
Epoch 06012/20000 | Train Loss 0.045558
Epoch 06013/20000 | Train Loss 0.038256
Epoch 06014/20000 | Train Loss 0.032857
Epoch 06015/20000 | Train Loss 0.031955
Epoch 06016/20000 | Train Loss 0.037695
Epoch 06017/20000 | Train Loss 0.031111
Epoch 06018/20000 | Train Loss 0.043876
Epoch 06019/20000 | Train Loss 0.053551
Epoch 06020/20000 | Train Loss 0.051491
Epoch 06021/20000 | Train Loss 0.041613
Epoch 06022/20000 | Train Loss 0.051696
Epoch 06023/20000 | Train Loss 0.057749
Epoch 06024/20000 | Train Loss 0.053308
Epoch 06025/20000 | Train Loss 0.054498
Epoch 06026/20000 | Train Loss 0.055565
Epoch 06027/20000 | Train Loss 0.054409
Epoch 06028/20000 | Train Loss 0.051078
Epoch 06029/20000 | Train Loss 0.040370
Epoch 06030/20000 | Train Loss 0.048208
Epoch 06031/20000 | Train Loss 0.040429
Epoch 06032/20000 | Train Loss 0.044142
Epoch 06033/20000 | Train Loss 0.040312
Epoch 06034/20000 | Train Loss 0.046052
Epoch 06035/20000 | Train Loss 0.041963
Epoch 06036/20000 | Train Loss 0.054690
Epoch 06037/20000 | Train Loss 0.062731
Epoch 06038/20000 | Train Loss 0.074795
Epoch 06039/20000 | Train Loss 0.068363
Epoch 06040/20000 | Train Loss 0.059836
Epoch 06041/20000 | Train Loss 0.056030
Epoch 06042/20000 | Train Loss 0.050760
Epoch 06043/20000 | Train Loss 0.052626
Epoch 06044/20000 | Train Loss 0.049687
Epoch 06045/20000 | Train Loss 0.038216
Epoch 06046/20000 | Train Loss 0.045737
Epoch 06047/20000 | Train Loss 0.045096
Epoch 06048/20000 | Train Loss 0.045950
Epoch 06049/20000 | Train Loss 0.057582
Epoch 06050/20000 | Train Loss 0.055086
Epoch 06051/20000 | Train Loss 0.064730
Epoch 06052/20000 | Train Loss 0.041026
Epoch 06053/20000 | Train Loss 0.040306
Epoch 06054/20000 | Train Loss 0.047340
Epoch 06055/20000 | Train Loss 0.071453
Epoch 06056/20000 | Train Loss 0.093552
Epoch 06057/20000 | Train Loss 0.089105
Epoch 06058/20000 | Train Loss 0.065656
Epoch 06059/20000 | Train Loss 0.060331
Epoch 06060/20000 | Train Loss 0.053837
Epoch 06061/20000 | Train Loss 0.049835
Epoch 06062/20000 | Train Loss 0.062624
Epoch 06063/20000 | Train Loss 0.072467
Epoch 06064/20000 | Train Loss 0.092660
Epoch 06065/20000 | Train Loss 0.100695
Epoch 06066/20000 | Train Loss 0.090732
Epoch 06067/20000 | Train Loss 0.056605
Epoch 06068/20000 | Train Loss 0.047390
Epoch 06069/20000 | Train Loss 0.068889
Epoch 06070/20000 | Train Loss 0.042088
Epoch 06071/20000 | Train Loss 0.039775
Epoch 06072/20000 | Train Loss 0.045161
Epoch 06073/20000 | Train Loss 0.047326
Epoch 06074/20000 | Train Loss 0.037111
Epoch 06075/20000 | Train Loss 0.049022
Epoch 06076/20000 | Train Loss 0.039050
Epoch 06077/20000 | Train Loss 0.040354
Epoch 06078/20000 | Train Loss 0.040948
Epoch 06079/20000 | Train Loss 0.042599
Epoch 06080/20000 | Train Loss 0.047188
Epoch 06081/20000 | Train Loss 0.044495
Epoch 06082/20000 | Train Loss 0.060515
Epoch 06083/20000 | Train Loss 0.068136
Epoch 06084/20000 | Train Loss 0.060756
Epoch 06085/20000 | Train Loss 0.040733
Epoch 06086/20000 | Train Loss 0.038272
Epoch 06087/20000 | Train Loss 0.048588
Epoch 06088/20000 | Train Loss 0.046901
Epoch 06089/20000 | Train Loss 0.048986
Epoch 06090/20000 | Train Loss 0.033187
Epoch 06091/20000 | Train Loss 0.043774
Epoch 06092/20000 | Train Loss 0.055096
Epoch 06093/20000 | Train Loss 0.056309
Epoch 06094/20000 | Train Loss 0.059752
Epoch 06095/20000 | Train Loss 0.049160
Epoch 06096/20000 | Train Loss 0.044141
Epoch 06097/20000 | Train Loss 0.035027
Epoch 06098/20000 | Train Loss 0.031252
Epoch 06099/20000 | Train Loss 0.043808
Epoch 06100/20000 | Train Loss 0.037833
Epoch 06101/20000 | Train Loss 0.039877
Epoch 06102/20000 | Train Loss 0.048921
Epoch 06103/20000 | Train Loss 0.055201
Epoch 06104/20000 | Train Loss 0.049917
Epoch 06105/20000 | Train Loss 0.042749
Epoch 06106/20000 | Train Loss 0.040777
Epoch 06107/20000 | Train Loss 0.048346
Epoch 06108/20000 | Train Loss 0.049526
Epoch 06109/20000 | Train Loss 0.033123
Epoch 06110/20000 | Train Loss 0.051272
Epoch 06111/20000 | Train Loss 0.030052
Epoch 06112/20000 | Train Loss 0.038507
Epoch 06113/20000 | Train Loss 0.028859
Epoch 06114/20000 | Train Loss 0.036995
Epoch 06115/20000 | Train Loss 0.046025
Epoch 06116/20000 | Train Loss 0.063755
Epoch 06117/20000 | Train Loss 0.058042
Epoch 06118/20000 | Train Loss 0.044227
Epoch 06119/20000 | Train Loss 0.036069
Epoch 06120/20000 | Train Loss 0.043564
Epoch 06121/20000 | Train Loss 0.034013
Epoch 06122/20000 | Train Loss 0.034678
Epoch 06123/20000 | Train Loss 0.041995
Epoch 06124/20000 | Train Loss 0.054063
Epoch 06125/20000 | Train Loss 0.076738
Epoch 06126/20000 | Train Loss 0.057109
Epoch 06127/20000 | Train Loss 0.051313
Epoch 06128/20000 | Train Loss 0.053611
Epoch 06129/20000 | Train Loss 0.044740
Epoch 06130/20000 | Train Loss 0.044174
Epoch 06131/20000 | Train Loss 0.046711
Epoch 06132/20000 | Train Loss 0.047513
Epoch 06133/20000 | Train Loss 0.041659
Epoch 06134/20000 | Train Loss 0.053414
Epoch 06135/20000 | Train Loss 0.052651
Epoch 06136/20000 | Train Loss 0.046988
Epoch 06137/20000 | Train Loss 0.057017
Epoch 06138/20000 | Train Loss 0.034810
Epoch 06139/20000 | Train Loss 0.030975
Epoch 06140/20000 | Train Loss 0.041184
Epoch 06141/20000 | Train Loss 0.075372
Epoch 06142/20000 | Train Loss 0.086112
Epoch 06143/20000 | Train Loss 0.084513
Epoch 06144/20000 | Train Loss 0.085449
Epoch 06145/20000 | Train Loss 0.104099
Epoch 06146/20000 | Train Loss 0.102518
Epoch 06147/20000 | Train Loss 0.071441
Epoch 06148/20000 | Train Loss 0.053100
Epoch 06149/20000 | Train Loss 0.044685
Epoch 06150/20000 | Train Loss 0.050420
Epoch 06151/20000 | Train Loss 0.049876
Epoch 06152/20000 | Train Loss 0.049054
Epoch 06153/20000 | Train Loss 0.056168
Epoch 06154/20000 | Train Loss 0.072089
Epoch 06155/20000 | Train Loss 0.058252
Epoch 06156/20000 | Train Loss 0.038843
Epoch 06157/20000 | Train Loss 0.040902
Epoch 06158/20000 | Train Loss 0.029127
Epoch 06159/20000 | Train Loss 0.027253
Epoch 06160/20000 | Train Loss 0.034914
Epoch 06161/20000 | Train Loss 0.041095
Epoch 06162/20000 | Train Loss 0.042185
Epoch 06163/20000 | Train Loss 0.063778
Epoch 06164/20000 | Train Loss 0.063910
Epoch 06165/20000 | Train Loss 0.053833
Epoch 06166/20000 | Train Loss 0.051710
Epoch 06167/20000 | Train Loss 0.049229
Epoch 06168/20000 | Train Loss 0.040431
Epoch 06169/20000 | Train Loss 0.044891
Epoch 06170/20000 | Train Loss 0.063549
Epoch 06171/20000 | Train Loss 0.048605
Epoch 06172/20000 | Train Loss 0.046030
Epoch 06173/20000 | Train Loss 0.040698
Epoch 06174/20000 | Train Loss 0.054060
Epoch 06175/20000 | Train Loss 0.049811
Epoch 06176/20000 | Train Loss 0.039118
Epoch 06177/20000 | Train Loss 0.046878
Epoch 06178/20000 | Train Loss 0.031513
Epoch 06179/20000 | Train Loss 0.036884
Epoch 06180/20000 | Train Loss 0.054363
Epoch 06181/20000 | Train Loss 0.090458
Epoch 06182/20000 | Train Loss 0.080370
Epoch 06183/20000 | Train Loss 0.069271
Epoch 06184/20000 | Train Loss 0.050327
Epoch 06185/20000 | Train Loss 0.055355
Epoch 06186/20000 | Train Loss 0.042655
Epoch 06187/20000 | Train Loss 0.044859
Epoch 06188/20000 | Train Loss 0.035462
Epoch 06189/20000 | Train Loss 0.035435
Epoch 06190/20000 | Train Loss 0.030367
Epoch 06191/20000 | Train Loss 0.034996
Epoch 06192/20000 | Train Loss 0.036201
Epoch 06193/20000 | Train Loss 0.029665
Epoch 06194/20000 | Train Loss 0.038819
Epoch 06195/20000 | Train Loss 0.032191
Epoch 06196/20000 | Train Loss 0.044532
Epoch 06197/20000 | Train Loss 0.036801
Epoch 06198/20000 | Train Loss 0.044670
Epoch 06199/20000 | Train Loss 0.054722
Epoch 06200/20000 | Train Loss 0.049823
Epoch 06201/20000 | Train Loss 0.068334
Epoch 06202/20000 | Train Loss 0.072836
Epoch 06203/20000 | Train Loss 0.042166
Epoch 06204/20000 | Train Loss 0.060715
Epoch 06205/20000 | Train Loss 0.045047
Epoch 06206/20000 | Train Loss 0.033270
Epoch 06207/20000 | Train Loss 0.028882
Epoch 06208/20000 | Train Loss 0.045206
Epoch 06209/20000 | Train Loss 0.037420
Epoch 06210/20000 | Train Loss 0.040154
Epoch 06211/20000 | Train Loss 0.048439
Epoch 06212/20000 | Train Loss 0.045129
Epoch 06213/20000 | Train Loss 0.065805
Epoch 06214/20000 | Train Loss 0.054080
Epoch 06215/20000 | Train Loss 0.057348
Epoch 06216/20000 | Train Loss 0.053349
Epoch 06217/20000 | Train Loss 0.043741
Epoch 06218/20000 | Train Loss 0.041791
Epoch 06219/20000 | Train Loss 0.042056
Epoch 06220/20000 | Train Loss 0.058729
Epoch 06221/20000 | Train Loss 0.045341
Epoch 06222/20000 | Train Loss 0.052056
Epoch 06223/20000 | Train Loss 0.037088
Epoch 06224/20000 | Train Loss 0.035764
Epoch 06225/20000 | Train Loss 0.029212
Epoch 06226/20000 | Train Loss 0.028779
Epoch 06227/20000 | Train Loss 0.028570
Epoch 06228/20000 | Train Loss 0.035001
Epoch 06229/20000 | Train Loss 0.041913
Epoch 06230/20000 | Train Loss 0.029907
Epoch 06231/20000 | Train Loss 0.036677
Epoch 06232/20000 | Train Loss 0.038322
Epoch 06233/20000 | Train Loss 0.034315
Epoch 06234/20000 | Train Loss 0.039380
Epoch 06235/20000 | Train Loss 0.046178
Epoch 06236/20000 | Train Loss 0.079990
Epoch 06237/20000 | Train Loss 0.114492
Epoch 06238/20000 | Train Loss 0.090386
Epoch 06239/20000 | Train Loss 0.066134
Epoch 06240/20000 | Train Loss 0.062864
Epoch 06241/20000 | Train Loss 0.051459
Epoch 06242/20000 | Train Loss 0.046122
Epoch 06243/20000 | Train Loss 0.064497
Epoch 06244/20000 | Train Loss 0.051286
Epoch 06245/20000 | Train Loss 0.040455
Epoch 06246/20000 | Train Loss 0.053185
Epoch 06247/20000 | Train Loss 0.044914
Epoch 06248/20000 | Train Loss 0.052317
Epoch 06249/20000 | Train Loss 0.047874
Epoch 06250/20000 | Train Loss 0.039367
Epoch 06251/20000 | Train Loss 0.039047
Epoch 06252/20000 | Train Loss 0.036045
Epoch 06253/20000 | Train Loss 0.046149
Epoch 06254/20000 | Train Loss 0.043060
Epoch 06255/20000 | Train Loss 0.051267
Epoch 06256/20000 | Train Loss 0.046894
Epoch 06257/20000 | Train Loss 0.032261
Epoch 06258/20000 | Train Loss 0.042472
Epoch 06259/20000 | Train Loss 0.043109
Epoch 06260/20000 | Train Loss 0.039904
Epoch 06261/20000 | Train Loss 0.037373
Epoch 06262/20000 | Train Loss 0.054330
Epoch 06263/20000 | Train Loss 0.055684
Epoch 06264/20000 | Train Loss 0.049654
Epoch 06265/20000 | Train Loss 0.051955
Epoch 06266/20000 | Train Loss 0.040246
Epoch 06267/20000 | Train Loss 0.032425
Epoch 06268/20000 | Train Loss 0.035689
Epoch 06269/20000 | Train Loss 0.040567
Epoch 06270/20000 | Train Loss 0.039214
Epoch 06271/20000 | Train Loss 0.042078
Epoch 06272/20000 | Train Loss 0.057268
Epoch 06273/20000 | Train Loss 0.063647
Epoch 06274/20000 | Train Loss 0.067873
Epoch 06275/20000 | Train Loss 0.068729
Epoch 06276/20000 | Train Loss 0.042867
Epoch 06277/20000 | Train Loss 0.053743
Epoch 06278/20000 | Train Loss 0.039751
Epoch 06279/20000 | Train Loss 0.037284
Epoch 06280/20000 | Train Loss 0.032511
Epoch 06281/20000 | Train Loss 0.035723
Epoch 06282/20000 | Train Loss 0.046564
Epoch 06283/20000 | Train Loss 0.038958
Epoch 06284/20000 | Train Loss 0.035554
Epoch 06285/20000 | Train Loss 0.032777
Epoch 06286/20000 | Train Loss 0.032509
Epoch 06287/20000 | Train Loss 0.046959
Epoch 06288/20000 | Train Loss 0.059973
Epoch 06289/20000 | Train Loss 0.046742
Epoch 06290/20000 | Train Loss 0.041830
Epoch 06291/20000 | Train Loss 0.045100
Epoch 06292/20000 | Train Loss 0.035289
Epoch 06293/20000 | Train Loss 0.029619
Epoch 06294/20000 | Train Loss 0.031826
Epoch 06295/20000 | Train Loss 0.024621
Epoch 06296/20000 | Train Loss 0.029158
Epoch 06297/20000 | Train Loss 0.033375
Epoch 06298/20000 | Train Loss 0.048849
Epoch 06299/20000 | Train Loss 0.045461
Epoch 06300/20000 | Train Loss 0.079013
Epoch 06301/20000 | Train Loss 0.064555
Epoch 06302/20000 | Train Loss 0.055095
Epoch 06303/20000 | Train Loss 0.050832
Epoch 06304/20000 | Train Loss 0.049520
Epoch 06305/20000 | Train Loss 0.045285
Epoch 06306/20000 | Train Loss 0.038287
Epoch 06307/20000 | Train Loss 0.034682
Epoch 06308/20000 | Train Loss 0.030994
Epoch 06309/20000 | Train Loss 0.031381
Epoch 06310/20000 | Train Loss 0.043327
Epoch 06311/20000 | Train Loss 0.041736
Epoch 06312/20000 | Train Loss 0.028218
Epoch 06313/20000 | Train Loss 0.039460
Epoch 06314/20000 | Train Loss 0.036937
Epoch 06315/20000 | Train Loss 0.032778
Epoch 06316/20000 | Train Loss 0.030836
Epoch 06317/20000 | Train Loss 0.024996
Epoch 06318/20000 | Train Loss 0.027064
Epoch 06319/20000 | Train Loss 0.023822
Epoch 06320/20000 | Train Loss 0.021675
Epoch 06321/20000 | Train Loss 0.027333
Epoch 06322/20000 | Train Loss 0.042766
Epoch 06323/20000 | Train Loss 0.065034
Epoch 06324/20000 | Train Loss 0.093704
Epoch 06325/20000 | Train Loss 0.096095
Epoch 06326/20000 | Train Loss 0.059069
Epoch 06327/20000 | Train Loss 0.070651
Epoch 06328/20000 | Train Loss 0.053586
Epoch 06329/20000 | Train Loss 0.048162
Epoch 06330/20000 | Train Loss 0.040596
Epoch 06331/20000 | Train Loss 0.034562
Epoch 06332/20000 | Train Loss 0.036749
Epoch 06333/20000 | Train Loss 0.062169
Epoch 06334/20000 | Train Loss 0.127453
Epoch 06335/20000 | Train Loss 0.319285
Epoch 06336/20000 | Train Loss 0.148002
Epoch 06337/20000 | Train Loss 0.148834
Epoch 06338/20000 | Train Loss 0.110256
Epoch 06339/20000 | Train Loss 0.117150
Epoch 06340/20000 | Train Loss 0.073029
Epoch 06341/20000 | Train Loss 0.065436
Epoch 06342/20000 | Train Loss 0.045279
Epoch 06343/20000 | Train Loss 0.057603
Epoch 06344/20000 | Train Loss 0.051798
Epoch 06345/20000 | Train Loss 0.052859
Epoch 06346/20000 | Train Loss 0.044583
Epoch 06347/20000 | Train Loss 0.045974
Epoch 06348/20000 | Train Loss 0.049237
Epoch 06349/20000 | Train Loss 0.045998
Epoch 06350/20000 | Train Loss 0.048806
Epoch 06351/20000 | Train Loss 0.051250
Epoch 06352/20000 | Train Loss 0.046421
Epoch 06353/20000 | Train Loss 0.046220
Epoch 06354/20000 | Train Loss 0.041311
Epoch 06355/20000 | Train Loss 0.036031
Epoch 06356/20000 | Train Loss 0.043947
Epoch 06357/20000 | Train Loss 0.032410
Epoch 06358/20000 | Train Loss 0.044989
Epoch 06359/20000 | Train Loss 0.046226
Epoch 06360/20000 | Train Loss 0.061409
Epoch 06361/20000 | Train Loss 0.051155
Epoch 06362/20000 | Train Loss 0.031111
Epoch 06363/20000 | Train Loss 0.039034
Epoch 06364/20000 | Train Loss 0.040319
Epoch 06365/20000 | Train Loss 0.039152
Epoch 06366/20000 | Train Loss 0.043334
Epoch 06367/20000 | Train Loss 0.031424
Epoch 06368/20000 | Train Loss 0.038982
Epoch 06369/20000 | Train Loss 0.030202
Epoch 06370/20000 | Train Loss 0.042445
Epoch 06371/20000 | Train Loss 0.041564
Epoch 06372/20000 | Train Loss 0.033047
Epoch 06373/20000 | Train Loss 0.039019
Epoch 06374/20000 | Train Loss 0.043051
Epoch 06375/20000 | Train Loss 0.051019
Epoch 06376/20000 | Train Loss 0.038451
Epoch 06377/20000 | Train Loss 0.033644
Epoch 06378/20000 | Train Loss 0.036446
Epoch 06379/20000 | Train Loss 0.037268
Epoch 06380/20000 | Train Loss 0.034596
Epoch 06381/20000 | Train Loss 0.033510
Epoch 06382/20000 | Train Loss 0.033278
Epoch 06383/20000 | Train Loss 0.039060
Epoch 06384/20000 | Train Loss 0.038074
Epoch 06385/20000 | Train Loss 0.039322
Epoch 06386/20000 | Train Loss 0.044149
Epoch 06387/20000 | Train Loss 0.052260
Epoch 06388/20000 | Train Loss 0.052897
Epoch 06389/20000 | Train Loss 0.045637
Epoch 06390/20000 | Train Loss 0.048675
Epoch 06391/20000 | Train Loss 0.035495
Epoch 06392/20000 | Train Loss 0.040635
Epoch 06393/20000 | Train Loss 0.029350
Epoch 06394/20000 | Train Loss 0.034197
Epoch 06395/20000 | Train Loss 0.032801
Epoch 06396/20000 | Train Loss 0.039617
Epoch 06397/20000 | Train Loss 0.047668
Epoch 06398/20000 | Train Loss 0.049545
Epoch 06399/20000 | Train Loss 0.055134
Epoch 06400/20000 | Train Loss 0.037837
Epoch 06401/20000 | Train Loss 0.029317
Epoch 06402/20000 | Train Loss 0.025607
Epoch 06403/20000 | Train Loss 0.025747
Epoch 06404/20000 | Train Loss 0.033096
Epoch 06405/20000 | Train Loss 0.028366
Epoch 06406/20000 | Train Loss 0.059615
Epoch 06407/20000 | Train Loss 0.055934
Epoch 06408/20000 | Train Loss 0.051146
Epoch 06409/20000 | Train Loss 0.031193
Epoch 06410/20000 | Train Loss 0.034921
Epoch 06411/20000 | Train Loss 0.035496
Epoch 06412/20000 | Train Loss 0.027652
Epoch 06413/20000 | Train Loss 0.042838
Epoch 06414/20000 | Train Loss 0.041055
Epoch 06415/20000 | Train Loss 0.041042
Epoch 06416/20000 | Train Loss 0.058814
Epoch 06417/20000 | Train Loss 0.092731
Epoch 06418/20000 | Train Loss 0.137343
Epoch 06419/20000 | Train Loss 0.155524
Epoch 06420/20000 | Train Loss 0.137952
Epoch 06421/20000 | Train Loss 0.087093
Epoch 06422/20000 | Train Loss 0.087132
Epoch 06423/20000 | Train Loss 0.064927
Epoch 06424/20000 | Train Loss 0.059014
Epoch 06425/20000 | Train Loss 0.056361
Epoch 06426/20000 | Train Loss 0.049471
Epoch 06427/20000 | Train Loss 0.031971
Epoch 06428/20000 | Train Loss 0.039232
Epoch 06429/20000 | Train Loss 0.036019
Epoch 06430/20000 | Train Loss 0.045085
Epoch 06431/20000 | Train Loss 0.042389
Epoch 06432/20000 | Train Loss 0.039207
Epoch 06433/20000 | Train Loss 0.031060
Epoch 06434/20000 | Train Loss 0.035150
Epoch 06435/20000 | Train Loss 0.035196
Epoch 06436/20000 | Train Loss 0.039762
Epoch 06437/20000 | Train Loss 0.035481
Epoch 06438/20000 | Train Loss 0.038011
Epoch 06439/20000 | Train Loss 0.040207
Epoch 06440/20000 | Train Loss 0.047491
Epoch 06441/20000 | Train Loss 0.041810
Epoch 06442/20000 | Train Loss 0.048835
Epoch 06443/20000 | Train Loss 0.034016
Epoch 06444/20000 | Train Loss 0.040681
Epoch 06445/20000 | Train Loss 0.042844
Epoch 06446/20000 | Train Loss 0.026358
Epoch 06447/20000 | Train Loss 0.034763
Epoch 06448/20000 | Train Loss 0.046046
Epoch 06449/20000 | Train Loss 0.035674
Epoch 06450/20000 | Train Loss 0.049354
Epoch 06451/20000 | Train Loss 0.062627
Epoch 06452/20000 | Train Loss 0.050356
Epoch 06453/20000 | Train Loss 0.060001
Epoch 06454/20000 | Train Loss 0.059024
Epoch 06455/20000 | Train Loss 0.038117
Epoch 06456/20000 | Train Loss 0.038479
Epoch 06457/20000 | Train Loss 0.054475
Epoch 06458/20000 | Train Loss 0.037897
Epoch 06459/20000 | Train Loss 0.030588
Epoch 06460/20000 | Train Loss 0.044049
Epoch 06461/20000 | Train Loss 0.043005
Epoch 06462/20000 | Train Loss 0.040222
Epoch 06463/20000 | Train Loss 0.038536
Epoch 06464/20000 | Train Loss 0.042390
Epoch 06465/20000 | Train Loss 0.040300
Epoch 06466/20000 | Train Loss 0.033289
Epoch 06467/20000 | Train Loss 0.038552
Epoch 06468/20000 | Train Loss 0.034031
Epoch 06469/20000 | Train Loss 0.035859
Epoch 06470/20000 | Train Loss 0.033545
Epoch 06471/20000 | Train Loss 0.030820
Epoch 06472/20000 | Train Loss 0.037018
Epoch 06473/20000 | Train Loss 0.027052
Epoch 06474/20000 | Train Loss 0.024111
Epoch 06475/20000 | Train Loss 0.027390
Epoch 06476/20000 | Train Loss 0.028994
Epoch 06477/20000 | Train Loss 0.032732
Epoch 06478/20000 | Train Loss 0.031522
Epoch 06479/20000 | Train Loss 0.022140
Epoch 06480/20000 | Train Loss 0.030898
Epoch 06481/20000 | Train Loss 0.041515
Epoch 06482/20000 | Train Loss 0.049680
Epoch 06483/20000 | Train Loss 0.074991
Epoch 06484/20000 | Train Loss 0.091348
Epoch 06485/20000 | Train Loss 0.088847
Epoch 06486/20000 | Train Loss 0.107382
Epoch 06487/20000 | Train Loss 0.115474
Epoch 06488/20000 | Train Loss 0.082140
Epoch 06489/20000 | Train Loss 0.085934
Epoch 06490/20000 | Train Loss 0.059334
Epoch 06491/20000 | Train Loss 0.045728
Epoch 06492/20000 | Train Loss 0.036520
Epoch 06493/20000 | Train Loss 0.036006
Epoch 06494/20000 | Train Loss 0.037093
Epoch 06495/20000 | Train Loss 0.040068
Epoch 06496/20000 | Train Loss 0.039473
Epoch 06497/20000 | Train Loss 0.033022
Epoch 06498/20000 | Train Loss 0.039985
Epoch 06499/20000 | Train Loss 0.043508
Epoch 06500/20000 | Train Loss 0.030688
  --> Checkpoint saved at epoch 6500.
Epoch 06501/20000 | Train Loss 0.036049
Epoch 06502/20000 | Train Loss 0.033257
Epoch 06503/20000 | Train Loss 0.037085
Epoch 06504/20000 | Train Loss 0.030153
Epoch 06505/20000 | Train Loss 0.036906
Epoch 06506/20000 | Train Loss 0.044388
Epoch 06507/20000 | Train Loss 0.043258
Epoch 06508/20000 | Train Loss 0.069868
Epoch 06509/20000 | Train Loss 0.092918
Epoch 06510/20000 | Train Loss 0.082118
Epoch 06511/20000 | Train Loss 0.049068
Epoch 06512/20000 | Train Loss 0.050857
Epoch 06513/20000 | Train Loss 0.046311
Epoch 06514/20000 | Train Loss 0.047128
Epoch 06515/20000 | Train Loss 0.032317
Epoch 06516/20000 | Train Loss 0.034481
Epoch 06517/20000 | Train Loss 0.037048
Epoch 06518/20000 | Train Loss 0.038105
Epoch 06519/20000 | Train Loss 0.043287
Epoch 06520/20000 | Train Loss 0.033920
Epoch 06521/20000 | Train Loss 0.036484
Epoch 06522/20000 | Train Loss 0.024720
Epoch 06523/20000 | Train Loss 0.033675
Epoch 06524/20000 | Train Loss 0.040374
Epoch 06525/20000 | Train Loss 0.031427
Epoch 06526/20000 | Train Loss 0.031429
Epoch 06527/20000 | Train Loss 0.027100
Epoch 06528/20000 | Train Loss 0.022536
Epoch 06529/20000 | Train Loss 0.024576
Epoch 06530/20000 | Train Loss 0.032655
Epoch 06531/20000 | Train Loss 0.027975
Epoch 06532/20000 | Train Loss 0.038041
Epoch 06533/20000 | Train Loss 0.036561
Epoch 06534/20000 | Train Loss 0.043693
Epoch 06535/20000 | Train Loss 0.048359
Epoch 06536/20000 | Train Loss 0.053270
Epoch 06537/20000 | Train Loss 0.055281
Epoch 06538/20000 | Train Loss 0.049572
Epoch 06539/20000 | Train Loss 0.041073
Epoch 06540/20000 | Train Loss 0.045229
Epoch 06541/20000 | Train Loss 0.034552
Epoch 06542/20000 | Train Loss 0.030087
Epoch 06543/20000 | Train Loss 0.038997
Epoch 06544/20000 | Train Loss 0.033737
Epoch 06545/20000 | Train Loss 0.027718
Epoch 06546/20000 | Train Loss 0.039254
Epoch 06547/20000 | Train Loss 0.023410
Epoch 06548/20000 | Train Loss 0.038258
Epoch 06549/20000 | Train Loss 0.049917
Epoch 06550/20000 | Train Loss 0.059367
Epoch 06551/20000 | Train Loss 0.046191
Epoch 06552/20000 | Train Loss 0.033008
Epoch 06553/20000 | Train Loss 0.033245
Epoch 06554/20000 | Train Loss 0.065770
Epoch 06555/20000 | Train Loss 0.059243
Epoch 06556/20000 | Train Loss 0.062289
Epoch 06557/20000 | Train Loss 0.072328
Epoch 06558/20000 | Train Loss 0.041433
Epoch 06559/20000 | Train Loss 0.059621
Epoch 06560/20000 | Train Loss 0.058611
Epoch 06561/20000 | Train Loss 0.044846
Epoch 06562/20000 | Train Loss 0.058667
Epoch 06563/20000 | Train Loss 0.043735
Epoch 06564/20000 | Train Loss 0.049134
Epoch 06565/20000 | Train Loss 0.046430
Epoch 06566/20000 | Train Loss 0.035776
Epoch 06567/20000 | Train Loss 0.035778
Epoch 06568/20000 | Train Loss 0.036323
Epoch 06569/20000 | Train Loss 0.041501
Epoch 06570/20000 | Train Loss 0.041455
Epoch 06571/20000 | Train Loss 0.027641
Epoch 06572/20000 | Train Loss 0.038911
Epoch 06573/20000 | Train Loss 0.029006
Epoch 06574/20000 | Train Loss 0.031246
Epoch 06575/20000 | Train Loss 0.023814
Epoch 06576/20000 | Train Loss 0.038798
Epoch 06577/20000 | Train Loss 0.027611
Epoch 06578/20000 | Train Loss 0.030158
Epoch 06579/20000 | Train Loss 0.027649
Epoch 06580/20000 | Train Loss 0.030267
Epoch 06581/20000 | Train Loss 0.035371
Epoch 06582/20000 | Train Loss 0.039637
Epoch 06583/20000 | Train Loss 0.047578
Epoch 06584/20000 | Train Loss 0.059416
Epoch 06585/20000 | Train Loss 0.083853
Epoch 06586/20000 | Train Loss 0.099085
Epoch 06587/20000 | Train Loss 0.083909
Epoch 06588/20000 | Train Loss 0.074398
Epoch 06589/20000 | Train Loss 0.055000
Epoch 06590/20000 | Train Loss 0.051498
Epoch 06591/20000 | Train Loss 0.055840
Epoch 06592/20000 | Train Loss 0.047014
Epoch 06593/20000 | Train Loss 0.051267
Epoch 06594/20000 | Train Loss 0.052594
Epoch 06595/20000 | Train Loss 0.074222
Epoch 06596/20000 | Train Loss 0.073976
Epoch 06597/20000 | Train Loss 0.054573
Epoch 06598/20000 | Train Loss 0.066403
Epoch 06599/20000 | Train Loss 0.054384
Epoch 06600/20000 | Train Loss 0.039709
Epoch 06601/20000 | Train Loss 0.045795
Epoch 06602/20000 | Train Loss 0.029597
Epoch 06603/20000 | Train Loss 0.028645
Epoch 06604/20000 | Train Loss 0.039064
Epoch 06605/20000 | Train Loss 0.039860
Epoch 06606/20000 | Train Loss 0.042953
Epoch 06607/20000 | Train Loss 0.048837
Epoch 06608/20000 | Train Loss 0.035494
Epoch 06609/20000 | Train Loss 0.028598
Epoch 06610/20000 | Train Loss 0.029437
Epoch 06611/20000 | Train Loss 0.029691
Epoch 06612/20000 | Train Loss 0.033202
Epoch 06613/20000 | Train Loss 0.019574
Epoch 06614/20000 | Train Loss 0.023624
Epoch 06615/20000 | Train Loss 0.036846
Epoch 06616/20000 | Train Loss 0.048506
Epoch 06617/20000 | Train Loss 0.035664
Epoch 06618/20000 | Train Loss 0.035690
Epoch 06619/20000 | Train Loss 0.028424
Epoch 06620/20000 | Train Loss 0.027699
Epoch 06621/20000 | Train Loss 0.035792
Epoch 06622/20000 | Train Loss 0.034398
Epoch 06623/20000 | Train Loss 0.026274
Epoch 06624/20000 | Train Loss 0.029447
Epoch 06625/20000 | Train Loss 0.031871
Epoch 06626/20000 | Train Loss 0.033104
Epoch 06627/20000 | Train Loss 0.047228
Epoch 06628/20000 | Train Loss 0.041994
Epoch 06629/20000 | Train Loss 0.053046
Epoch 06630/20000 | Train Loss 0.030950
Epoch 06631/20000 | Train Loss 0.038334
Epoch 06632/20000 | Train Loss 0.050144
Epoch 06633/20000 | Train Loss 0.028294
Epoch 06634/20000 | Train Loss 0.043746
Epoch 06635/20000 | Train Loss 0.065530
Epoch 06636/20000 | Train Loss 0.065611
Epoch 06637/20000 | Train Loss 0.050474
Epoch 06638/20000 | Train Loss 0.032150
Epoch 06639/20000 | Train Loss 0.036181
Epoch 06640/20000 | Train Loss 0.032685
Epoch 06641/20000 | Train Loss 0.026407
Epoch 06642/20000 | Train Loss 0.031020
Epoch 06643/20000 | Train Loss 0.025796
Epoch 06644/20000 | Train Loss 0.029519
Epoch 06645/20000 | Train Loss 0.026476
Epoch 06646/20000 | Train Loss 0.030654
Epoch 06647/20000 | Train Loss 0.028777
Epoch 06648/20000 | Train Loss 0.026862
Epoch 06649/20000 | Train Loss 0.034463
Epoch 06650/20000 | Train Loss 0.035005
Epoch 06651/20000 | Train Loss 0.024794
Epoch 06652/20000 | Train Loss 0.031591
Epoch 06653/20000 | Train Loss 0.038646
Epoch 06654/20000 | Train Loss 0.028137
Epoch 06655/20000 | Train Loss 0.031979
Epoch 06656/20000 | Train Loss 0.042172
Epoch 06657/20000 | Train Loss 0.079959
Epoch 06658/20000 | Train Loss 0.050519
Epoch 06659/20000 | Train Loss 0.071131
Epoch 06660/20000 | Train Loss 0.070726
Epoch 06661/20000 | Train Loss 0.047493
Epoch 06662/20000 | Train Loss 0.063166
Epoch 06663/20000 | Train Loss 0.058278
Epoch 06664/20000 | Train Loss 0.036675
Epoch 06665/20000 | Train Loss 0.042992
Epoch 06666/20000 | Train Loss 0.028267
Epoch 06667/20000 | Train Loss 0.029318
Epoch 06668/20000 | Train Loss 0.036876
Epoch 06669/20000 | Train Loss 0.045990
Epoch 06670/20000 | Train Loss 0.046713
Epoch 06671/20000 | Train Loss 0.050701
Epoch 06672/20000 | Train Loss 0.040037
Epoch 06673/20000 | Train Loss 0.034585
Epoch 06674/20000 | Train Loss 0.033632
Epoch 06675/20000 | Train Loss 0.043349
Epoch 06676/20000 | Train Loss 0.033786
Epoch 06677/20000 | Train Loss 0.037962
Epoch 06678/20000 | Train Loss 0.031134
Epoch 06679/20000 | Train Loss 0.031388
Epoch 06680/20000 | Train Loss 0.046575
Epoch 06681/20000 | Train Loss 0.032665
Epoch 06682/20000 | Train Loss 0.035255
Epoch 06683/20000 | Train Loss 0.028684
Epoch 06684/20000 | Train Loss 0.026408
Epoch 06685/20000 | Train Loss 0.030624
Epoch 06686/20000 | Train Loss 0.025057
Epoch 06687/20000 | Train Loss 0.023741
Epoch 06688/20000 | Train Loss 0.029763
Epoch 06689/20000 | Train Loss 0.035588
Epoch 06690/20000 | Train Loss 0.026509
Epoch 06691/20000 | Train Loss 0.024761
Epoch 06692/20000 | Train Loss 0.032237
Epoch 06693/20000 | Train Loss 0.030097
Epoch 06694/20000 | Train Loss 0.018707
Epoch 06695/20000 | Train Loss 0.026455
Epoch 06696/20000 | Train Loss 0.021966
Epoch 06697/20000 | Train Loss 0.025676
Epoch 06698/20000 | Train Loss 0.030389
Epoch 06699/20000 | Train Loss 0.037746
Epoch 06700/20000 | Train Loss 0.057770
Epoch 06701/20000 | Train Loss 0.082274
Epoch 06702/20000 | Train Loss 0.048004
Epoch 06703/20000 | Train Loss 0.051542
Epoch 06704/20000 | Train Loss 0.045218
Epoch 06705/20000 | Train Loss 0.043726
Epoch 06706/20000 | Train Loss 0.037525
Epoch 06707/20000 | Train Loss 0.036215
Epoch 06708/20000 | Train Loss 0.032953
Epoch 06709/20000 | Train Loss 0.025419
Epoch 06710/20000 | Train Loss 0.033825
Epoch 06711/20000 | Train Loss 0.039946
Epoch 06712/20000 | Train Loss 0.053795
Epoch 06713/20000 | Train Loss 0.046736
Epoch 06714/20000 | Train Loss 0.032926
Epoch 06715/20000 | Train Loss 0.023459
Epoch 06716/20000 | Train Loss 0.028466
Epoch 06717/20000 | Train Loss 0.025701
Epoch 06718/20000 | Train Loss 0.028109
Epoch 06719/20000 | Train Loss 0.028446
Epoch 06720/20000 | Train Loss 0.034934
Epoch 06721/20000 | Train Loss 0.048387
Epoch 06722/20000 | Train Loss 0.047725
Epoch 06723/20000 | Train Loss 0.044627
Epoch 06724/20000 | Train Loss 0.078505
Epoch 06725/20000 | Train Loss 0.077470
Epoch 06726/20000 | Train Loss 0.053432
Epoch 06727/20000 | Train Loss 0.046080
Epoch 06728/20000 | Train Loss 0.046384
Epoch 06729/20000 | Train Loss 0.035430
Epoch 06730/20000 | Train Loss 0.039979
Epoch 06731/20000 | Train Loss 0.045914
Epoch 06732/20000 | Train Loss 0.041693
Epoch 06733/20000 | Train Loss 0.042123
Epoch 06734/20000 | Train Loss 0.025475
Epoch 06735/20000 | Train Loss 0.032534
Epoch 06736/20000 | Train Loss 0.026493
Epoch 06737/20000 | Train Loss 0.031161
Epoch 06738/20000 | Train Loss 0.033431
Epoch 06739/20000 | Train Loss 0.151335
Epoch 06740/20000 | Train Loss 0.209912
Epoch 06741/20000 | Train Loss 0.125480
Epoch 06742/20000 | Train Loss 0.105745
Epoch 06743/20000 | Train Loss 0.107420
Epoch 06744/20000 | Train Loss 0.080439
Epoch 06745/20000 | Train Loss 0.074017
Epoch 06746/20000 | Train Loss 0.059436
Epoch 06747/20000 | Train Loss 0.060203
Epoch 06748/20000 | Train Loss 0.051010
Epoch 06749/20000 | Train Loss 0.036367
Epoch 06750/20000 | Train Loss 0.045953
Epoch 06751/20000 | Train Loss 0.057088
Epoch 06752/20000 | Train Loss 0.057241
Epoch 06753/20000 | Train Loss 0.033681
Epoch 06754/20000 | Train Loss 0.030693
Epoch 06755/20000 | Train Loss 0.035827
Epoch 06756/20000 | Train Loss 0.032862
Epoch 06757/20000 | Train Loss 0.034249
Epoch 06758/20000 | Train Loss 0.039342
Epoch 06759/20000 | Train Loss 0.042450
Epoch 06760/20000 | Train Loss 0.043145
Epoch 06761/20000 | Train Loss 0.047595
Epoch 06762/20000 | Train Loss 0.047056
Epoch 06763/20000 | Train Loss 0.037220
Epoch 06764/20000 | Train Loss 0.029911
Epoch 06765/20000 | Train Loss 0.028871
Epoch 06766/20000 | Train Loss 0.032708
Epoch 06767/20000 | Train Loss 0.025427
Epoch 06768/20000 | Train Loss 0.028184
Epoch 06769/20000 | Train Loss 0.040852
Epoch 06770/20000 | Train Loss 0.037621
Epoch 06771/20000 | Train Loss 0.033225
Epoch 06772/20000 | Train Loss 0.036179
Epoch 06773/20000 | Train Loss 0.051607
Epoch 06774/20000 | Train Loss 0.058468
Epoch 06775/20000 | Train Loss 0.131466
Epoch 06776/20000 | Train Loss 0.139148
Epoch 06777/20000 | Train Loss 0.070065
Epoch 06778/20000 | Train Loss 0.078444
Epoch 06779/20000 | Train Loss 0.059409
Epoch 06780/20000 | Train Loss 0.106667
Epoch 06781/20000 | Train Loss 0.158771
Epoch 06782/20000 | Train Loss 0.077531
Epoch 06783/20000 | Train Loss 0.075423
Epoch 06784/20000 | Train Loss 0.051261
Epoch 06785/20000 | Train Loss 0.063666
Epoch 06786/20000 | Train Loss 0.038805
Epoch 06787/20000 | Train Loss 0.035555
Epoch 06788/20000 | Train Loss 0.031951
Epoch 06789/20000 | Train Loss 0.031722
Epoch 06790/20000 | Train Loss 0.034120
Epoch 06791/20000 | Train Loss 0.030604
Epoch 06792/20000 | Train Loss 0.031255
Epoch 06793/20000 | Train Loss 0.026422
Epoch 06794/20000 | Train Loss 0.033232
Epoch 06795/20000 | Train Loss 0.032733
Epoch 06796/20000 | Train Loss 0.035517
Epoch 06797/20000 | Train Loss 0.037370
Epoch 06798/20000 | Train Loss 0.036441
Epoch 06799/20000 | Train Loss 0.044611
Epoch 06800/20000 | Train Loss 0.028364
Epoch 06801/20000 | Train Loss 0.037777
Epoch 06802/20000 | Train Loss 0.061442
Epoch 06803/20000 | Train Loss 0.072728
Epoch 06804/20000 | Train Loss 0.046332
Epoch 06805/20000 | Train Loss 0.042935
Epoch 06806/20000 | Train Loss 0.051801
Epoch 06807/20000 | Train Loss 0.034797
Epoch 06808/20000 | Train Loss 0.032768
Epoch 06809/20000 | Train Loss 0.035775
Epoch 06810/20000 | Train Loss 0.024418
Epoch 06811/20000 | Train Loss 0.035114
Epoch 06812/20000 | Train Loss 0.034089
Epoch 06813/20000 | Train Loss 0.026079
Epoch 06814/20000 | Train Loss 0.042490
Epoch 06815/20000 | Train Loss 0.035348
Epoch 06816/20000 | Train Loss 0.038320
Epoch 06817/20000 | Train Loss 0.038196
Epoch 06818/20000 | Train Loss 0.046861
Epoch 06819/20000 | Train Loss 0.039522
Epoch 06820/20000 | Train Loss 0.028816
Epoch 06821/20000 | Train Loss 0.027394
Epoch 06822/20000 | Train Loss 0.023686
Epoch 06823/20000 | Train Loss 0.018289
Epoch 06824/20000 | Train Loss 0.025264
Epoch 06825/20000 | Train Loss 0.028530
Epoch 06826/20000 | Train Loss 0.032776
Epoch 06827/20000 | Train Loss 0.031697
Epoch 06828/20000 | Train Loss 0.033548
Epoch 06829/20000 | Train Loss 0.029472
Epoch 06830/20000 | Train Loss 0.033220
Epoch 06831/20000 | Train Loss 0.035587
Epoch 06832/20000 | Train Loss 0.040648
Epoch 06833/20000 | Train Loss 0.034732
Epoch 06834/20000 | Train Loss 0.042495
Epoch 06835/20000 | Train Loss 0.037353
Epoch 06836/20000 | Train Loss 0.045820
Epoch 06837/20000 | Train Loss 0.069563
Epoch 06838/20000 | Train Loss 0.081217
Epoch 06839/20000 | Train Loss 0.062314
Epoch 06840/20000 | Train Loss 0.039178
Epoch 06841/20000 | Train Loss 0.036578
Epoch 06842/20000 | Train Loss 0.029218
Epoch 06843/20000 | Train Loss 0.039384
Epoch 06844/20000 | Train Loss 0.030874
Epoch 06845/20000 | Train Loss 0.041181
Epoch 06846/20000 | Train Loss 0.039651
Epoch 06847/20000 | Train Loss 0.057917
Epoch 06848/20000 | Train Loss 0.044928
Epoch 06849/20000 | Train Loss 0.041535
Epoch 06850/20000 | Train Loss 0.030161
Epoch 06851/20000 | Train Loss 0.034353
Epoch 06852/20000 | Train Loss 0.029660
Epoch 06853/20000 | Train Loss 0.027501
Epoch 06854/20000 | Train Loss 0.037554
Epoch 06855/20000 | Train Loss 0.045914
Epoch 06856/20000 | Train Loss 0.035922
Epoch 06857/20000 | Train Loss 0.024896
Epoch 06858/20000 | Train Loss 0.026069
Epoch 06859/20000 | Train Loss 0.025929
Epoch 06860/20000 | Train Loss 0.028199
Epoch 06861/20000 | Train Loss 0.040295
Epoch 06862/20000 | Train Loss 0.027543
Epoch 06863/20000 | Train Loss 0.025678
Epoch 06864/20000 | Train Loss 0.027140
Epoch 06865/20000 | Train Loss 0.073554
Epoch 06866/20000 | Train Loss 0.100199
Epoch 06867/20000 | Train Loss 0.091752
Epoch 06868/20000 | Train Loss 0.102194
Epoch 06869/20000 | Train Loss 0.089010
Epoch 06870/20000 | Train Loss 0.068929
Epoch 06871/20000 | Train Loss 0.067778
Epoch 06872/20000 | Train Loss 0.059403
Epoch 06873/20000 | Train Loss 0.051780
Epoch 06874/20000 | Train Loss 0.056558
Epoch 06875/20000 | Train Loss 0.035126
Epoch 06876/20000 | Train Loss 0.043071
Epoch 06877/20000 | Train Loss 0.033191
Epoch 06878/20000 | Train Loss 0.030523
Epoch 06879/20000 | Train Loss 0.040142
Epoch 06880/20000 | Train Loss 0.035606
Epoch 06881/20000 | Train Loss 0.041148
Epoch 06882/20000 | Train Loss 0.043134
Epoch 06883/20000 | Train Loss 0.042062
Epoch 06884/20000 | Train Loss 0.029314
Epoch 06885/20000 | Train Loss 0.038818
Epoch 06886/20000 | Train Loss 0.045284
Epoch 06887/20000 | Train Loss 0.054702
Epoch 06888/20000 | Train Loss 0.070289
Epoch 06889/20000 | Train Loss 0.043280
Epoch 06890/20000 | Train Loss 0.046442
Epoch 06891/20000 | Train Loss 0.053053
Epoch 06892/20000 | Train Loss 0.033416
Epoch 06893/20000 | Train Loss 0.052069
Epoch 06894/20000 | Train Loss 0.050657
Epoch 06895/20000 | Train Loss 0.036779
Epoch 06896/20000 | Train Loss 0.049370
Epoch 06897/20000 | Train Loss 0.051231
Epoch 06898/20000 | Train Loss 0.054749
Epoch 06899/20000 | Train Loss 0.040289
Epoch 06900/20000 | Train Loss 0.050009
Epoch 06901/20000 | Train Loss 0.050186
Epoch 06902/20000 | Train Loss 0.045922
Epoch 06903/20000 | Train Loss 0.032145
Epoch 06904/20000 | Train Loss 0.032654
Epoch 06905/20000 | Train Loss 0.033093
Epoch 06906/20000 | Train Loss 0.025110
Epoch 06907/20000 | Train Loss 0.033796
Epoch 06908/20000 | Train Loss 0.025354
Epoch 06909/20000 | Train Loss 0.023351
Epoch 06910/20000 | Train Loss 0.028822
Epoch 06911/20000 | Train Loss 0.028638
Epoch 06912/20000 | Train Loss 0.023172
Epoch 06913/20000 | Train Loss 0.026049
Epoch 06914/20000 | Train Loss 0.026429
Epoch 06915/20000 | Train Loss 0.028398
Epoch 06916/20000 | Train Loss 0.027315
Epoch 06917/20000 | Train Loss 0.033271
Epoch 06918/20000 | Train Loss 0.031833
Epoch 06919/20000 | Train Loss 0.049841
Epoch 06920/20000 | Train Loss 0.062733
Epoch 06921/20000 | Train Loss 0.060428
Epoch 06922/20000 | Train Loss 0.061835
Epoch 06923/20000 | Train Loss 0.051912
Epoch 06924/20000 | Train Loss 0.053679
Epoch 06925/20000 | Train Loss 0.066337
Epoch 06926/20000 | Train Loss 0.062370
Epoch 06927/20000 | Train Loss 0.050726
Epoch 06928/20000 | Train Loss 0.051451
Epoch 06929/20000 | Train Loss 0.047011
Epoch 06930/20000 | Train Loss 0.041566
Epoch 06931/20000 | Train Loss 0.045963
Epoch 06932/20000 | Train Loss 0.029804
Epoch 06933/20000 | Train Loss 0.033430
Epoch 06934/20000 | Train Loss 0.037931
Epoch 06935/20000 | Train Loss 0.040520
Epoch 06936/20000 | Train Loss 0.028184
Epoch 06937/20000 | Train Loss 0.036941
Epoch 06938/20000 | Train Loss 0.044771
Epoch 06939/20000 | Train Loss 0.063562
Epoch 06940/20000 | Train Loss 0.063650
Epoch 06941/20000 | Train Loss 0.046153
Epoch 06942/20000 | Train Loss 0.042469
Epoch 06943/20000 | Train Loss 0.041023
Epoch 06944/20000 | Train Loss 0.039314
Epoch 06945/20000 | Train Loss 0.031271
Epoch 06946/20000 | Train Loss 0.036935
Epoch 06947/20000 | Train Loss 0.040969
Epoch 06948/20000 | Train Loss 0.033359
Epoch 06949/20000 | Train Loss 0.032291
Epoch 06950/20000 | Train Loss 0.028382
Epoch 06951/20000 | Train Loss 0.038163
Epoch 06952/20000 | Train Loss 0.025591
Epoch 06953/20000 | Train Loss 0.033043
Epoch 06954/20000 | Train Loss 0.037133
Epoch 06955/20000 | Train Loss 0.030146
Epoch 06956/20000 | Train Loss 0.027127
Epoch 06957/20000 | Train Loss 0.026082
Epoch 06958/20000 | Train Loss 0.026259
Epoch 06959/20000 | Train Loss 0.016955
Epoch 06960/20000 | Train Loss 0.025799
Epoch 06961/20000 | Train Loss 0.024367
Epoch 06962/20000 | Train Loss 0.037766
Epoch 06963/20000 | Train Loss 0.038041
Epoch 06964/20000 | Train Loss 0.047906
Epoch 06965/20000 | Train Loss 0.033852
Epoch 06966/20000 | Train Loss 0.027065
Epoch 06967/20000 | Train Loss 0.034597
Epoch 06968/20000 | Train Loss 0.030788
Epoch 06969/20000 | Train Loss 0.032021
Epoch 06970/20000 | Train Loss 0.024241
Epoch 06971/20000 | Train Loss 0.027373
Epoch 06972/20000 | Train Loss 0.020249
Epoch 06973/20000 | Train Loss 0.034803
Epoch 06974/20000 | Train Loss 0.033386
Epoch 06975/20000 | Train Loss 0.028106
Epoch 06976/20000 | Train Loss 0.034685
Epoch 06977/20000 | Train Loss 0.034467
Epoch 06978/20000 | Train Loss 0.047177
Epoch 06979/20000 | Train Loss 0.044514
Epoch 06980/20000 | Train Loss 0.036354
Epoch 06981/20000 | Train Loss 0.031185
Epoch 06982/20000 | Train Loss 0.037571
Epoch 06983/20000 | Train Loss 0.046488
Epoch 06984/20000 | Train Loss 0.030463
Epoch 06985/20000 | Train Loss 0.033341
Epoch 06986/20000 | Train Loss 0.031870
Epoch 06987/20000 | Train Loss 0.028719
Epoch 06988/20000 | Train Loss 0.036383
Epoch 06989/20000 | Train Loss 0.030171
Epoch 06990/20000 | Train Loss 0.032653
Epoch 06991/20000 | Train Loss 0.053311
Epoch 06992/20000 | Train Loss 0.068078
Epoch 06993/20000 | Train Loss 0.050049
Epoch 06994/20000 | Train Loss 0.039736
Epoch 06995/20000 | Train Loss 0.036253
Epoch 06996/20000 | Train Loss 0.028965
Epoch 06997/20000 | Train Loss 0.038595
Epoch 06998/20000 | Train Loss 0.049335
Epoch 06999/20000 | Train Loss 0.044702
Epoch 07000/20000 | Train Loss 0.044622
  --> Checkpoint saved at epoch 7000.
Epoch 07001/20000 | Train Loss 0.033524
Epoch 07002/20000 | Train Loss 0.024669
Epoch 07003/20000 | Train Loss 0.032506
Epoch 07004/20000 | Train Loss 0.031811
Epoch 07005/20000 | Train Loss 0.037746
Epoch 07006/20000 | Train Loss 0.038290
Epoch 07007/20000 | Train Loss 0.041118
Epoch 07008/20000 | Train Loss 0.041773
Epoch 07009/20000 | Train Loss 0.052149
Epoch 07010/20000 | Train Loss 0.056349
Epoch 07011/20000 | Train Loss 0.064726
Epoch 07012/20000 | Train Loss 0.065067
Epoch 07013/20000 | Train Loss 0.048610
Epoch 07014/20000 | Train Loss 0.043921
Epoch 07015/20000 | Train Loss 0.048090
Epoch 07016/20000 | Train Loss 0.031148
Epoch 07017/20000 | Train Loss 0.032206
Epoch 07018/20000 | Train Loss 0.040893
Epoch 07019/20000 | Train Loss 0.030315
Epoch 07020/20000 | Train Loss 0.030383
Epoch 07021/20000 | Train Loss 0.031398
Epoch 07022/20000 | Train Loss 0.026083
Epoch 07023/20000 | Train Loss 0.032281
Epoch 07024/20000 | Train Loss 0.027740
Epoch 07025/20000 | Train Loss 0.031575
Epoch 07026/20000 | Train Loss 0.035639
Epoch 07027/20000 | Train Loss 0.060775
Epoch 07028/20000 | Train Loss 0.047477
Epoch 07029/20000 | Train Loss 0.037933
Epoch 07030/20000 | Train Loss 0.030554
Epoch 07031/20000 | Train Loss 0.030053
Epoch 07032/20000 | Train Loss 0.031053
Epoch 07033/20000 | Train Loss 0.028611
Epoch 07034/20000 | Train Loss 0.034269
Epoch 07035/20000 | Train Loss 0.044895
Epoch 07036/20000 | Train Loss 0.031892
Epoch 07037/20000 | Train Loss 0.028752
Epoch 07038/20000 | Train Loss 0.033758
Epoch 07039/20000 | Train Loss 0.036861
Epoch 07040/20000 | Train Loss 0.052251
Epoch 07041/20000 | Train Loss 0.049185
Epoch 07042/20000 | Train Loss 0.040291
Epoch 07043/20000 | Train Loss 0.033149
Epoch 07044/20000 | Train Loss 0.025919
Epoch 07045/20000 | Train Loss 0.028542
Epoch 07046/20000 | Train Loss 0.021604
Epoch 07047/20000 | Train Loss 0.034567
Epoch 07048/20000 | Train Loss 0.032010
Epoch 07049/20000 | Train Loss 0.028355
Epoch 07050/20000 | Train Loss 0.027429
Epoch 07051/20000 | Train Loss 0.040635
Epoch 07052/20000 | Train Loss 0.075290
Epoch 07053/20000 | Train Loss 0.075962
Epoch 07054/20000 | Train Loss 0.044375
Epoch 07055/20000 | Train Loss 0.049903
Epoch 07056/20000 | Train Loss 0.050558
Epoch 07057/20000 | Train Loss 0.053702
Epoch 07058/20000 | Train Loss 0.056406
Epoch 07059/20000 | Train Loss 0.045326
Epoch 07060/20000 | Train Loss 0.042723
Epoch 07061/20000 | Train Loss 0.037715
Epoch 07062/20000 | Train Loss 0.035602
Epoch 07063/20000 | Train Loss 0.042071
Epoch 07064/20000 | Train Loss 0.051162
Epoch 07065/20000 | Train Loss 0.040138
Epoch 07066/20000 | Train Loss 0.043478
Epoch 07067/20000 | Train Loss 0.040725
Epoch 07068/20000 | Train Loss 0.039770
Epoch 07069/20000 | Train Loss 0.039604
Epoch 07070/20000 | Train Loss 0.041976
Epoch 07071/20000 | Train Loss 0.031233
Epoch 07072/20000 | Train Loss 0.029088
Epoch 07073/20000 | Train Loss 0.025105
Epoch 07074/20000 | Train Loss 0.027156
Epoch 07075/20000 | Train Loss 0.026418
Epoch 07076/20000 | Train Loss 0.026506
Epoch 07077/20000 | Train Loss 0.025243
Epoch 07078/20000 | Train Loss 0.036584
Epoch 07079/20000 | Train Loss 0.036002
Epoch 07080/20000 | Train Loss 0.026454
Epoch 07081/20000 | Train Loss 0.025246
Epoch 07082/20000 | Train Loss 0.026164
Epoch 07083/20000 | Train Loss 0.035463
Epoch 07084/20000 | Train Loss 0.029581
Epoch 07085/20000 | Train Loss 0.045541
Epoch 07086/20000 | Train Loss 0.052269
Epoch 07087/20000 | Train Loss 0.044691
Epoch 07088/20000 | Train Loss 0.044024
Epoch 07089/20000 | Train Loss 0.035162
Epoch 07090/20000 | Train Loss 0.036123
Epoch 07091/20000 | Train Loss 0.025971
Epoch 07092/20000 | Train Loss 0.029710
Epoch 07093/20000 | Train Loss 0.032360
Epoch 07094/20000 | Train Loss 0.027769
Epoch 07095/20000 | Train Loss 0.032383
Epoch 07096/20000 | Train Loss 0.030354
Epoch 07097/20000 | Train Loss 0.031509
Epoch 07098/20000 | Train Loss 0.038945
Epoch 07099/20000 | Train Loss 0.037627
Epoch 07100/20000 | Train Loss 0.049710
Epoch 07101/20000 | Train Loss 0.040939
Epoch 07102/20000 | Train Loss 0.036771
Epoch 07103/20000 | Train Loss 0.036465
Epoch 07104/20000 | Train Loss 0.034044
Epoch 07105/20000 | Train Loss 0.025051
Epoch 07106/20000 | Train Loss 0.030546
Epoch 07107/20000 | Train Loss 0.031398
Epoch 07108/20000 | Train Loss 0.030874
Epoch 07109/20000 | Train Loss 0.042834
Epoch 07110/20000 | Train Loss 0.051061
Epoch 07111/20000 | Train Loss 0.046128
Epoch 07112/20000 | Train Loss 0.030623
Epoch 07113/20000 | Train Loss 0.033542
Epoch 07114/20000 | Train Loss 0.032285
Epoch 07115/20000 | Train Loss 0.024471
Epoch 07116/20000 | Train Loss 0.026633
Epoch 07117/20000 | Train Loss 0.019421
Epoch 07118/20000 | Train Loss 0.023253
Epoch 07119/20000 | Train Loss 0.024931
Epoch 07120/20000 | Train Loss 0.036072
Epoch 07121/20000 | Train Loss 0.043492
Epoch 07122/20000 | Train Loss 0.052218
Epoch 07123/20000 | Train Loss 0.053569
Epoch 07124/20000 | Train Loss 0.052044
Epoch 07125/20000 | Train Loss 0.080367
Epoch 07126/20000 | Train Loss 0.066616
Epoch 07127/20000 | Train Loss 0.224918
Epoch 07128/20000 | Train Loss 0.147931
Epoch 07129/20000 | Train Loss 0.113515
Epoch 07130/20000 | Train Loss 0.090031
Epoch 07131/20000 | Train Loss 0.068812
Epoch 07132/20000 | Train Loss 0.055254
Epoch 07133/20000 | Train Loss 0.044537
Epoch 07134/20000 | Train Loss 0.041279
Epoch 07135/20000 | Train Loss 0.044111
Epoch 07136/20000 | Train Loss 0.042739
Epoch 07137/20000 | Train Loss 0.055759
Epoch 07138/20000 | Train Loss 0.041484
Epoch 07139/20000 | Train Loss 0.041501
Epoch 07140/20000 | Train Loss 0.047655
Epoch 07141/20000 | Train Loss 0.043928
Epoch 07142/20000 | Train Loss 0.042057
Epoch 07143/20000 | Train Loss 0.036648
Epoch 07144/20000 | Train Loss 0.044899
Epoch 07145/20000 | Train Loss 0.043149
Epoch 07146/20000 | Train Loss 0.046998
Epoch 07147/20000 | Train Loss 0.033996
Epoch 07148/20000 | Train Loss 0.031053
Epoch 07149/20000 | Train Loss 0.024731
Epoch 07150/20000 | Train Loss 0.027361
Epoch 07151/20000 | Train Loss 0.021315
Epoch 07152/20000 | Train Loss 0.025312
Epoch 07153/20000 | Train Loss 0.030424
Epoch 07154/20000 | Train Loss 0.036934
Epoch 07155/20000 | Train Loss 0.032840
Epoch 07156/20000 | Train Loss 0.037944
Epoch 07157/20000 | Train Loss 0.032344
Epoch 07158/20000 | Train Loss 0.022470
Epoch 07159/20000 | Train Loss 0.038706
Epoch 07160/20000 | Train Loss 0.050325
Epoch 07161/20000 | Train Loss 0.040704
Epoch 07162/20000 | Train Loss 0.035025
Epoch 07163/20000 | Train Loss 0.023661
Epoch 07164/20000 | Train Loss 0.031050
Epoch 07165/20000 | Train Loss 0.030379
Epoch 07166/20000 | Train Loss 0.031947
Epoch 07167/20000 | Train Loss 0.042451
Epoch 07168/20000 | Train Loss 0.043766
Epoch 07169/20000 | Train Loss 0.049345
Epoch 07170/20000 | Train Loss 0.036401
Epoch 07171/20000 | Train Loss 0.073951
Epoch 07172/20000 | Train Loss 0.096493
Epoch 07173/20000 | Train Loss 0.066232
Epoch 07174/20000 | Train Loss 0.064348
Epoch 07175/20000 | Train Loss 0.049834
Epoch 07176/20000 | Train Loss 0.047534
Epoch 07177/20000 | Train Loss 0.050773
Epoch 07178/20000 | Train Loss 0.059442
Epoch 07179/20000 | Train Loss 0.038349
Epoch 07180/20000 | Train Loss 0.033244
Epoch 07181/20000 | Train Loss 0.034272
Epoch 07182/20000 | Train Loss 0.031317
Epoch 07183/20000 | Train Loss 0.034164
Epoch 07184/20000 | Train Loss 0.027733
Epoch 07185/20000 | Train Loss 0.029504
Epoch 07186/20000 | Train Loss 0.027281
Epoch 07187/20000 | Train Loss 0.028308
Epoch 07188/20000 | Train Loss 0.028616
Epoch 07189/20000 | Train Loss 0.036445
Epoch 07190/20000 | Train Loss 0.040025
Epoch 07191/20000 | Train Loss 0.049717
Epoch 07192/20000 | Train Loss 0.040497
Epoch 07193/20000 | Train Loss 0.035226
Epoch 07194/20000 | Train Loss 0.033126
Epoch 07195/20000 | Train Loss 0.024578
Epoch 07196/20000 | Train Loss 0.032809
Epoch 07197/20000 | Train Loss 0.020234
Epoch 07198/20000 | Train Loss 0.024526
Epoch 07199/20000 | Train Loss 0.029126
Epoch 07200/20000 | Train Loss 0.035543
Epoch 07201/20000 | Train Loss 0.046638
Epoch 07202/20000 | Train Loss 0.044040
Epoch 07203/20000 | Train Loss 0.032244
Epoch 07204/20000 | Train Loss 0.040502
Epoch 07205/20000 | Train Loss 0.042523
Epoch 07206/20000 | Train Loss 0.032313
Epoch 07207/20000 | Train Loss 0.035064
Epoch 07208/20000 | Train Loss 0.052280
Epoch 07209/20000 | Train Loss 0.031923
Epoch 07210/20000 | Train Loss 0.035465
Epoch 07211/20000 | Train Loss 0.033398
Epoch 07212/20000 | Train Loss 0.030796
Epoch 07213/20000 | Train Loss 0.025817
Epoch 07214/20000 | Train Loss 0.030489
Epoch 07215/20000 | Train Loss 0.031761
Epoch 07216/20000 | Train Loss 0.028438
Epoch 07217/20000 | Train Loss 0.020528
Epoch 07218/20000 | Train Loss 0.028980
Epoch 07219/20000 | Train Loss 0.024071
Epoch 07220/20000 | Train Loss 0.020503
Epoch 07221/20000 | Train Loss 0.020883
Epoch 07222/20000 | Train Loss 0.020126
Epoch 07223/20000 | Train Loss 0.031834
Epoch 07224/20000 | Train Loss 0.038542
Epoch 07225/20000 | Train Loss 0.036142
Epoch 07226/20000 | Train Loss 0.039794
Epoch 07227/20000 | Train Loss 0.035338
Epoch 07228/20000 | Train Loss 0.038780
Epoch 07229/20000 | Train Loss 0.027595
Epoch 07230/20000 | Train Loss 0.033025
Epoch 07231/20000 | Train Loss 0.027244
Epoch 07232/20000 | Train Loss 0.031535
Epoch 07233/20000 | Train Loss 0.028458
Epoch 07234/20000 | Train Loss 0.028040
Epoch 07235/20000 | Train Loss 0.043817
Epoch 07236/20000 | Train Loss 0.044594
Epoch 07237/20000 | Train Loss 0.031211
Epoch 07238/20000 | Train Loss 0.032244
Epoch 07239/20000 | Train Loss 0.034579
Epoch 07240/20000 | Train Loss 0.029222
Epoch 07241/20000 | Train Loss 0.046665
Epoch 07242/20000 | Train Loss 0.076249
Epoch 07243/20000 | Train Loss 0.053333
Epoch 07244/20000 | Train Loss 0.035280
Epoch 07245/20000 | Train Loss 0.036900
Epoch 07246/20000 | Train Loss 0.042708
Epoch 07247/20000 | Train Loss 0.027928
Epoch 07248/20000 | Train Loss 0.026849
Epoch 07249/20000 | Train Loss 0.024158
Epoch 07250/20000 | Train Loss 0.027436
Epoch 07251/20000 | Train Loss 0.028972
Epoch 07252/20000 | Train Loss 0.035033
Epoch 07253/20000 | Train Loss 0.030500
Epoch 07254/20000 | Train Loss 0.027714
Epoch 07255/20000 | Train Loss 0.033146
Epoch 07256/20000 | Train Loss 0.024899
Epoch 07257/20000 | Train Loss 0.029129
Epoch 07258/20000 | Train Loss 0.036169
Epoch 07259/20000 | Train Loss 0.034778
Epoch 07260/20000 | Train Loss 0.035272
Epoch 07261/20000 | Train Loss 0.031251
Epoch 07262/20000 | Train Loss 0.029857
Epoch 07263/20000 | Train Loss 0.033061
Epoch 07264/20000 | Train Loss 0.026180
Epoch 07265/20000 | Train Loss 0.018100
Epoch 07266/20000 | Train Loss 0.015595
Epoch 07267/20000 | Train Loss 0.030186
Epoch 07268/20000 | Train Loss 0.018950
Epoch 07269/20000 | Train Loss 0.022264
Epoch 07270/20000 | Train Loss 0.026611
Epoch 07271/20000 | Train Loss 0.029058
Epoch 07272/20000 | Train Loss 0.041715
Epoch 07273/20000 | Train Loss 0.046275
Epoch 07274/20000 | Train Loss 0.060235
Epoch 07275/20000 | Train Loss 0.074656
Epoch 07276/20000 | Train Loss 0.170010
Epoch 07277/20000 | Train Loss 0.280309
Epoch 07278/20000 | Train Loss 0.141453
Epoch 07279/20000 | Train Loss 0.122424
Epoch 07280/20000 | Train Loss 0.095687
Epoch 07281/20000 | Train Loss 0.087093
Epoch 07282/20000 | Train Loss 0.078410
Epoch 07283/20000 | Train Loss 0.043690
Epoch 07284/20000 | Train Loss 0.039671
Epoch 07285/20000 | Train Loss 0.039799
Epoch 07286/20000 | Train Loss 0.041186
Epoch 07287/20000 | Train Loss 0.040422
Epoch 07288/20000 | Train Loss 0.032402
Epoch 07289/20000 | Train Loss 0.032750
Epoch 07290/20000 | Train Loss 0.026653
Epoch 07291/20000 | Train Loss 0.028334
Epoch 07292/20000 | Train Loss 0.023334
Epoch 07293/20000 | Train Loss 0.024255
Epoch 07294/20000 | Train Loss 0.025629
Epoch 07295/20000 | Train Loss 0.024625
Epoch 07296/20000 | Train Loss 0.022181
Epoch 07297/20000 | Train Loss 0.020207
Epoch 07298/20000 | Train Loss 0.022144
Epoch 07299/20000 | Train Loss 0.021343
Epoch 07300/20000 | Train Loss 0.022823
Epoch 07301/20000 | Train Loss 0.022586
Epoch 07302/20000 | Train Loss 0.024626
Epoch 07303/20000 | Train Loss 0.024100
Epoch 07304/20000 | Train Loss 0.032144
Epoch 07305/20000 | Train Loss 0.030577
Epoch 07306/20000 | Train Loss 0.024886
Epoch 07307/20000 | Train Loss 0.025592
Epoch 07308/20000 | Train Loss 0.019482
Epoch 07309/20000 | Train Loss 0.027390
Epoch 07310/20000 | Train Loss 0.035216
Epoch 07311/20000 | Train Loss 0.031493
Epoch 07312/20000 | Train Loss 0.039128
Epoch 07313/20000 | Train Loss 0.051452
Epoch 07314/20000 | Train Loss 0.059222
Epoch 07315/20000 | Train Loss 0.040843
Epoch 07316/20000 | Train Loss 0.036044
Epoch 07317/20000 | Train Loss 0.033011
Epoch 07318/20000 | Train Loss 0.039031
Epoch 07319/20000 | Train Loss 0.038959
Epoch 07320/20000 | Train Loss 0.025940
Epoch 07321/20000 | Train Loss 0.021612
Epoch 07322/20000 | Train Loss 0.018143
Epoch 07323/20000 | Train Loss 0.023971
Epoch 07324/20000 | Train Loss 0.027657
Epoch 07325/20000 | Train Loss 0.020680
Epoch 07326/20000 | Train Loss 0.020032
Epoch 07327/20000 | Train Loss 0.028557
Epoch 07328/20000 | Train Loss 0.024692
Epoch 07329/20000 | Train Loss 0.026305
Epoch 07330/20000 | Train Loss 0.022257
Epoch 07331/20000 | Train Loss 0.028092
Epoch 07332/20000 | Train Loss 0.027121
Epoch 07333/20000 | Train Loss 0.033790
Epoch 07334/20000 | Train Loss 0.029923
Epoch 07335/20000 | Train Loss 0.028275
Epoch 07336/20000 | Train Loss 0.037595
Epoch 07337/20000 | Train Loss 0.028078
Epoch 07338/20000 | Train Loss 0.029117
Epoch 07339/20000 | Train Loss 0.024928
Epoch 07340/20000 | Train Loss 0.024056
Epoch 07341/20000 | Train Loss 0.029321
Epoch 07342/20000 | Train Loss 0.024956
Epoch 07343/20000 | Train Loss 0.032258
Epoch 07344/20000 | Train Loss 0.036869
Epoch 07345/20000 | Train Loss 0.042354
Epoch 07346/20000 | Train Loss 0.051611
Epoch 07347/20000 | Train Loss 0.058372
Epoch 07348/20000 | Train Loss 0.030630
Epoch 07349/20000 | Train Loss 0.038988
Epoch 07350/20000 | Train Loss 0.044730
Epoch 07351/20000 | Train Loss 0.026871
Epoch 07352/20000 | Train Loss 0.033917
Epoch 07353/20000 | Train Loss 0.024512
Epoch 07354/20000 | Train Loss 0.032002
Epoch 07355/20000 | Train Loss 0.034296
Epoch 07356/20000 | Train Loss 0.039792
Epoch 07357/20000 | Train Loss 0.032200
Epoch 07358/20000 | Train Loss 0.035489
Epoch 07359/20000 | Train Loss 0.029787
Epoch 07360/20000 | Train Loss 0.025832
Epoch 07361/20000 | Train Loss 0.026158
Epoch 07362/20000 | Train Loss 0.018862
Epoch 07363/20000 | Train Loss 0.025864
Epoch 07364/20000 | Train Loss 0.027377
Epoch 07365/20000 | Train Loss 0.040745
Epoch 07366/20000 | Train Loss 0.036373
Epoch 07367/20000 | Train Loss 0.046048
Epoch 07368/20000 | Train Loss 0.027030
Epoch 07369/20000 | Train Loss 0.031954
Epoch 07370/20000 | Train Loss 0.031388
Epoch 07371/20000 | Train Loss 0.027544
Epoch 07372/20000 | Train Loss 0.023103
Epoch 07373/20000 | Train Loss 0.022194
Epoch 07374/20000 | Train Loss 0.026155
Epoch 07375/20000 | Train Loss 0.017779
Epoch 07376/20000 | Train Loss 0.018886
Epoch 07377/20000 | Train Loss 0.024517
Epoch 07378/20000 | Train Loss 0.031060
Epoch 07379/20000 | Train Loss 0.041219
Epoch 07380/20000 | Train Loss 0.049923
Epoch 07381/20000 | Train Loss 0.053228
Epoch 07382/20000 | Train Loss 0.029627
Epoch 07383/20000 | Train Loss 0.034004
Epoch 07384/20000 | Train Loss 0.041473
Epoch 07385/20000 | Train Loss 0.024794
Epoch 07386/20000 | Train Loss 0.031172
Epoch 07387/20000 | Train Loss 0.033328
Epoch 07388/20000 | Train Loss 0.030691
Epoch 07389/20000 | Train Loss 0.030157
Epoch 07390/20000 | Train Loss 0.030924
Epoch 07391/20000 | Train Loss 0.029048
Epoch 07392/20000 | Train Loss 0.031957
Epoch 07393/20000 | Train Loss 0.031617
Epoch 07394/20000 | Train Loss 0.038752
Epoch 07395/20000 | Train Loss 0.031895
Epoch 07396/20000 | Train Loss 0.031836
Epoch 07397/20000 | Train Loss 0.024262
Epoch 07398/20000 | Train Loss 0.021042
Epoch 07399/20000 | Train Loss 0.022633
Epoch 07400/20000 | Train Loss 0.022973
Epoch 07401/20000 | Train Loss 0.033378
Epoch 07402/20000 | Train Loss 0.045465
Epoch 07403/20000 | Train Loss 0.045146
Epoch 07404/20000 | Train Loss 0.046041
Epoch 07405/20000 | Train Loss 0.028439
Epoch 07406/20000 | Train Loss 0.050222
Epoch 07407/20000 | Train Loss 0.073459
Epoch 07408/20000 | Train Loss 0.054866
Epoch 07409/20000 | Train Loss 0.036829
Epoch 07410/20000 | Train Loss 0.031354
Epoch 07411/20000 | Train Loss 0.036430
Epoch 07412/20000 | Train Loss 0.035996
Epoch 07413/20000 | Train Loss 0.033113
Epoch 07414/20000 | Train Loss 0.026467
Epoch 07415/20000 | Train Loss 0.028087
Epoch 07416/20000 | Train Loss 0.031280
Epoch 07417/20000 | Train Loss 0.029703
Epoch 07418/20000 | Train Loss 0.039002
Epoch 07419/20000 | Train Loss 0.026816
Epoch 07420/20000 | Train Loss 0.027578
Epoch 07421/20000 | Train Loss 0.026463
Epoch 07422/20000 | Train Loss 0.025118
Epoch 07423/20000 | Train Loss 0.048847
Epoch 07424/20000 | Train Loss 0.051789
Epoch 07425/20000 | Train Loss 0.056597
Epoch 07426/20000 | Train Loss 0.043434
Epoch 07427/20000 | Train Loss 0.030099
Epoch 07428/20000 | Train Loss 0.028296
Epoch 07429/20000 | Train Loss 0.035715
Epoch 07430/20000 | Train Loss 0.036714
Epoch 07431/20000 | Train Loss 0.030009
Epoch 07432/20000 | Train Loss 0.029668
Epoch 07433/20000 | Train Loss 0.027014
Epoch 07434/20000 | Train Loss 0.020346
Epoch 07435/20000 | Train Loss 0.018982
Epoch 07436/20000 | Train Loss 0.022292
Epoch 07437/20000 | Train Loss 0.021234
Epoch 07438/20000 | Train Loss 0.020081
Epoch 07439/20000 | Train Loss 0.032077
Epoch 07440/20000 | Train Loss 0.053520
Epoch 07441/20000 | Train Loss 0.076694
Epoch 07442/20000 | Train Loss 0.077083
Epoch 07443/20000 | Train Loss 0.053442
Epoch 07444/20000 | Train Loss 0.058693
Epoch 07445/20000 | Train Loss 0.067977
Epoch 07446/20000 | Train Loss 0.054724
Epoch 07447/20000 | Train Loss 0.039870
Epoch 07448/20000 | Train Loss 0.036656
Epoch 07449/20000 | Train Loss 0.047033
Epoch 07450/20000 | Train Loss 0.039209
Epoch 07451/20000 | Train Loss 0.028951
Epoch 07452/20000 | Train Loss 0.026907
Epoch 07453/20000 | Train Loss 0.033843
Epoch 07454/20000 | Train Loss 0.033705
Epoch 07455/20000 | Train Loss 0.029865
Epoch 07456/20000 | Train Loss 0.026793
Epoch 07457/20000 | Train Loss 0.029823
Epoch 07458/20000 | Train Loss 0.036412
Epoch 07459/20000 | Train Loss 0.051433
Epoch 07460/20000 | Train Loss 0.044200
Epoch 07461/20000 | Train Loss 0.048796
Epoch 07462/20000 | Train Loss 0.045963
Epoch 07463/20000 | Train Loss 0.035722
Epoch 07464/20000 | Train Loss 0.026422
Epoch 07465/20000 | Train Loss 0.046638
Epoch 07466/20000 | Train Loss 0.046151
Epoch 07467/20000 | Train Loss 0.055040
Epoch 07468/20000 | Train Loss 0.057904
Epoch 07469/20000 | Train Loss 0.038555
Epoch 07470/20000 | Train Loss 0.033971
Epoch 07471/20000 | Train Loss 0.027194
Epoch 07472/20000 | Train Loss 0.026908
Epoch 07473/20000 | Train Loss 0.026655
Epoch 07474/20000 | Train Loss 0.046273
Epoch 07475/20000 | Train Loss 0.053034
Epoch 07476/20000 | Train Loss 0.038185
Epoch 07477/20000 | Train Loss 0.029472
Epoch 07478/20000 | Train Loss 0.035136
Epoch 07479/20000 | Train Loss 0.025659
Epoch 07480/20000 | Train Loss 0.031973
Epoch 07481/20000 | Train Loss 0.021072
Epoch 07482/20000 | Train Loss 0.028314
Epoch 07483/20000 | Train Loss 0.033336
Epoch 07484/20000 | Train Loss 0.025083
Epoch 07485/20000 | Train Loss 0.029934
Epoch 07486/20000 | Train Loss 0.032461
Epoch 07487/20000 | Train Loss 0.026128
Epoch 07488/20000 | Train Loss 0.018051
Epoch 07489/20000 | Train Loss 0.017391
Epoch 07490/20000 | Train Loss 0.025146
Epoch 07491/20000 | Train Loss 0.029020
Epoch 07492/20000 | Train Loss 0.041839
Epoch 07493/20000 | Train Loss 0.047518
Epoch 07494/20000 | Train Loss 0.034603
Epoch 07495/20000 | Train Loss 0.025702
Epoch 07496/20000 | Train Loss 0.032401
Epoch 07497/20000 | Train Loss 0.032415
Epoch 07498/20000 | Train Loss 0.033522
Epoch 07499/20000 | Train Loss 0.027454
Epoch 07500/20000 | Train Loss 0.027025
  --> Checkpoint saved at epoch 7500.
Epoch 07501/20000 | Train Loss 0.031347
Epoch 07502/20000 | Train Loss 0.027002
Epoch 07503/20000 | Train Loss 0.021574
Epoch 07504/20000 | Train Loss 0.022636
Epoch 07505/20000 | Train Loss 0.025896
Epoch 07506/20000 | Train Loss 0.035407
Epoch 07507/20000 | Train Loss 0.047628
Epoch 07508/20000 | Train Loss 0.036777
Epoch 07509/20000 | Train Loss 0.045737
Epoch 07510/20000 | Train Loss 0.066902
Epoch 07511/20000 | Train Loss 0.079245
Epoch 07512/20000 | Train Loss 0.056588
Epoch 07513/20000 | Train Loss 0.061868
Epoch 07514/20000 | Train Loss 0.036218
Epoch 07515/20000 | Train Loss 0.040077
Epoch 07516/20000 | Train Loss 0.048567
Epoch 07517/20000 | Train Loss 0.034290
Epoch 07518/20000 | Train Loss 0.029430
Epoch 07519/20000 | Train Loss 0.037215
Epoch 07520/20000 | Train Loss 0.035422
Epoch 07521/20000 | Train Loss 0.026139
Epoch 07522/20000 | Train Loss 0.032223
Epoch 07523/20000 | Train Loss 0.026582
Epoch 07524/20000 | Train Loss 0.037385
Epoch 07525/20000 | Train Loss 0.034549
Epoch 07526/20000 | Train Loss 0.033286
Epoch 07527/20000 | Train Loss 0.023333
Epoch 07528/20000 | Train Loss 0.025214
Epoch 07529/20000 | Train Loss 0.018871
Epoch 07530/20000 | Train Loss 0.021977
Epoch 07531/20000 | Train Loss 0.031857
Epoch 07532/20000 | Train Loss 0.024380
Epoch 07533/20000 | Train Loss 0.035128
Epoch 07534/20000 | Train Loss 0.023955
Epoch 07535/20000 | Train Loss 0.029793
Epoch 07536/20000 | Train Loss 0.026544
Epoch 07537/20000 | Train Loss 0.025819
Epoch 07538/20000 | Train Loss 0.030406
Epoch 07539/20000 | Train Loss 0.019717
Epoch 07540/20000 | Train Loss 0.019605
Epoch 07541/20000 | Train Loss 0.024881
Epoch 07542/20000 | Train Loss 0.023955
Epoch 07543/20000 | Train Loss 0.030770
Epoch 07544/20000 | Train Loss 0.039353
Epoch 07545/20000 | Train Loss 0.049229
Epoch 07546/20000 | Train Loss 0.048321
Epoch 07547/20000 | Train Loss 0.060560
Epoch 07548/20000 | Train Loss 0.052636
Epoch 07549/20000 | Train Loss 0.030789
Epoch 07550/20000 | Train Loss 0.040332
Epoch 07551/20000 | Train Loss 0.037926
Epoch 07552/20000 | Train Loss 0.049298
Epoch 07553/20000 | Train Loss 0.065349
Epoch 07554/20000 | Train Loss 0.073922
Epoch 07555/20000 | Train Loss 0.033556
Epoch 07556/20000 | Train Loss 0.031374
Epoch 07557/20000 | Train Loss 0.036423
Epoch 07558/20000 | Train Loss 0.029148
Epoch 07559/20000 | Train Loss 0.045647
Epoch 07560/20000 | Train Loss 0.026587
Epoch 07561/20000 | Train Loss 0.031706
Epoch 07562/20000 | Train Loss 0.031760
Epoch 07563/20000 | Train Loss 0.031180
Epoch 07564/20000 | Train Loss 0.025577
Epoch 07565/20000 | Train Loss 0.021274
Epoch 07566/20000 | Train Loss 0.032839
Epoch 07567/20000 | Train Loss 0.060346
Epoch 07568/20000 | Train Loss 0.073067
Epoch 07569/20000 | Train Loss 0.052871
Epoch 07570/20000 | Train Loss 0.062009
Epoch 07571/20000 | Train Loss 0.050907
Epoch 07572/20000 | Train Loss 0.041547
Epoch 07573/20000 | Train Loss 0.032335
Epoch 07574/20000 | Train Loss 0.033291
Epoch 07575/20000 | Train Loss 0.026211
Epoch 07576/20000 | Train Loss 0.028028
Epoch 07577/20000 | Train Loss 0.027268
Epoch 07578/20000 | Train Loss 0.022611
Epoch 07579/20000 | Train Loss 0.028592
Epoch 07580/20000 | Train Loss 0.034329
Epoch 07581/20000 | Train Loss 0.031816
Epoch 07582/20000 | Train Loss 0.031820
Epoch 07583/20000 | Train Loss 0.028748
Epoch 07584/20000 | Train Loss 0.025352
Epoch 07585/20000 | Train Loss 0.022179
Epoch 07586/20000 | Train Loss 0.020943
Epoch 07587/20000 | Train Loss 0.025083
Epoch 07588/20000 | Train Loss 0.027447
Epoch 07589/20000 | Train Loss 0.026088
Epoch 07590/20000 | Train Loss 0.024541
Epoch 07591/20000 | Train Loss 0.025137
Epoch 07592/20000 | Train Loss 0.024158
Epoch 07593/20000 | Train Loss 0.032036
Epoch 07594/20000 | Train Loss 0.047112
Epoch 07595/20000 | Train Loss 0.071286
Epoch 07596/20000 | Train Loss 0.048075
Epoch 07597/20000 | Train Loss 0.043000
Epoch 07598/20000 | Train Loss 0.040991
Epoch 07599/20000 | Train Loss 0.037473
Epoch 07600/20000 | Train Loss 0.033973
Epoch 07601/20000 | Train Loss 0.023984
Epoch 07602/20000 | Train Loss 0.024884
Epoch 07603/20000 | Train Loss 0.039606
Epoch 07604/20000 | Train Loss 0.033299
Epoch 07605/20000 | Train Loss 0.033926
Epoch 07606/20000 | Train Loss 0.024839
Epoch 07607/20000 | Train Loss 0.023034
Epoch 07608/20000 | Train Loss 0.024703
Epoch 07609/20000 | Train Loss 0.042501
Epoch 07610/20000 | Train Loss 0.037041
Epoch 07611/20000 | Train Loss 0.043070
Epoch 07612/20000 | Train Loss 0.047875
Epoch 07613/20000 | Train Loss 0.034068
Epoch 07614/20000 | Train Loss 0.031436
Epoch 07615/20000 | Train Loss 0.028822
Epoch 07616/20000 | Train Loss 0.025872
Epoch 07617/20000 | Train Loss 0.031612
Epoch 07618/20000 | Train Loss 0.025105
Epoch 07619/20000 | Train Loss 0.030724
Epoch 07620/20000 | Train Loss 0.029122
Epoch 07621/20000 | Train Loss 0.031089
Epoch 07622/20000 | Train Loss 0.029395
Epoch 07623/20000 | Train Loss 0.021387
Epoch 07624/20000 | Train Loss 0.025577
Epoch 07625/20000 | Train Loss 0.022506
Epoch 07626/20000 | Train Loss 0.025574
Epoch 07627/20000 | Train Loss 0.056934
Epoch 07628/20000 | Train Loss 0.072077
Epoch 07629/20000 | Train Loss 0.052196
Epoch 07630/20000 | Train Loss 0.026497
Epoch 07631/20000 | Train Loss 0.030029
Epoch 07632/20000 | Train Loss 0.025732
Epoch 07633/20000 | Train Loss 0.022214
Epoch 07634/20000 | Train Loss 0.026733
Epoch 07635/20000 | Train Loss 0.033211
Epoch 07636/20000 | Train Loss 0.032481
Epoch 07637/20000 | Train Loss 0.031787
Epoch 07638/20000 | Train Loss 0.029364
Epoch 07639/20000 | Train Loss 0.026946
Epoch 07640/20000 | Train Loss 0.029635
Epoch 07641/20000 | Train Loss 0.025567
Epoch 07642/20000 | Train Loss 0.022534
Epoch 07643/20000 | Train Loss 0.023283
Epoch 07644/20000 | Train Loss 0.028175
Epoch 07645/20000 | Train Loss 0.024336
Epoch 07646/20000 | Train Loss 0.025158
Epoch 07647/20000 | Train Loss 0.024187
Epoch 07648/20000 | Train Loss 0.017120
Epoch 07649/20000 | Train Loss 0.023157
Epoch 07650/20000 | Train Loss 0.031562
Epoch 07651/20000 | Train Loss 0.032545
Epoch 07652/20000 | Train Loss 0.029166
Epoch 07653/20000 | Train Loss 0.024005
Epoch 07654/20000 | Train Loss 0.025282
Epoch 07655/20000 | Train Loss 0.030265
Epoch 07656/20000 | Train Loss 0.022974
Epoch 07657/20000 | Train Loss 0.034063
Epoch 07658/20000 | Train Loss 0.025484
Epoch 07659/20000 | Train Loss 0.025031
Epoch 07660/20000 | Train Loss 0.019906
Epoch 07661/20000 | Train Loss 0.022403
Epoch 07662/20000 | Train Loss 0.031064
Epoch 07663/20000 | Train Loss 0.027800
Epoch 07664/20000 | Train Loss 0.032332
Epoch 07665/20000 | Train Loss 0.034025
Epoch 07666/20000 | Train Loss 0.051663
Epoch 07667/20000 | Train Loss 0.065756
Epoch 07668/20000 | Train Loss 0.073603
Epoch 07669/20000 | Train Loss 0.056353
Epoch 07670/20000 | Train Loss 0.037294
Epoch 07671/20000 | Train Loss 0.046798
Epoch 07672/20000 | Train Loss 0.034162
Epoch 07673/20000 | Train Loss 0.030179
Epoch 07674/20000 | Train Loss 0.019247
Epoch 07675/20000 | Train Loss 0.025198
Epoch 07676/20000 | Train Loss 0.023431
Epoch 07677/20000 | Train Loss 0.020930
Epoch 07678/20000 | Train Loss 0.028421
Epoch 07679/20000 | Train Loss 0.026550
Epoch 07680/20000 | Train Loss 0.025978
Epoch 07681/20000 | Train Loss 0.038671
Epoch 07682/20000 | Train Loss 0.049765
Epoch 07683/20000 | Train Loss 0.049186
Epoch 07684/20000 | Train Loss 0.044881
Epoch 07685/20000 | Train Loss 0.053024
Epoch 07686/20000 | Train Loss 0.039218
Epoch 07687/20000 | Train Loss 0.031121
Epoch 07688/20000 | Train Loss 0.038211
Epoch 07689/20000 | Train Loss 0.034109
Epoch 07690/20000 | Train Loss 0.026615
Epoch 07691/20000 | Train Loss 0.027658
Epoch 07692/20000 | Train Loss 0.029850
Epoch 07693/20000 | Train Loss 0.019725
Epoch 07694/20000 | Train Loss 0.024219
Epoch 07695/20000 | Train Loss 0.022847
Epoch 07696/20000 | Train Loss 0.021145
Epoch 07697/20000 | Train Loss 0.021117
Epoch 07698/20000 | Train Loss 0.016244
Epoch 07699/20000 | Train Loss 0.022412
Epoch 07700/20000 | Train Loss 0.025132
Epoch 07701/20000 | Train Loss 0.021935
Epoch 07702/20000 | Train Loss 0.029567
Epoch 07703/20000 | Train Loss 0.049612
Epoch 07704/20000 | Train Loss 0.089368
Epoch 07705/20000 | Train Loss 0.078920
Epoch 07706/20000 | Train Loss 0.036754
Epoch 07707/20000 | Train Loss 0.031041
Epoch 07708/20000 | Train Loss 0.023877
Epoch 07709/20000 | Train Loss 0.022684
Epoch 07710/20000 | Train Loss 0.027713
Epoch 07711/20000 | Train Loss 0.018399
Epoch 07712/20000 | Train Loss 0.021495
Epoch 07713/20000 | Train Loss 0.019091
Epoch 07714/20000 | Train Loss 0.025161
Epoch 07715/20000 | Train Loss 0.021779
Epoch 07716/20000 | Train Loss 0.025128
Epoch 07717/20000 | Train Loss 0.028779
Epoch 07718/20000 | Train Loss 0.015143
Epoch 07719/20000 | Train Loss 0.022535
Epoch 07720/20000 | Train Loss 0.023799
Epoch 07721/20000 | Train Loss 0.023863
Epoch 07722/20000 | Train Loss 0.020723
Epoch 07723/20000 | Train Loss 0.031378
Epoch 07724/20000 | Train Loss 0.034681
Epoch 07725/20000 | Train Loss 0.019994
Epoch 07726/20000 | Train Loss 0.027743
Epoch 07727/20000 | Train Loss 0.040869
Epoch 07728/20000 | Train Loss 0.068462
Epoch 07729/20000 | Train Loss 0.089895
Epoch 07730/20000 | Train Loss 0.073199
Epoch 07731/20000 | Train Loss 0.107230
Epoch 07732/20000 | Train Loss 0.071363
Epoch 07733/20000 | Train Loss 0.071134
Epoch 07734/20000 | Train Loss 0.065611
Epoch 07735/20000 | Train Loss 0.071685
Epoch 07736/20000 | Train Loss 0.058822
Epoch 07737/20000 | Train Loss 0.045606
Epoch 07738/20000 | Train Loss 0.037040
Epoch 07739/20000 | Train Loss 0.046696
Epoch 07740/20000 | Train Loss 0.033748
Epoch 07741/20000 | Train Loss 0.029301
Epoch 07742/20000 | Train Loss 0.030877
Epoch 07743/20000 | Train Loss 0.029112
Epoch 07744/20000 | Train Loss 0.025557
Epoch 07745/20000 | Train Loss 0.023374
Epoch 07746/20000 | Train Loss 0.025735
Epoch 07747/20000 | Train Loss 0.024628
Epoch 07748/20000 | Train Loss 0.022355
Epoch 07749/20000 | Train Loss 0.018873
Epoch 07750/20000 | Train Loss 0.030942
Epoch 07751/20000 | Train Loss 0.021466
Epoch 07752/20000 | Train Loss 0.032349
Epoch 07753/20000 | Train Loss 0.046396
Epoch 07754/20000 | Train Loss 0.051568
Epoch 07755/20000 | Train Loss 0.046154
Epoch 07756/20000 | Train Loss 0.044612
Epoch 07757/20000 | Train Loss 0.049094
Epoch 07758/20000 | Train Loss 0.042686
Epoch 07759/20000 | Train Loss 0.041058
Epoch 07760/20000 | Train Loss 0.030884
Epoch 07761/20000 | Train Loss 0.033100
Epoch 07762/20000 | Train Loss 0.033341
Epoch 07763/20000 | Train Loss 0.029257
Epoch 07764/20000 | Train Loss 0.024267
Epoch 07765/20000 | Train Loss 0.024764
Epoch 07766/20000 | Train Loss 0.023853
Epoch 07767/20000 | Train Loss 0.039312
Epoch 07768/20000 | Train Loss 0.031006
Epoch 07769/20000 | Train Loss 0.022914
Epoch 07770/20000 | Train Loss 0.023965
Epoch 07771/20000 | Train Loss 0.028429
Epoch 07772/20000 | Train Loss 0.022035
Epoch 07773/20000 | Train Loss 0.023176
Epoch 07774/20000 | Train Loss 0.029255
Epoch 07775/20000 | Train Loss 0.028039
Epoch 07776/20000 | Train Loss 0.028465
Epoch 07777/20000 | Train Loss 0.025138
Epoch 07778/20000 | Train Loss 0.025608
Epoch 07779/20000 | Train Loss 0.023436
Epoch 07780/20000 | Train Loss 0.024989
Epoch 07781/20000 | Train Loss 0.025148
Epoch 07782/20000 | Train Loss 0.035484
Epoch 07783/20000 | Train Loss 0.032907
Epoch 07784/20000 | Train Loss 0.036182
Epoch 07785/20000 | Train Loss 0.032209
Epoch 07786/20000 | Train Loss 0.041667
Epoch 07787/20000 | Train Loss 0.059938
Epoch 07788/20000 | Train Loss 0.059526
Epoch 07789/20000 | Train Loss 0.026344
Epoch 07790/20000 | Train Loss 0.030209
Epoch 07791/20000 | Train Loss 0.024833
Epoch 07792/20000 | Train Loss 0.022952
Epoch 07793/20000 | Train Loss 0.022384
Epoch 07794/20000 | Train Loss 0.024760
Epoch 07795/20000 | Train Loss 0.022202
Epoch 07796/20000 | Train Loss 0.028245
Epoch 07797/20000 | Train Loss 0.045063
Epoch 07798/20000 | Train Loss 0.045752
Epoch 07799/20000 | Train Loss 0.042789
Epoch 07800/20000 | Train Loss 0.026836
Epoch 07801/20000 | Train Loss 0.019261
Epoch 07802/20000 | Train Loss 0.025022
Epoch 07803/20000 | Train Loss 0.027514
Epoch 07804/20000 | Train Loss 0.023378
Epoch 07805/20000 | Train Loss 0.024344
Epoch 07806/20000 | Train Loss 0.032543
Epoch 07807/20000 | Train Loss 0.033789
Epoch 07808/20000 | Train Loss 0.032457
Epoch 07809/20000 | Train Loss 0.023111
Epoch 07810/20000 | Train Loss 0.024404
Epoch 07811/20000 | Train Loss 0.025941
Epoch 07812/20000 | Train Loss 0.029508
Epoch 07813/20000 | Train Loss 0.061886
Epoch 07814/20000 | Train Loss 0.055361
Epoch 07815/20000 | Train Loss 0.036381
Epoch 07816/20000 | Train Loss 0.035698
Epoch 07817/20000 | Train Loss 0.032776
Epoch 07818/20000 | Train Loss 0.027198
Epoch 07819/20000 | Train Loss 0.032109
Epoch 07820/20000 | Train Loss 0.032866
Epoch 07821/20000 | Train Loss 0.027592
Epoch 07822/20000 | Train Loss 0.033822
Epoch 07823/20000 | Train Loss 0.028587
Epoch 07824/20000 | Train Loss 0.029520
Epoch 07825/20000 | Train Loss 0.033740
Epoch 07826/20000 | Train Loss 0.035369
Epoch 07827/20000 | Train Loss 0.032101
Epoch 07828/20000 | Train Loss 0.019742
Epoch 07829/20000 | Train Loss 0.022917
Epoch 07830/20000 | Train Loss 0.032472
Epoch 07831/20000 | Train Loss 0.061134
Epoch 07832/20000 | Train Loss 0.053305
Epoch 07833/20000 | Train Loss 0.032708
Epoch 07834/20000 | Train Loss 0.035433
Epoch 07835/20000 | Train Loss 0.040153
Epoch 07836/20000 | Train Loss 0.036598
Epoch 07837/20000 | Train Loss 0.065483
Epoch 07838/20000 | Train Loss 0.073225
Epoch 07839/20000 | Train Loss 0.230350
Epoch 07840/20000 | Train Loss 0.121576
Epoch 07841/20000 | Train Loss 0.114416
Epoch 07842/20000 | Train Loss 0.079417
Epoch 07843/20000 | Train Loss 0.060719
Epoch 07844/20000 | Train Loss 0.048347
Epoch 07845/20000 | Train Loss 0.036563
Epoch 07846/20000 | Train Loss 0.033215
Epoch 07847/20000 | Train Loss 0.033617
Epoch 07848/20000 | Train Loss 0.026346
Epoch 07849/20000 | Train Loss 0.037113
Epoch 07850/20000 | Train Loss 0.026778
Epoch 07851/20000 | Train Loss 0.039266
Epoch 07852/20000 | Train Loss 0.025364
Epoch 07853/20000 | Train Loss 0.038530
Epoch 07854/20000 | Train Loss 0.030966
Epoch 07855/20000 | Train Loss 0.040455
Epoch 07856/20000 | Train Loss 0.028738
Epoch 07857/20000 | Train Loss 0.030919
Epoch 07858/20000 | Train Loss 0.032698
Epoch 07859/20000 | Train Loss 0.027376
Epoch 07860/20000 | Train Loss 0.022043
Epoch 07861/20000 | Train Loss 0.023207
Epoch 07862/20000 | Train Loss 0.027090
Epoch 07863/20000 | Train Loss 0.026415
Epoch 07864/20000 | Train Loss 0.020000
Epoch 07865/20000 | Train Loss 0.017432
Epoch 07866/20000 | Train Loss 0.018632
Epoch 07867/20000 | Train Loss 0.020702
Epoch 07868/20000 | Train Loss 0.023685
Epoch 07869/20000 | Train Loss 0.029193
Epoch 07870/20000 | Train Loss 0.038568
Epoch 07871/20000 | Train Loss 0.023657
Epoch 07872/20000 | Train Loss 0.028951
Epoch 07873/20000 | Train Loss 0.020896
Epoch 07874/20000 | Train Loss 0.025128
Epoch 07875/20000 | Train Loss 0.020182
Epoch 07876/20000 | Train Loss 0.028437
Epoch 07877/20000 | Train Loss 0.025970
Epoch 07878/20000 | Train Loss 0.036520
Epoch 07879/20000 | Train Loss 0.027309
Epoch 07880/20000 | Train Loss 0.025140
Epoch 07881/20000 | Train Loss 0.022896
Epoch 07882/20000 | Train Loss 0.027503
Epoch 07883/20000 | Train Loss 0.025450
Epoch 07884/20000 | Train Loss 0.045478
Epoch 07885/20000 | Train Loss 0.044018
Epoch 07886/20000 | Train Loss 0.035505
Epoch 07887/20000 | Train Loss 0.027957
Epoch 07888/20000 | Train Loss 0.025984
Epoch 07889/20000 | Train Loss 0.022502
Epoch 07890/20000 | Train Loss 0.022129
Epoch 07891/20000 | Train Loss 0.023177
Epoch 07892/20000 | Train Loss 0.033166
Epoch 07893/20000 | Train Loss 0.025455
Epoch 07894/20000 | Train Loss 0.023755
Epoch 07895/20000 | Train Loss 0.025631
Epoch 07896/20000 | Train Loss 0.021727
Epoch 07897/20000 | Train Loss 0.025318
Epoch 07898/20000 | Train Loss 0.027366
Epoch 07899/20000 | Train Loss 0.028184
Epoch 07900/20000 | Train Loss 0.029873
Epoch 07901/20000 | Train Loss 0.026670
Epoch 07902/20000 | Train Loss 0.022336
Epoch 07903/20000 | Train Loss 0.023300
Epoch 07904/20000 | Train Loss 0.021698
Epoch 07905/20000 | Train Loss 0.023782
Epoch 07906/20000 | Train Loss 0.021915
Epoch 07907/20000 | Train Loss 0.024661
Epoch 07908/20000 | Train Loss 0.025649
Epoch 07909/20000 | Train Loss 0.026910
Epoch 07910/20000 | Train Loss 0.029302
Epoch 07911/20000 | Train Loss 0.028211
Epoch 07912/20000 | Train Loss 0.020850
Epoch 07913/20000 | Train Loss 0.023333
Epoch 07914/20000 | Train Loss 0.022165
Epoch 07915/20000 | Train Loss 0.022336
Epoch 07916/20000 | Train Loss 0.019697
Epoch 07917/20000 | Train Loss 0.019532
Epoch 07918/20000 | Train Loss 0.022276
Epoch 07919/20000 | Train Loss 0.027284
Epoch 07920/20000 | Train Loss 0.035827
Epoch 07921/20000 | Train Loss 0.026135
Epoch 07922/20000 | Train Loss 0.039717
Epoch 07923/20000 | Train Loss 0.050840
Epoch 07924/20000 | Train Loss 0.050087
Epoch 07925/20000 | Train Loss 0.025418
Epoch 07926/20000 | Train Loss 0.023101
Epoch 07927/20000 | Train Loss 0.018732
Epoch 07928/20000 | Train Loss 0.026128
Epoch 07929/20000 | Train Loss 0.030122
Epoch 07930/20000 | Train Loss 0.038600
Epoch 07931/20000 | Train Loss 0.040298
Epoch 07932/20000 | Train Loss 0.029992
Epoch 07933/20000 | Train Loss 0.029083
Epoch 07934/20000 | Train Loss 0.024410
Epoch 07935/20000 | Train Loss 0.022973
Epoch 07936/20000 | Train Loss 0.024136
Epoch 07937/20000 | Train Loss 0.026548
Epoch 07938/20000 | Train Loss 0.020619
Epoch 07939/20000 | Train Loss 0.022240
Epoch 07940/20000 | Train Loss 0.021835
Epoch 07941/20000 | Train Loss 0.023481
Epoch 07942/20000 | Train Loss 0.024393
Epoch 07943/20000 | Train Loss 0.034882
Epoch 07944/20000 | Train Loss 0.043391
Epoch 07945/20000 | Train Loss 0.080679
Epoch 07946/20000 | Train Loss 0.073842
Epoch 07947/20000 | Train Loss 0.064385
Epoch 07948/20000 | Train Loss 0.095616
Epoch 07949/20000 | Train Loss 0.192081
Epoch 07950/20000 | Train Loss 0.102050
Epoch 07951/20000 | Train Loss 0.105873
Epoch 07952/20000 | Train Loss 0.067724
Epoch 07953/20000 | Train Loss 0.066170
Epoch 07954/20000 | Train Loss 0.060105
Epoch 07955/20000 | Train Loss 0.037800
Epoch 07956/20000 | Train Loss 0.040988
Epoch 07957/20000 | Train Loss 0.038472
Epoch 07958/20000 | Train Loss 0.046559
Epoch 07959/20000 | Train Loss 0.029530
Epoch 07960/20000 | Train Loss 0.025584
Epoch 07961/20000 | Train Loss 0.043713
Epoch 07962/20000 | Train Loss 0.036929
Epoch 07963/20000 | Train Loss 0.028912
Epoch 07964/20000 | Train Loss 0.034602
Epoch 07965/20000 | Train Loss 0.028411
Epoch 07966/20000 | Train Loss 0.026264
Epoch 07967/20000 | Train Loss 0.028559
Epoch 07968/20000 | Train Loss 0.041162
Epoch 07969/20000 | Train Loss 0.033362
Epoch 07970/20000 | Train Loss 0.036807
Epoch 07971/20000 | Train Loss 0.024909
Epoch 07972/20000 | Train Loss 0.033307
Epoch 07973/20000 | Train Loss 0.034201
Epoch 07974/20000 | Train Loss 0.023485
Epoch 07975/20000 | Train Loss 0.021421
Epoch 07976/20000 | Train Loss 0.021200
Epoch 07977/20000 | Train Loss 0.023708
Epoch 07978/20000 | Train Loss 0.026047
Epoch 07979/20000 | Train Loss 0.039830
Epoch 07980/20000 | Train Loss 0.053426
Epoch 07981/20000 | Train Loss 0.057386
Epoch 07982/20000 | Train Loss 0.039921
Epoch 07983/20000 | Train Loss 0.024831
Epoch 07984/20000 | Train Loss 0.026347
Epoch 07985/20000 | Train Loss 0.026569
Epoch 07986/20000 | Train Loss 0.029298
Epoch 07987/20000 | Train Loss 0.031995
Epoch 07988/20000 | Train Loss 0.029992
Epoch 07989/20000 | Train Loss 0.024708
Epoch 07990/20000 | Train Loss 0.023726
Epoch 07991/20000 | Train Loss 0.017368
Epoch 07992/20000 | Train Loss 0.021185
Epoch 07993/20000 | Train Loss 0.020773
Epoch 07994/20000 | Train Loss 0.016264
Epoch 07995/20000 | Train Loss 0.018788
Epoch 07996/20000 | Train Loss 0.019915
Epoch 07997/20000 | Train Loss 0.022976
Epoch 07998/20000 | Train Loss 0.027838
Epoch 07999/20000 | Train Loss 0.026606
Epoch 08000/20000 | Train Loss 0.020363
  --> Checkpoint saved at epoch 8000.
Epoch 08001/20000 | Train Loss 0.018971
Epoch 08002/20000 | Train Loss 0.023445
Epoch 08003/20000 | Train Loss 0.017818
Epoch 08004/20000 | Train Loss 0.020846
Epoch 08005/20000 | Train Loss 0.035908
Epoch 08006/20000 | Train Loss 0.059194
Epoch 08007/20000 | Train Loss 0.079277
Epoch 08008/20000 | Train Loss 0.039503
Epoch 08009/20000 | Train Loss 0.038320
Epoch 08010/20000 | Train Loss 0.032795
Epoch 08011/20000 | Train Loss 0.030527
Epoch 08012/20000 | Train Loss 0.022014
Epoch 08013/20000 | Train Loss 0.027724
Epoch 08014/20000 | Train Loss 0.027611
Epoch 08015/20000 | Train Loss 0.030305
Epoch 08016/20000 | Train Loss 0.027068
Epoch 08017/20000 | Train Loss 0.029171
Epoch 08018/20000 | Train Loss 0.023710
Epoch 08019/20000 | Train Loss 0.029831
Epoch 08020/20000 | Train Loss 0.020777
Epoch 08021/20000 | Train Loss 0.027186
Epoch 08022/20000 | Train Loss 0.029946
Epoch 08023/20000 | Train Loss 0.027946
Epoch 08024/20000 | Train Loss 0.031021
Epoch 08025/20000 | Train Loss 0.038507
Epoch 08026/20000 | Train Loss 0.047650
Epoch 08027/20000 | Train Loss 0.064957
Epoch 08028/20000 | Train Loss 0.084341
Epoch 08029/20000 | Train Loss 0.096595
Epoch 08030/20000 | Train Loss 0.073006
Epoch 08031/20000 | Train Loss 0.070131
Epoch 08032/20000 | Train Loss 0.039743
Epoch 08033/20000 | Train Loss 0.044225
Epoch 08034/20000 | Train Loss 0.054177
Epoch 08035/20000 | Train Loss 0.040758
Epoch 08036/20000 | Train Loss 0.047493
Epoch 08037/20000 | Train Loss 0.036531
Epoch 08038/20000 | Train Loss 0.029554
Epoch 08039/20000 | Train Loss 0.023595
Epoch 08040/20000 | Train Loss 0.028998
Epoch 08041/20000 | Train Loss 0.026535
Epoch 08042/20000 | Train Loss 0.027850
Epoch 08043/20000 | Train Loss 0.039421
Epoch 08044/20000 | Train Loss 0.046137
Epoch 08045/20000 | Train Loss 0.034504
Epoch 08046/20000 | Train Loss 0.030953
Epoch 08047/20000 | Train Loss 0.028578
Epoch 08048/20000 | Train Loss 0.035140
Epoch 08049/20000 | Train Loss 0.026840
Epoch 08050/20000 | Train Loss 0.022778
Epoch 08051/20000 | Train Loss 0.024154
Epoch 08052/20000 | Train Loss 0.021945
Epoch 08053/20000 | Train Loss 0.020393
Epoch 08054/20000 | Train Loss 0.019795
Epoch 08055/20000 | Train Loss 0.032314
Epoch 08056/20000 | Train Loss 0.023789
Epoch 08057/20000 | Train Loss 0.019442
Epoch 08058/20000 | Train Loss 0.022520
Epoch 08059/20000 | Train Loss 0.016222
Epoch 08060/20000 | Train Loss 0.016536
Epoch 08061/20000 | Train Loss 0.014353
Epoch 08062/20000 | Train Loss 0.023347
Epoch 08063/20000 | Train Loss 0.023093
Epoch 08064/20000 | Train Loss 0.020919
Epoch 08065/20000 | Train Loss 0.021810
Epoch 08066/20000 | Train Loss 0.029419
Epoch 08067/20000 | Train Loss 0.026881
Epoch 08068/20000 | Train Loss 0.024414
Epoch 08069/20000 | Train Loss 0.025425
Epoch 08070/20000 | Train Loss 0.023217
Epoch 08071/20000 | Train Loss 0.021708
Epoch 08072/20000 | Train Loss 0.025233
Epoch 08073/20000 | Train Loss 0.030091
Epoch 08074/20000 | Train Loss 0.024600
Epoch 08075/20000 | Train Loss 0.025360
Epoch 08076/20000 | Train Loss 0.031073
Epoch 08077/20000 | Train Loss 0.037744
Epoch 08078/20000 | Train Loss 0.034060
Epoch 08079/20000 | Train Loss 0.035279
Epoch 08080/20000 | Train Loss 0.041501
Epoch 08081/20000 | Train Loss 0.043226
Epoch 08082/20000 | Train Loss 0.033363
Epoch 08083/20000 | Train Loss 0.051081
Epoch 08084/20000 | Train Loss 0.029540
Epoch 08085/20000 | Train Loss 0.033084
Epoch 08086/20000 | Train Loss 0.029694
Epoch 08087/20000 | Train Loss 0.026159
Epoch 08088/20000 | Train Loss 0.037977
Epoch 08089/20000 | Train Loss 0.032770
Epoch 08090/20000 | Train Loss 0.023725
Epoch 08091/20000 | Train Loss 0.027676
Epoch 08092/20000 | Train Loss 0.028712
Epoch 08093/20000 | Train Loss 0.031884
Epoch 08094/20000 | Train Loss 0.029016
Epoch 08095/20000 | Train Loss 0.022156
Epoch 08096/20000 | Train Loss 0.024526
Epoch 08097/20000 | Train Loss 0.019684
Epoch 08098/20000 | Train Loss 0.021434
Epoch 08099/20000 | Train Loss 0.023955
Epoch 08100/20000 | Train Loss 0.033506
Epoch 08101/20000 | Train Loss 0.030277
Epoch 08102/20000 | Train Loss 0.025322
Epoch 08103/20000 | Train Loss 0.020089
Epoch 08104/20000 | Train Loss 0.027831
Epoch 08105/20000 | Train Loss 0.023868
Epoch 08106/20000 | Train Loss 0.025770
Epoch 08107/20000 | Train Loss 0.024039
Epoch 08108/20000 | Train Loss 0.020861
Epoch 08109/20000 | Train Loss 0.020386
Epoch 08110/20000 | Train Loss 0.015776
Epoch 08111/20000 | Train Loss 0.024078
Epoch 08112/20000 | Train Loss 0.018109
Epoch 08113/20000 | Train Loss 0.025055
Epoch 08114/20000 | Train Loss 0.034034
Epoch 08115/20000 | Train Loss 0.027112
Epoch 08116/20000 | Train Loss 0.022519
Epoch 08117/20000 | Train Loss 0.028927
Epoch 08118/20000 | Train Loss 0.036194
Epoch 08119/20000 | Train Loss 0.029953
Epoch 08120/20000 | Train Loss 0.031359
Epoch 08121/20000 | Train Loss 0.028250
Epoch 08122/20000 | Train Loss 0.032871
Epoch 08123/20000 | Train Loss 0.039196
Epoch 08124/20000 | Train Loss 0.034222
Epoch 08125/20000 | Train Loss 0.022271
Epoch 08126/20000 | Train Loss 0.021412
Epoch 08127/20000 | Train Loss 0.023560
Epoch 08128/20000 | Train Loss 0.024364
Epoch 08129/20000 | Train Loss 0.028116
Epoch 08130/20000 | Train Loss 0.039917
Epoch 08131/20000 | Train Loss 0.042241
Epoch 08132/20000 | Train Loss 0.020887
Epoch 08133/20000 | Train Loss 0.029697
Epoch 08134/20000 | Train Loss 0.023057
Epoch 08135/20000 | Train Loss 0.021634
Epoch 08136/20000 | Train Loss 0.024618
Epoch 08137/20000 | Train Loss 0.023274
Epoch 08138/20000 | Train Loss 0.024197
Epoch 08139/20000 | Train Loss 0.025417
Epoch 08140/20000 | Train Loss 0.023256
Epoch 08141/20000 | Train Loss 0.032093
Epoch 08142/20000 | Train Loss 0.039494
Epoch 08143/20000 | Train Loss 0.043842
Epoch 08144/20000 | Train Loss 0.036864
Epoch 08145/20000 | Train Loss 0.034992
Epoch 08146/20000 | Train Loss 0.030480
Epoch 08147/20000 | Train Loss 0.021433
Epoch 08148/20000 | Train Loss 0.028671
Epoch 08149/20000 | Train Loss 0.028550
Epoch 08150/20000 | Train Loss 0.023342
Epoch 08151/20000 | Train Loss 0.028093
Epoch 08152/20000 | Train Loss 0.034048
Epoch 08153/20000 | Train Loss 0.041504
Epoch 08154/20000 | Train Loss 0.031767
Epoch 08155/20000 | Train Loss 0.035889
Epoch 08156/20000 | Train Loss 0.024923
Epoch 08157/20000 | Train Loss 0.023708
Epoch 08158/20000 | Train Loss 0.023161
Epoch 08159/20000 | Train Loss 0.023489
Epoch 08160/20000 | Train Loss 0.025887
Epoch 08161/20000 | Train Loss 0.026936
Epoch 08162/20000 | Train Loss 0.038454
Epoch 08163/20000 | Train Loss 0.041776
Epoch 08164/20000 | Train Loss 0.036653
Epoch 08165/20000 | Train Loss 0.026082
Epoch 08166/20000 | Train Loss 0.025920
Epoch 08167/20000 | Train Loss 0.030213
Epoch 08168/20000 | Train Loss 0.026233
Epoch 08169/20000 | Train Loss 0.024088
Epoch 08170/20000 | Train Loss 0.023850
Epoch 08171/20000 | Train Loss 0.027357
Epoch 08172/20000 | Train Loss 0.019247
Epoch 08173/20000 | Train Loss 0.012479
Epoch 08174/20000 | Train Loss 0.017213
Epoch 08175/20000 | Train Loss 0.019629
Epoch 08176/20000 | Train Loss 0.018544
Epoch 08177/20000 | Train Loss 0.014463
Epoch 08178/20000 | Train Loss 0.018413
Epoch 08179/20000 | Train Loss 0.014824
Epoch 08180/20000 | Train Loss 0.020175
Epoch 08181/20000 | Train Loss 0.027085
Epoch 08182/20000 | Train Loss 0.031059
Epoch 08183/20000 | Train Loss 0.049375
Epoch 08184/20000 | Train Loss 0.047386
Epoch 08185/20000 | Train Loss 0.042490
Epoch 08186/20000 | Train Loss 0.035927
Epoch 08187/20000 | Train Loss 0.036286
Epoch 08188/20000 | Train Loss 0.031348
Epoch 08189/20000 | Train Loss 0.026728
Epoch 08190/20000 | Train Loss 0.024839
Epoch 08191/20000 | Train Loss 0.039927
Epoch 08192/20000 | Train Loss 0.199339
Epoch 08193/20000 | Train Loss 0.312928
Epoch 08194/20000 | Train Loss 0.198922
Epoch 08195/20000 | Train Loss 0.160321
Epoch 08196/20000 | Train Loss 0.177510
Epoch 08197/20000 | Train Loss 0.137365
Epoch 08198/20000 | Train Loss 0.112918
Epoch 08199/20000 | Train Loss 0.134688
Epoch 08200/20000 | Train Loss 0.081290
Epoch 08201/20000 | Train Loss 0.098759
Epoch 08202/20000 | Train Loss 0.091761
Epoch 08203/20000 | Train Loss 0.078731
Epoch 08204/20000 | Train Loss 0.062273
Epoch 08205/20000 | Train Loss 0.056051
Epoch 08206/20000 | Train Loss 0.039701
Epoch 08207/20000 | Train Loss 0.040197
Epoch 08208/20000 | Train Loss 0.043518
Epoch 08209/20000 | Train Loss 0.045784
Epoch 08210/20000 | Train Loss 0.053615
Epoch 08211/20000 | Train Loss 0.035132
Epoch 08212/20000 | Train Loss 0.043422
Epoch 08213/20000 | Train Loss 0.028792
Epoch 08214/20000 | Train Loss 0.030440
Epoch 08215/20000 | Train Loss 0.039031
Epoch 08216/20000 | Train Loss 0.039137
Epoch 08217/20000 | Train Loss 0.041011
Epoch 08218/20000 | Train Loss 0.023478
Epoch 08219/20000 | Train Loss 0.027934
Epoch 08220/20000 | Train Loss 0.047015
Epoch 08221/20000 | Train Loss 0.027724
Epoch 08222/20000 | Train Loss 0.028709
Epoch 08223/20000 | Train Loss 0.036487
Epoch 08224/20000 | Train Loss 0.044416
Epoch 08225/20000 | Train Loss 0.039751
Epoch 08226/20000 | Train Loss 0.042212
Epoch 08227/20000 | Train Loss 0.039974
Epoch 08228/20000 | Train Loss 0.041977
Epoch 08229/20000 | Train Loss 0.034725
Epoch 08230/20000 | Train Loss 0.028811
Epoch 08231/20000 | Train Loss 0.020936
Epoch 08232/20000 | Train Loss 0.019682
Epoch 08233/20000 | Train Loss 0.023521
Epoch 08234/20000 | Train Loss 0.033449
Epoch 08235/20000 | Train Loss 0.039616
Epoch 08236/20000 | Train Loss 0.041055
Epoch 08237/20000 | Train Loss 0.046990
Epoch 08238/20000 | Train Loss 0.029791
Epoch 08239/20000 | Train Loss 0.027049
Epoch 08240/20000 | Train Loss 0.022608
Epoch 08241/20000 | Train Loss 0.023145
Epoch 08242/20000 | Train Loss 0.032336
Epoch 08243/20000 | Train Loss 0.032680
Epoch 08244/20000 | Train Loss 0.028656
Epoch 08245/20000 | Train Loss 0.021923
Epoch 08246/20000 | Train Loss 0.014696
Epoch 08247/20000 | Train Loss 0.014204
Epoch 08248/20000 | Train Loss 0.018508
Epoch 08249/20000 | Train Loss 0.014389
Epoch 08250/20000 | Train Loss 0.029794
Epoch 08251/20000 | Train Loss 0.025372
Epoch 08252/20000 | Train Loss 0.032448
Epoch 08253/20000 | Train Loss 0.030392
Epoch 08254/20000 | Train Loss 0.024586
Epoch 08255/20000 | Train Loss 0.024440
Epoch 08256/20000 | Train Loss 0.021534
Epoch 08257/20000 | Train Loss 0.018346
Epoch 08258/20000 | Train Loss 0.021235
Epoch 08259/20000 | Train Loss 0.021136
Epoch 08260/20000 | Train Loss 0.043611
Epoch 08261/20000 | Train Loss 0.039372
Epoch 08262/20000 | Train Loss 0.048059
Epoch 08263/20000 | Train Loss 0.044176
Epoch 08264/20000 | Train Loss 0.028141
Epoch 08265/20000 | Train Loss 0.027212
Epoch 08266/20000 | Train Loss 0.028318
Epoch 08267/20000 | Train Loss 0.029797
Epoch 08268/20000 | Train Loss 0.033702
Epoch 08269/20000 | Train Loss 0.023321
Epoch 08270/20000 | Train Loss 0.033663
Epoch 08271/20000 | Train Loss 0.036605
Epoch 08272/20000 | Train Loss 0.029951
Epoch 08273/20000 | Train Loss 0.024480
Epoch 08274/20000 | Train Loss 0.023631
Epoch 08275/20000 | Train Loss 0.023995
Epoch 08276/20000 | Train Loss 0.033861
Epoch 08277/20000 | Train Loss 0.019202
Epoch 08278/20000 | Train Loss 0.014951
Epoch 08279/20000 | Train Loss 0.018662
Epoch 08280/20000 | Train Loss 0.019341
Epoch 08281/20000 | Train Loss 0.021978
Epoch 08282/20000 | Train Loss 0.023108
Epoch 08283/20000 | Train Loss 0.027887
Epoch 08284/20000 | Train Loss 0.026863
Epoch 08285/20000 | Train Loss 0.027441
Epoch 08286/20000 | Train Loss 0.033934
Epoch 08287/20000 | Train Loss 0.041260
Epoch 08288/20000 | Train Loss 0.041259
Epoch 08289/20000 | Train Loss 0.038373
Epoch 08290/20000 | Train Loss 0.030080
Epoch 08291/20000 | Train Loss 0.020363
Epoch 08292/20000 | Train Loss 0.026789
Epoch 08293/20000 | Train Loss 0.027793
Epoch 08294/20000 | Train Loss 0.026149
Epoch 08295/20000 | Train Loss 0.023967
Epoch 08296/20000 | Train Loss 0.030422
Epoch 08297/20000 | Train Loss 0.050049
Epoch 08298/20000 | Train Loss 0.047435
Epoch 08299/20000 | Train Loss 0.052988
Epoch 08300/20000 | Train Loss 0.054571
Epoch 08301/20000 | Train Loss 0.041442
Epoch 08302/20000 | Train Loss 0.032951
Epoch 08303/20000 | Train Loss 0.030438
Epoch 08304/20000 | Train Loss 0.029560
Epoch 08305/20000 | Train Loss 0.021210
Epoch 08306/20000 | Train Loss 0.019383
Epoch 08307/20000 | Train Loss 0.018370
Epoch 08308/20000 | Train Loss 0.018398
Epoch 08309/20000 | Train Loss 0.019001
Epoch 08310/20000 | Train Loss 0.018056
Epoch 08311/20000 | Train Loss 0.017358
Epoch 08312/20000 | Train Loss 0.019666
Epoch 08313/20000 | Train Loss 0.029301
Epoch 08314/20000 | Train Loss 0.018239
Epoch 08315/20000 | Train Loss 0.026142
Epoch 08316/20000 | Train Loss 0.024148
Epoch 08317/20000 | Train Loss 0.033050
Epoch 08318/20000 | Train Loss 0.053233
Epoch 08319/20000 | Train Loss 0.084630
Epoch 08320/20000 | Train Loss 0.102348
Epoch 08321/20000 | Train Loss 0.066645
Epoch 08322/20000 | Train Loss 0.059186
Epoch 08323/20000 | Train Loss 0.057066
Epoch 08324/20000 | Train Loss 0.050335
Epoch 08325/20000 | Train Loss 0.038345
Epoch 08326/20000 | Train Loss 0.032599
Epoch 08327/20000 | Train Loss 0.037180
Epoch 08328/20000 | Train Loss 0.027629
Epoch 08329/20000 | Train Loss 0.033982
Epoch 08330/20000 | Train Loss 0.024762
Epoch 08331/20000 | Train Loss 0.026624
Epoch 08332/20000 | Train Loss 0.026272
Epoch 08333/20000 | Train Loss 0.030271
Epoch 08334/20000 | Train Loss 0.026324
Epoch 08335/20000 | Train Loss 0.026263
Epoch 08336/20000 | Train Loss 0.034378
Epoch 08337/20000 | Train Loss 0.024676
Epoch 08338/20000 | Train Loss 0.040264
Epoch 08339/20000 | Train Loss 0.028723
Epoch 08340/20000 | Train Loss 0.025778
Epoch 08341/20000 | Train Loss 0.025481
Epoch 08342/20000 | Train Loss 0.026641
Epoch 08343/20000 | Train Loss 0.021845
Epoch 08344/20000 | Train Loss 0.027616
Epoch 08345/20000 | Train Loss 0.031188
Epoch 08346/20000 | Train Loss 0.052679
Epoch 08347/20000 | Train Loss 0.060627
Epoch 08348/20000 | Train Loss 0.034081
Epoch 08349/20000 | Train Loss 0.022953
Epoch 08350/20000 | Train Loss 0.022967
Epoch 08351/20000 | Train Loss 0.030511
Epoch 08352/20000 | Train Loss 0.019724
Epoch 08353/20000 | Train Loss 0.017462
Epoch 08354/20000 | Train Loss 0.016767
Epoch 08355/20000 | Train Loss 0.018500
Epoch 08356/20000 | Train Loss 0.026209
Epoch 08357/20000 | Train Loss 0.021047
Epoch 08358/20000 | Train Loss 0.028955
Epoch 08359/20000 | Train Loss 0.020144
Epoch 08360/20000 | Train Loss 0.026119
Epoch 08361/20000 | Train Loss 0.027213
Epoch 08362/20000 | Train Loss 0.024867
Epoch 08363/20000 | Train Loss 0.023759
Epoch 08364/20000 | Train Loss 0.027953
Epoch 08365/20000 | Train Loss 0.025244
Epoch 08366/20000 | Train Loss 0.028330
Epoch 08367/20000 | Train Loss 0.023587
Epoch 08368/20000 | Train Loss 0.020469
Epoch 08369/20000 | Train Loss 0.026294
Epoch 08370/20000 | Train Loss 0.036327
Epoch 08371/20000 | Train Loss 0.028940
Epoch 08372/20000 | Train Loss 0.030408
Epoch 08373/20000 | Train Loss 0.031267
Epoch 08374/20000 | Train Loss 0.021753
Epoch 08375/20000 | Train Loss 0.023446
Epoch 08376/20000 | Train Loss 0.025192
Epoch 08377/20000 | Train Loss 0.023248
Epoch 08378/20000 | Train Loss 0.022266
Epoch 08379/20000 | Train Loss 0.041507
Epoch 08380/20000 | Train Loss 0.044210
Epoch 08381/20000 | Train Loss 0.039756
Epoch 08382/20000 | Train Loss 0.045608
Epoch 08383/20000 | Train Loss 0.043398
Epoch 08384/20000 | Train Loss 0.042547
Epoch 08385/20000 | Train Loss 0.036925
Epoch 08386/20000 | Train Loss 0.030707
Epoch 08387/20000 | Train Loss 0.023061
Epoch 08388/20000 | Train Loss 0.021837
Epoch 08389/20000 | Train Loss 0.028861
Epoch 08390/20000 | Train Loss 0.018389
Epoch 08391/20000 | Train Loss 0.019837
Epoch 08392/20000 | Train Loss 0.025327
Epoch 08393/20000 | Train Loss 0.024756
Epoch 08394/20000 | Train Loss 0.022063
Epoch 08395/20000 | Train Loss 0.021034
Epoch 08396/20000 | Train Loss 0.021500
Epoch 08397/20000 | Train Loss 0.013568
Epoch 08398/20000 | Train Loss 0.027103
Epoch 08399/20000 | Train Loss 0.031439
Epoch 08400/20000 | Train Loss 0.047015
Epoch 08401/20000 | Train Loss 0.033622
Epoch 08402/20000 | Train Loss 0.026412
Epoch 08403/20000 | Train Loss 0.019452
Epoch 08404/20000 | Train Loss 0.022800
Epoch 08405/20000 | Train Loss 0.030641
Epoch 08406/20000 | Train Loss 0.025981
Epoch 08407/20000 | Train Loss 0.024671
Epoch 08408/20000 | Train Loss 0.022526
Epoch 08409/20000 | Train Loss 0.027556
Epoch 08410/20000 | Train Loss 0.027119
Epoch 08411/20000 | Train Loss 0.030912
Epoch 08412/20000 | Train Loss 0.023579
Epoch 08413/20000 | Train Loss 0.030080
Epoch 08414/20000 | Train Loss 0.034377
Epoch 08415/20000 | Train Loss 0.036314
Epoch 08416/20000 | Train Loss 0.024383
Epoch 08417/20000 | Train Loss 0.028066
Epoch 08418/20000 | Train Loss 0.026159
Epoch 08419/20000 | Train Loss 0.025615
Epoch 08420/20000 | Train Loss 0.025361
Epoch 08421/20000 | Train Loss 0.031130
Epoch 08422/20000 | Train Loss 0.028128
Epoch 08423/20000 | Train Loss 0.022165
Epoch 08424/20000 | Train Loss 0.020170
Epoch 08425/20000 | Train Loss 0.020516
Epoch 08426/20000 | Train Loss 0.019309
Epoch 08427/20000 | Train Loss 0.018466
Epoch 08428/20000 | Train Loss 0.016102
Epoch 08429/20000 | Train Loss 0.018696
Epoch 08430/20000 | Train Loss 0.018277
Epoch 08431/20000 | Train Loss 0.022628
Epoch 08432/20000 | Train Loss 0.026901
Epoch 08433/20000 | Train Loss 0.023103
Epoch 08434/20000 | Train Loss 0.021930
Epoch 08435/20000 | Train Loss 0.029554
Epoch 08436/20000 | Train Loss 0.032186
Epoch 08437/20000 | Train Loss 0.028250
Epoch 08438/20000 | Train Loss 0.022902
Epoch 08439/20000 | Train Loss 0.026363
Epoch 08440/20000 | Train Loss 0.028485
Epoch 08441/20000 | Train Loss 0.022640
Epoch 08442/20000 | Train Loss 0.021713
Epoch 08443/20000 | Train Loss 0.023596
Epoch 08444/20000 | Train Loss 0.042076
Epoch 08445/20000 | Train Loss 0.061953
Epoch 08446/20000 | Train Loss 0.075765
Epoch 08447/20000 | Train Loss 0.042578
Epoch 08448/20000 | Train Loss 0.042465
Epoch 08449/20000 | Train Loss 0.040424
Epoch 08450/20000 | Train Loss 0.051390
Epoch 08451/20000 | Train Loss 0.202565
Epoch 08452/20000 | Train Loss 0.138394
Epoch 08453/20000 | Train Loss 0.107090
Epoch 08454/20000 | Train Loss 0.076838
Epoch 08455/20000 | Train Loss 0.049728
Epoch 08456/20000 | Train Loss 0.066596
Epoch 08457/20000 | Train Loss 0.047432
Epoch 08458/20000 | Train Loss 0.043967
Epoch 08459/20000 | Train Loss 0.026686
Epoch 08460/20000 | Train Loss 0.027844
Epoch 08461/20000 | Train Loss 0.021310
Epoch 08462/20000 | Train Loss 0.031092
Epoch 08463/20000 | Train Loss 0.022362
Epoch 08464/20000 | Train Loss 0.021154
Epoch 08465/20000 | Train Loss 0.025177
Epoch 08466/20000 | Train Loss 0.019890
Epoch 08467/20000 | Train Loss 0.031091
Epoch 08468/20000 | Train Loss 0.019508
Epoch 08469/20000 | Train Loss 0.023384
Epoch 08470/20000 | Train Loss 0.022620
Epoch 08471/20000 | Train Loss 0.022807
Epoch 08472/20000 | Train Loss 0.024345
Epoch 08473/20000 | Train Loss 0.021040
Epoch 08474/20000 | Train Loss 0.022512
Epoch 08475/20000 | Train Loss 0.020379
Epoch 08476/20000 | Train Loss 0.019374
Epoch 08477/20000 | Train Loss 0.020591
Epoch 08478/20000 | Train Loss 0.020344
Epoch 08479/20000 | Train Loss 0.017751
Epoch 08480/20000 | Train Loss 0.018786
Epoch 08481/20000 | Train Loss 0.020697
Epoch 08482/20000 | Train Loss 0.024764
Epoch 08483/20000 | Train Loss 0.042691
Epoch 08484/20000 | Train Loss 0.049918
Epoch 08485/20000 | Train Loss 0.031649
Epoch 08486/20000 | Train Loss 0.041271
Epoch 08487/20000 | Train Loss 0.027838
Epoch 08488/20000 | Train Loss 0.025183
Epoch 08489/20000 | Train Loss 0.025644
Epoch 08490/20000 | Train Loss 0.033264
Epoch 08491/20000 | Train Loss 0.028056
Epoch 08492/20000 | Train Loss 0.027891
Epoch 08493/20000 | Train Loss 0.025285
Epoch 08494/20000 | Train Loss 0.038134
Epoch 08495/20000 | Train Loss 0.026749
Epoch 08496/20000 | Train Loss 0.025142
Epoch 08497/20000 | Train Loss 0.018621
Epoch 08498/20000 | Train Loss 0.028228
Epoch 08499/20000 | Train Loss 0.031815
Epoch 08500/20000 | Train Loss 0.015210
  --> Checkpoint saved at epoch 8500.
Epoch 08501/20000 | Train Loss 0.024801
Epoch 08502/20000 | Train Loss 0.034023
Epoch 08503/20000 | Train Loss 0.027765
Epoch 08504/20000 | Train Loss 0.030066
Epoch 08505/20000 | Train Loss 0.029656
Epoch 08506/20000 | Train Loss 0.049873
Epoch 08507/20000 | Train Loss 0.036701
Epoch 08508/20000 | Train Loss 0.027057
Epoch 08509/20000 | Train Loss 0.022869
Epoch 08510/20000 | Train Loss 0.030128
Epoch 08511/20000 | Train Loss 0.031398
Epoch 08512/20000 | Train Loss 0.020913
Epoch 08513/20000 | Train Loss 0.024710
Epoch 08514/20000 | Train Loss 0.018836
Epoch 08515/20000 | Train Loss 0.029120
Epoch 08516/20000 | Train Loss 0.066338
Epoch 08517/20000 | Train Loss 0.067999
Epoch 08518/20000 | Train Loss 0.050325
Epoch 08519/20000 | Train Loss 0.043402
Epoch 08520/20000 | Train Loss 0.042497
Epoch 08521/20000 | Train Loss 0.046546
Epoch 08522/20000 | Train Loss 0.048354
Epoch 08523/20000 | Train Loss 0.028241
Epoch 08524/20000 | Train Loss 0.041470
Epoch 08525/20000 | Train Loss 0.055499
Epoch 08526/20000 | Train Loss 0.045781
Epoch 08527/20000 | Train Loss 0.044428
Epoch 08528/20000 | Train Loss 0.031801
Epoch 08529/20000 | Train Loss 0.024704
Epoch 08530/20000 | Train Loss 0.027286
Epoch 08531/20000 | Train Loss 0.022101
Epoch 08532/20000 | Train Loss 0.021158
Epoch 08533/20000 | Train Loss 0.027536
Epoch 08534/20000 | Train Loss 0.033901
Epoch 08535/20000 | Train Loss 0.031756
Epoch 08536/20000 | Train Loss 0.028838
Epoch 08537/20000 | Train Loss 0.027297
Epoch 08538/20000 | Train Loss 0.023748
Epoch 08539/20000 | Train Loss 0.016360
Epoch 08540/20000 | Train Loss 0.019297
Epoch 08541/20000 | Train Loss 0.027721
Epoch 08542/20000 | Train Loss 0.028174
Epoch 08543/20000 | Train Loss 0.026994
Epoch 08544/20000 | Train Loss 0.018498
Epoch 08545/20000 | Train Loss 0.026993
Epoch 08546/20000 | Train Loss 0.021436
Epoch 08547/20000 | Train Loss 0.014906
Epoch 08548/20000 | Train Loss 0.028095
Epoch 08549/20000 | Train Loss 0.013898
Epoch 08550/20000 | Train Loss 0.023204
Epoch 08551/20000 | Train Loss 0.019315
Epoch 08552/20000 | Train Loss 0.027227
Epoch 08553/20000 | Train Loss 0.024251
Epoch 08554/20000 | Train Loss 0.027794
Epoch 08555/20000 | Train Loss 0.021084
Epoch 08556/20000 | Train Loss 0.021916
Epoch 08557/20000 | Train Loss 0.021477
Epoch 08558/20000 | Train Loss 0.019250
Epoch 08559/20000 | Train Loss 0.027386
Epoch 08560/20000 | Train Loss 0.048284
Epoch 08561/20000 | Train Loss 0.065246
Epoch 08562/20000 | Train Loss 0.049197
Epoch 08563/20000 | Train Loss 0.039757
Epoch 08564/20000 | Train Loss 0.035749
Epoch 08565/20000 | Train Loss 0.021874
Epoch 08566/20000 | Train Loss 0.020670
Epoch 08567/20000 | Train Loss 0.028744
Epoch 08568/20000 | Train Loss 0.024728
Epoch 08569/20000 | Train Loss 0.023515
Epoch 08570/20000 | Train Loss 0.023158
Epoch 08571/20000 | Train Loss 0.033390
Epoch 08572/20000 | Train Loss 0.036643
Epoch 08573/20000 | Train Loss 0.029948
Epoch 08574/20000 | Train Loss 0.018220
Epoch 08575/20000 | Train Loss 0.033619
Epoch 08576/20000 | Train Loss 0.016432
Epoch 08577/20000 | Train Loss 0.023426
Epoch 08578/20000 | Train Loss 0.024658
Epoch 08579/20000 | Train Loss 0.025030
Epoch 08580/20000 | Train Loss 0.022839
Epoch 08581/20000 | Train Loss 0.025096
Epoch 08582/20000 | Train Loss 0.019713
Epoch 08583/20000 | Train Loss 0.038242
Epoch 08584/20000 | Train Loss 0.039299
Epoch 08585/20000 | Train Loss 0.043766
Epoch 08586/20000 | Train Loss 0.037700
Epoch 08587/20000 | Train Loss 0.039057
Epoch 08588/20000 | Train Loss 0.029658
Epoch 08589/20000 | Train Loss 0.024144
Epoch 08590/20000 | Train Loss 0.022025
Epoch 08591/20000 | Train Loss 0.026001
Epoch 08592/20000 | Train Loss 0.023487
Epoch 08593/20000 | Train Loss 0.027730
Epoch 08594/20000 | Train Loss 0.021095
Epoch 08595/20000 | Train Loss 0.029252
Epoch 08596/20000 | Train Loss 0.020897
Epoch 08597/20000 | Train Loss 0.023518
Epoch 08598/20000 | Train Loss 0.029760
Epoch 08599/20000 | Train Loss 0.019161
Epoch 08600/20000 | Train Loss 0.023881
Epoch 08601/20000 | Train Loss 0.025960
Epoch 08602/20000 | Train Loss 0.023878
Epoch 08603/20000 | Train Loss 0.024120
Epoch 08604/20000 | Train Loss 0.029214
Epoch 08605/20000 | Train Loss 0.027172
Epoch 08606/20000 | Train Loss 0.030950
Epoch 08607/20000 | Train Loss 0.030011
Epoch 08608/20000 | Train Loss 0.028404
Epoch 08609/20000 | Train Loss 0.027948
Epoch 08610/20000 | Train Loss 0.021420
Epoch 08611/20000 | Train Loss 0.019265
Epoch 08612/20000 | Train Loss 0.026540
Epoch 08613/20000 | Train Loss 0.026660
Epoch 08614/20000 | Train Loss 0.023223
Epoch 08615/20000 | Train Loss 0.020658
Epoch 08616/20000 | Train Loss 0.022410
Epoch 08617/20000 | Train Loss 0.036139
Epoch 08618/20000 | Train Loss 0.066472
Epoch 08619/20000 | Train Loss 0.065362
Epoch 08620/20000 | Train Loss 0.043353
Epoch 08621/20000 | Train Loss 0.029173
Epoch 08622/20000 | Train Loss 0.028649
Epoch 08623/20000 | Train Loss 0.029884
Epoch 08624/20000 | Train Loss 0.025078
Epoch 08625/20000 | Train Loss 0.025883
Epoch 08626/20000 | Train Loss 0.027941
Epoch 08627/20000 | Train Loss 0.022242
Epoch 08628/20000 | Train Loss 0.019748
Epoch 08629/20000 | Train Loss 0.019869
Epoch 08630/20000 | Train Loss 0.017411
Epoch 08631/20000 | Train Loss 0.022632
Epoch 08632/20000 | Train Loss 0.023632
Epoch 08633/20000 | Train Loss 0.036560
Epoch 08634/20000 | Train Loss 0.046767
Epoch 08635/20000 | Train Loss 0.066218
Epoch 08636/20000 | Train Loss 0.035707
Epoch 08637/20000 | Train Loss 0.037175
Epoch 08638/20000 | Train Loss 0.039146
Epoch 08639/20000 | Train Loss 0.032195
Epoch 08640/20000 | Train Loss 0.030644
Epoch 08641/20000 | Train Loss 0.030890
Epoch 08642/20000 | Train Loss 0.025601
Epoch 08643/20000 | Train Loss 0.030868
Epoch 08644/20000 | Train Loss 0.023938
Epoch 08645/20000 | Train Loss 0.026359
Epoch 08646/20000 | Train Loss 0.023180
Epoch 08647/20000 | Train Loss 0.034322
Epoch 08648/20000 | Train Loss 0.035461
Epoch 08649/20000 | Train Loss 0.023360
Epoch 08650/20000 | Train Loss 0.032445
Epoch 08651/20000 | Train Loss 0.078612
Epoch 08652/20000 | Train Loss 0.078275
Epoch 08653/20000 | Train Loss 0.106508
Epoch 08654/20000 | Train Loss 0.153227
Epoch 08655/20000 | Train Loss 0.094935
Epoch 08656/20000 | Train Loss 0.071706
Epoch 08657/20000 | Train Loss 0.073730
Epoch 08658/20000 | Train Loss 0.053440
Epoch 08659/20000 | Train Loss 0.058477
Epoch 08660/20000 | Train Loss 0.062799
Epoch 08661/20000 | Train Loss 0.037146
Epoch 08662/20000 | Train Loss 0.033493
Epoch 08663/20000 | Train Loss 0.026142
Epoch 08664/20000 | Train Loss 0.025357
Epoch 08665/20000 | Train Loss 0.034750
Epoch 08666/20000 | Train Loss 0.022279
Epoch 08667/20000 | Train Loss 0.027564
Epoch 08668/20000 | Train Loss 0.025915
Epoch 08669/20000 | Train Loss 0.025351
Epoch 08670/20000 | Train Loss 0.029718
Epoch 08671/20000 | Train Loss 0.039256
Epoch 08672/20000 | Train Loss 0.048303
Epoch 08673/20000 | Train Loss 0.034119
Epoch 08674/20000 | Train Loss 0.032914
Epoch 08675/20000 | Train Loss 0.023344
Epoch 08676/20000 | Train Loss 0.028841
Epoch 08677/20000 | Train Loss 0.023700
Epoch 08678/20000 | Train Loss 0.024779
Epoch 08679/20000 | Train Loss 0.025262
Epoch 08680/20000 | Train Loss 0.018068
Epoch 08681/20000 | Train Loss 0.027476
Epoch 08682/20000 | Train Loss 0.031424
Epoch 08683/20000 | Train Loss 0.021623
Epoch 08684/20000 | Train Loss 0.030180
Epoch 08685/20000 | Train Loss 0.019509
Epoch 08686/20000 | Train Loss 0.022688
Epoch 08687/20000 | Train Loss 0.015937
Epoch 08688/20000 | Train Loss 0.016798
Epoch 08689/20000 | Train Loss 0.016877
Epoch 08690/20000 | Train Loss 0.026083
Epoch 08691/20000 | Train Loss 0.020185
Epoch 08692/20000 | Train Loss 0.026685
Epoch 08693/20000 | Train Loss 0.018937
Epoch 08694/20000 | Train Loss 0.019340
Epoch 08695/20000 | Train Loss 0.017410
Epoch 08696/20000 | Train Loss 0.020866
Epoch 08697/20000 | Train Loss 0.021610
Epoch 08698/20000 | Train Loss 0.032641
Epoch 08699/20000 | Train Loss 0.025881
Epoch 08700/20000 | Train Loss 0.016955
Epoch 08701/20000 | Train Loss 0.020350
Epoch 08702/20000 | Train Loss 0.019431
Epoch 08703/20000 | Train Loss 0.019508
Epoch 08704/20000 | Train Loss 0.036104
Epoch 08705/20000 | Train Loss 0.058374
Epoch 08706/20000 | Train Loss 0.074379
Epoch 08707/20000 | Train Loss 0.055559
Epoch 08708/20000 | Train Loss 0.030694
Epoch 08709/20000 | Train Loss 0.040479
Epoch 08710/20000 | Train Loss 0.026348
Epoch 08711/20000 | Train Loss 0.030329
Epoch 08712/20000 | Train Loss 0.027066
Epoch 08713/20000 | Train Loss 0.030112
Epoch 08714/20000 | Train Loss 0.034999
Epoch 08715/20000 | Train Loss 0.020775
Epoch 08716/20000 | Train Loss 0.024548
Epoch 08717/20000 | Train Loss 0.026959
Epoch 08718/20000 | Train Loss 0.030505
Epoch 08719/20000 | Train Loss 0.028168
Epoch 08720/20000 | Train Loss 0.019326
Epoch 08721/20000 | Train Loss 0.019777
Epoch 08722/20000 | Train Loss 0.035224
Epoch 08723/20000 | Train Loss 0.028448
Epoch 08724/20000 | Train Loss 0.020119
Epoch 08725/20000 | Train Loss 0.018327
Epoch 08726/20000 | Train Loss 0.023123
Epoch 08727/20000 | Train Loss 0.023524
Epoch 08728/20000 | Train Loss 0.020544
Epoch 08729/20000 | Train Loss 0.021801
Epoch 08730/20000 | Train Loss 0.022443
Epoch 08731/20000 | Train Loss 0.018152
Epoch 08732/20000 | Train Loss 0.021485
Epoch 08733/20000 | Train Loss 0.020808
Epoch 08734/20000 | Train Loss 0.019729
Epoch 08735/20000 | Train Loss 0.023700
Epoch 08736/20000 | Train Loss 0.032131
Epoch 08737/20000 | Train Loss 0.034460
Epoch 08738/20000 | Train Loss 0.029510
Epoch 08739/20000 | Train Loss 0.024927
Epoch 08740/20000 | Train Loss 0.026971
Epoch 08741/20000 | Train Loss 0.023297
Epoch 08742/20000 | Train Loss 0.015679
Epoch 08743/20000 | Train Loss 0.016191
Epoch 08744/20000 | Train Loss 0.019203
Epoch 08745/20000 | Train Loss 0.025087
Epoch 08746/20000 | Train Loss 0.028020
Epoch 08747/20000 | Train Loss 0.035562
Epoch 08748/20000 | Train Loss 0.025275
Epoch 08749/20000 | Train Loss 0.030139
Epoch 08750/20000 | Train Loss 0.027367
Epoch 08751/20000 | Train Loss 0.028843
Epoch 08752/20000 | Train Loss 0.028859
Epoch 08753/20000 | Train Loss 0.025188
Epoch 08754/20000 | Train Loss 0.020576
Epoch 08755/20000 | Train Loss 0.022297
Epoch 08756/20000 | Train Loss 0.025989
Epoch 08757/20000 | Train Loss 0.019780
Epoch 08758/20000 | Train Loss 0.014879
Epoch 08759/20000 | Train Loss 0.021453
Epoch 08760/20000 | Train Loss 0.026339
Epoch 08761/20000 | Train Loss 0.033489
Epoch 08762/20000 | Train Loss 0.021181
Epoch 08763/20000 | Train Loss 0.035191
Epoch 08764/20000 | Train Loss 0.029841
Epoch 08765/20000 | Train Loss 0.026361
Epoch 08766/20000 | Train Loss 0.023946
Epoch 08767/20000 | Train Loss 0.017235
Epoch 08768/20000 | Train Loss 0.018758
Epoch 08769/20000 | Train Loss 0.022735
Epoch 08770/20000 | Train Loss 0.021939
Epoch 08771/20000 | Train Loss 0.033983
Epoch 08772/20000 | Train Loss 0.038493
Epoch 08773/20000 | Train Loss 0.047525
Epoch 08774/20000 | Train Loss 0.027650
Epoch 08775/20000 | Train Loss 0.021460
Epoch 08776/20000 | Train Loss 0.028986
Epoch 08777/20000 | Train Loss 0.019351
Epoch 08778/20000 | Train Loss 0.019684
Epoch 08779/20000 | Train Loss 0.022606
Epoch 08780/20000 | Train Loss 0.018493
Epoch 08781/20000 | Train Loss 0.023435
Epoch 08782/20000 | Train Loss 0.022172
Epoch 08783/20000 | Train Loss 0.024305
Epoch 08784/20000 | Train Loss 0.023548
Epoch 08785/20000 | Train Loss 0.027708
Epoch 08786/20000 | Train Loss 0.023089
Epoch 08787/20000 | Train Loss 0.023547
Epoch 08788/20000 | Train Loss 0.025992
Epoch 08789/20000 | Train Loss 0.023832
Epoch 08790/20000 | Train Loss 0.022062
Epoch 08791/20000 | Train Loss 0.023036
Epoch 08792/20000 | Train Loss 0.024246
Epoch 08793/20000 | Train Loss 0.017765
Epoch 08794/20000 | Train Loss 0.023469
Epoch 08795/20000 | Train Loss 0.035720
Epoch 08796/20000 | Train Loss 0.036573
Epoch 08797/20000 | Train Loss 0.050267
Epoch 08798/20000 | Train Loss 0.033362
Epoch 08799/20000 | Train Loss 0.023666
Epoch 08800/20000 | Train Loss 0.033350
Epoch 08801/20000 | Train Loss 0.023391
Epoch 08802/20000 | Train Loss 0.020690
Epoch 08803/20000 | Train Loss 0.022642
Epoch 08804/20000 | Train Loss 0.028835
Epoch 08805/20000 | Train Loss 0.047146
Epoch 08806/20000 | Train Loss 0.050466
Epoch 08807/20000 | Train Loss 0.059060
Epoch 08808/20000 | Train Loss 0.070833
Epoch 08809/20000 | Train Loss 0.075036
Epoch 08810/20000 | Train Loss 0.077912
Epoch 08811/20000 | Train Loss 0.063105
Epoch 08812/20000 | Train Loss 0.065064
Epoch 08813/20000 | Train Loss 0.047920
Epoch 08814/20000 | Train Loss 0.034163
Epoch 08815/20000 | Train Loss 0.046457
Epoch 08816/20000 | Train Loss 0.055240
Epoch 08817/20000 | Train Loss 0.050723
Epoch 08818/20000 | Train Loss 0.028658
Epoch 08819/20000 | Train Loss 0.029350
Epoch 08820/20000 | Train Loss 0.031838
Epoch 08821/20000 | Train Loss 0.030160
Epoch 08822/20000 | Train Loss 0.020328
Epoch 08823/20000 | Train Loss 0.023607
Epoch 08824/20000 | Train Loss 0.026319
Epoch 08825/20000 | Train Loss 0.017482
Epoch 08826/20000 | Train Loss 0.011850
Epoch 08827/20000 | Train Loss 0.017454
Epoch 08828/20000 | Train Loss 0.017393
Epoch 08829/20000 | Train Loss 0.018083
Epoch 08830/20000 | Train Loss 0.018715
Epoch 08831/20000 | Train Loss 0.021353
Epoch 08832/20000 | Train Loss 0.025003
Epoch 08833/20000 | Train Loss 0.019592
Epoch 08834/20000 | Train Loss 0.021490
Epoch 08835/20000 | Train Loss 0.025632
Epoch 08836/20000 | Train Loss 0.037526
Epoch 08837/20000 | Train Loss 0.041184
Epoch 08838/20000 | Train Loss 0.037230
Epoch 08839/20000 | Train Loss 0.025581
Epoch 08840/20000 | Train Loss 0.021958
Epoch 08841/20000 | Train Loss 0.016697
Epoch 08842/20000 | Train Loss 0.017515
Epoch 08843/20000 | Train Loss 0.019146
Epoch 08844/20000 | Train Loss 0.020908
Epoch 08845/20000 | Train Loss 0.020483
Epoch 08846/20000 | Train Loss 0.025189
Epoch 08847/20000 | Train Loss 0.021515
Epoch 08848/20000 | Train Loss 0.022719
Epoch 08849/20000 | Train Loss 0.025656
Epoch 08850/20000 | Train Loss 0.026052
Epoch 08851/20000 | Train Loss 0.020317
Epoch 08852/20000 | Train Loss 0.022355
Epoch 08853/20000 | Train Loss 0.022440
Epoch 08854/20000 | Train Loss 0.027897
Epoch 08855/20000 | Train Loss 0.038485
Epoch 08856/20000 | Train Loss 0.043616
Epoch 08857/20000 | Train Loss 0.040698
Epoch 08858/20000 | Train Loss 0.023142
Epoch 08859/20000 | Train Loss 0.026117
Epoch 08860/20000 | Train Loss 0.024021
Epoch 08861/20000 | Train Loss 0.035255
Epoch 08862/20000 | Train Loss 0.029413
Epoch 08863/20000 | Train Loss 0.020956
Epoch 08864/20000 | Train Loss 0.026631
Epoch 08865/20000 | Train Loss 0.016978
Epoch 08866/20000 | Train Loss 0.017594
Epoch 08867/20000 | Train Loss 0.023375
Epoch 08868/20000 | Train Loss 0.022289
Epoch 08869/20000 | Train Loss 0.025684
Epoch 08870/20000 | Train Loss 0.023382
Epoch 08871/20000 | Train Loss 0.017160
Epoch 08872/20000 | Train Loss 0.019235
Epoch 08873/20000 | Train Loss 0.020789
Epoch 08874/20000 | Train Loss 0.023499
Epoch 08875/20000 | Train Loss 0.019051
Epoch 08876/20000 | Train Loss 0.021280
Epoch 08877/20000 | Train Loss 0.021762
Epoch 08878/20000 | Train Loss 0.023303
Epoch 08879/20000 | Train Loss 0.024583
Epoch 08880/20000 | Train Loss 0.025049
Epoch 08881/20000 | Train Loss 0.030918
Epoch 08882/20000 | Train Loss 0.063866
Epoch 08883/20000 | Train Loss 0.059813
Epoch 08884/20000 | Train Loss 0.027174
Epoch 08885/20000 | Train Loss 0.033381
Epoch 08886/20000 | Train Loss 0.034329
Epoch 08887/20000 | Train Loss 0.036502
Epoch 08888/20000 | Train Loss 0.027996
Epoch 08889/20000 | Train Loss 0.029107
Epoch 08890/20000 | Train Loss 0.033468
Epoch 08891/20000 | Train Loss 0.040373
Epoch 08892/20000 | Train Loss 0.047220
Epoch 08893/20000 | Train Loss 0.034940
Epoch 08894/20000 | Train Loss 0.023688
Epoch 08895/20000 | Train Loss 0.021011
Epoch 08896/20000 | Train Loss 0.018341
Epoch 08897/20000 | Train Loss 0.025439
Epoch 08898/20000 | Train Loss 0.020597
Epoch 08899/20000 | Train Loss 0.020107
Epoch 08900/20000 | Train Loss 0.027310
Epoch 08901/20000 | Train Loss 0.025131
Epoch 08902/20000 | Train Loss 0.022143
Epoch 08903/20000 | Train Loss 0.014505
Epoch 08904/20000 | Train Loss 0.022499
Epoch 08905/20000 | Train Loss 0.021470
Epoch 08906/20000 | Train Loss 0.022847
Epoch 08907/20000 | Train Loss 0.041536
Epoch 08908/20000 | Train Loss 0.042960
Epoch 08909/20000 | Train Loss 0.035566
Epoch 08910/20000 | Train Loss 0.028125
Epoch 08911/20000 | Train Loss 0.037200
Epoch 08912/20000 | Train Loss 0.043369
Epoch 08913/20000 | Train Loss 0.028501
Epoch 08914/20000 | Train Loss 0.027373
Epoch 08915/20000 | Train Loss 0.024982
Epoch 08916/20000 | Train Loss 0.020333
Epoch 08917/20000 | Train Loss 0.022687
Epoch 08918/20000 | Train Loss 0.027696
Epoch 08919/20000 | Train Loss 0.038032
Epoch 08920/20000 | Train Loss 0.032931
Epoch 08921/20000 | Train Loss 0.021175
Epoch 08922/20000 | Train Loss 0.024597
Epoch 08923/20000 | Train Loss 0.021430
Epoch 08924/20000 | Train Loss 0.031884
Epoch 08925/20000 | Train Loss 0.022390
Epoch 08926/20000 | Train Loss 0.023226
Epoch 08927/20000 | Train Loss 0.020100
Epoch 08928/20000 | Train Loss 0.017989
Epoch 08929/20000 | Train Loss 0.018690
Epoch 08930/20000 | Train Loss 0.031029
Epoch 08931/20000 | Train Loss 0.028501
Epoch 08932/20000 | Train Loss 0.018954
Epoch 08933/20000 | Train Loss 0.013621
Epoch 08934/20000 | Train Loss 0.014045
Epoch 08935/20000 | Train Loss 0.016231
Epoch 08936/20000 | Train Loss 0.019930
Epoch 08937/20000 | Train Loss 0.026281
Epoch 08938/20000 | Train Loss 0.042477
Epoch 08939/20000 | Train Loss 0.222927
Epoch 08940/20000 | Train Loss 0.347847
Epoch 08941/20000 | Train Loss 0.261852
Epoch 08942/20000 | Train Loss 0.199426
Epoch 08943/20000 | Train Loss 0.190365
Epoch 08944/20000 | Train Loss 0.171253
Epoch 08945/20000 | Train Loss 0.188955
Epoch 08946/20000 | Train Loss 0.174722
Epoch 08947/20000 | Train Loss 0.143224
Epoch 08948/20000 | Train Loss 0.129416
Epoch 08949/20000 | Train Loss 0.109222
Epoch 08950/20000 | Train Loss 0.115496
Epoch 08951/20000 | Train Loss 0.119227
Epoch 08952/20000 | Train Loss 0.090770
Epoch 08953/20000 | Train Loss 0.089244
Epoch 08954/20000 | Train Loss 0.074878
Epoch 08955/20000 | Train Loss 0.074667
Epoch 08956/20000 | Train Loss 0.063462
Epoch 08957/20000 | Train Loss 0.067224
Epoch 08958/20000 | Train Loss 0.068806
Epoch 08959/20000 | Train Loss 0.058589
Epoch 08960/20000 | Train Loss 0.050084
Epoch 08961/20000 | Train Loss 0.054799
Epoch 08962/20000 | Train Loss 0.057337
Epoch 08963/20000 | Train Loss 0.033240
Epoch 08964/20000 | Train Loss 0.033737
Epoch 08965/20000 | Train Loss 0.033902
Epoch 08966/20000 | Train Loss 0.032708
Epoch 08967/20000 | Train Loss 0.034179
Epoch 08968/20000 | Train Loss 0.028033
Epoch 08969/20000 | Train Loss 0.033365
Epoch 08970/20000 | Train Loss 0.032612
Epoch 08971/20000 | Train Loss 0.035088
Epoch 08972/20000 | Train Loss 0.028914
Epoch 08973/20000 | Train Loss 0.034720
Epoch 08974/20000 | Train Loss 0.025744
Epoch 08975/20000 | Train Loss 0.019723
Epoch 08976/20000 | Train Loss 0.026041
Epoch 08977/20000 | Train Loss 0.028301
Epoch 08978/20000 | Train Loss 0.037736
Epoch 08979/20000 | Train Loss 0.029179
Epoch 08980/20000 | Train Loss 0.027161
Epoch 08981/20000 | Train Loss 0.023988
Epoch 08982/20000 | Train Loss 0.018836
Epoch 08983/20000 | Train Loss 0.015989
Epoch 08984/20000 | Train Loss 0.022727
Epoch 08985/20000 | Train Loss 0.021187
Epoch 08986/20000 | Train Loss 0.022950
Epoch 08987/20000 | Train Loss 0.031754
Epoch 08988/20000 | Train Loss 0.022359
Epoch 08989/20000 | Train Loss 0.029606
Epoch 08990/20000 | Train Loss 0.023096
Epoch 08991/20000 | Train Loss 0.025853
Epoch 08992/20000 | Train Loss 0.027006
Epoch 08993/20000 | Train Loss 0.026414
Epoch 08994/20000 | Train Loss 0.028604
Epoch 08995/20000 | Train Loss 0.020423
Epoch 08996/20000 | Train Loss 0.020750
Epoch 08997/20000 | Train Loss 0.016493
Epoch 08998/20000 | Train Loss 0.020838
Epoch 08999/20000 | Train Loss 0.032103
Epoch 09000/20000 | Train Loss 0.040243
  --> Checkpoint saved at epoch 9000.
Epoch 09001/20000 | Train Loss 0.062458
Epoch 09002/20000 | Train Loss 0.054343
Epoch 09003/20000 | Train Loss 0.027962
Epoch 09004/20000 | Train Loss 0.034674
Epoch 09005/20000 | Train Loss 0.030830
Epoch 09006/20000 | Train Loss 0.019919
Epoch 09007/20000 | Train Loss 0.021563
Epoch 09008/20000 | Train Loss 0.019194
Epoch 09009/20000 | Train Loss 0.022481
Epoch 09010/20000 | Train Loss 0.027703
Epoch 09011/20000 | Train Loss 0.021047
Epoch 09012/20000 | Train Loss 0.040672
Epoch 09013/20000 | Train Loss 0.027219
Epoch 09014/20000 | Train Loss 0.025001
Epoch 09015/20000 | Train Loss 0.018693
Epoch 09016/20000 | Train Loss 0.025677
Epoch 09017/20000 | Train Loss 0.026430
Epoch 09018/20000 | Train Loss 0.031771
Epoch 09019/20000 | Train Loss 0.026280
Epoch 09020/20000 | Train Loss 0.015960
Epoch 09021/20000 | Train Loss 0.018144
Epoch 09022/20000 | Train Loss 0.022321
Epoch 09023/20000 | Train Loss 0.020413
Epoch 09024/20000 | Train Loss 0.025406
Epoch 09025/20000 | Train Loss 0.023896
Epoch 09026/20000 | Train Loss 0.019471
Epoch 09027/20000 | Train Loss 0.022024
Epoch 09028/20000 | Train Loss 0.028596
Epoch 09029/20000 | Train Loss 0.019829
Epoch 09030/20000 | Train Loss 0.012489
Epoch 09031/20000 | Train Loss 0.019797
Epoch 09032/20000 | Train Loss 0.018412
Epoch 09033/20000 | Train Loss 0.015767
Epoch 09034/20000 | Train Loss 0.009674
Epoch 09035/20000 | Train Loss 0.021261
Epoch 09036/20000 | Train Loss 0.023382
Epoch 09037/20000 | Train Loss 0.020352
Epoch 09038/20000 | Train Loss 0.018598
Epoch 09039/20000 | Train Loss 0.015234
Epoch 09040/20000 | Train Loss 0.015972
Epoch 09041/20000 | Train Loss 0.025048
Epoch 09042/20000 | Train Loss 0.034989
Epoch 09043/20000 | Train Loss 0.047809
Epoch 09044/20000 | Train Loss 0.040031
Epoch 09045/20000 | Train Loss 0.024513
Epoch 09046/20000 | Train Loss 0.021664
Epoch 09047/20000 | Train Loss 0.017355
Epoch 09048/20000 | Train Loss 0.018956
Epoch 09049/20000 | Train Loss 0.017620
Epoch 09050/20000 | Train Loss 0.019689
Epoch 09051/20000 | Train Loss 0.028705
Epoch 09052/20000 | Train Loss 0.034709
Epoch 09053/20000 | Train Loss 0.040302
Epoch 09054/20000 | Train Loss 0.044185
Epoch 09055/20000 | Train Loss 0.039667
Epoch 09056/20000 | Train Loss 0.021025
Epoch 09057/20000 | Train Loss 0.029843
Epoch 09058/20000 | Train Loss 0.023968
Epoch 09059/20000 | Train Loss 0.019866
Epoch 09060/20000 | Train Loss 0.024546
Epoch 09061/20000 | Train Loss 0.023269
Epoch 09062/20000 | Train Loss 0.023987
Epoch 09063/20000 | Train Loss 0.026295
Epoch 09064/20000 | Train Loss 0.019002
Epoch 09065/20000 | Train Loss 0.025086
Epoch 09066/20000 | Train Loss 0.026061
Epoch 09067/20000 | Train Loss 0.029217
Epoch 09068/20000 | Train Loss 0.021563
Epoch 09069/20000 | Train Loss 0.023634
Epoch 09070/20000 | Train Loss 0.024697
Epoch 09071/20000 | Train Loss 0.023456
Epoch 09072/20000 | Train Loss 0.020606
Epoch 09073/20000 | Train Loss 0.018984
Epoch 09074/20000 | Train Loss 0.018033
Epoch 09075/20000 | Train Loss 0.025390
Epoch 09076/20000 | Train Loss 0.020322
Epoch 09077/20000 | Train Loss 0.021369
Epoch 09078/20000 | Train Loss 0.016018
Epoch 09079/20000 | Train Loss 0.026942
Epoch 09080/20000 | Train Loss 0.016841
Epoch 09081/20000 | Train Loss 0.021684
Epoch 09082/20000 | Train Loss 0.017085
Epoch 09083/20000 | Train Loss 0.023258
Epoch 09084/20000 | Train Loss 0.021860
Epoch 09085/20000 | Train Loss 0.024285
Epoch 09086/20000 | Train Loss 0.022184
Epoch 09087/20000 | Train Loss 0.023946
Epoch 09088/20000 | Train Loss 0.026405
Epoch 09089/20000 | Train Loss 0.026511
Epoch 09090/20000 | Train Loss 0.031589
Epoch 09091/20000 | Train Loss 0.025059
Epoch 09092/20000 | Train Loss 0.014665
Epoch 09093/20000 | Train Loss 0.020651
Epoch 09094/20000 | Train Loss 0.028108
Epoch 09095/20000 | Train Loss 0.045636
Epoch 09096/20000 | Train Loss 0.047177
Epoch 09097/20000 | Train Loss 0.030310
Epoch 09098/20000 | Train Loss 0.024440
Epoch 09099/20000 | Train Loss 0.031577
Epoch 09100/20000 | Train Loss 0.038568
Epoch 09101/20000 | Train Loss 0.023847
Epoch 09102/20000 | Train Loss 0.024667
Epoch 09103/20000 | Train Loss 0.029351
Epoch 09104/20000 | Train Loss 0.035088
Epoch 09105/20000 | Train Loss 0.032025
Epoch 09106/20000 | Train Loss 0.027183
Epoch 09107/20000 | Train Loss 0.023872
Epoch 09108/20000 | Train Loss 0.022676
Epoch 09109/20000 | Train Loss 0.019546
Epoch 09110/20000 | Train Loss 0.016191
Epoch 09111/20000 | Train Loss 0.016900
Epoch 09112/20000 | Train Loss 0.020889
Epoch 09113/20000 | Train Loss 0.020058
Epoch 09114/20000 | Train Loss 0.025734
Epoch 09115/20000 | Train Loss 0.029210
Epoch 09116/20000 | Train Loss 0.026284
Epoch 09117/20000 | Train Loss 0.036018
Epoch 09118/20000 | Train Loss 0.053166
Epoch 09119/20000 | Train Loss 0.052267
Epoch 09120/20000 | Train Loss 0.038143
Epoch 09121/20000 | Train Loss 0.033843
Epoch 09122/20000 | Train Loss 0.027525
Epoch 09123/20000 | Train Loss 0.029734
Epoch 09124/20000 | Train Loss 0.022188
Epoch 09125/20000 | Train Loss 0.030135
Epoch 09126/20000 | Train Loss 0.025118
Epoch 09127/20000 | Train Loss 0.021400
Epoch 09128/20000 | Train Loss 0.024611
Epoch 09129/20000 | Train Loss 0.025179
Epoch 09130/20000 | Train Loss 0.019985
Epoch 09131/20000 | Train Loss 0.027332
Epoch 09132/20000 | Train Loss 0.034967
Epoch 09133/20000 | Train Loss 0.027962
Epoch 09134/20000 | Train Loss 0.033224
Epoch 09135/20000 | Train Loss 0.026593
Epoch 09136/20000 | Train Loss 0.030779
Epoch 09137/20000 | Train Loss 0.036555
Epoch 09138/20000 | Train Loss 0.043394
Epoch 09139/20000 | Train Loss 0.044461
Epoch 09140/20000 | Train Loss 0.028661
Epoch 09141/20000 | Train Loss 0.024856
Epoch 09142/20000 | Train Loss 0.021058
Epoch 09143/20000 | Train Loss 0.026265
Epoch 09144/20000 | Train Loss 0.017479
Epoch 09145/20000 | Train Loss 0.020410
Epoch 09146/20000 | Train Loss 0.023590
Epoch 09147/20000 | Train Loss 0.023849
Epoch 09148/20000 | Train Loss 0.018453
Epoch 09149/20000 | Train Loss 0.018829
Epoch 09150/20000 | Train Loss 0.021327
Epoch 09151/20000 | Train Loss 0.022315
Epoch 09152/20000 | Train Loss 0.018348
Epoch 09153/20000 | Train Loss 0.018554
Epoch 09154/20000 | Train Loss 0.021557
Epoch 09155/20000 | Train Loss 0.023276
Epoch 09156/20000 | Train Loss 0.042661
Epoch 09157/20000 | Train Loss 0.045913
Epoch 09158/20000 | Train Loss 0.037570
Epoch 09159/20000 | Train Loss 0.034187
Epoch 09160/20000 | Train Loss 0.031531
Epoch 09161/20000 | Train Loss 0.028004
Epoch 09162/20000 | Train Loss 0.031232
Epoch 09163/20000 | Train Loss 0.024958
Epoch 09164/20000 | Train Loss 0.029668
Epoch 09165/20000 | Train Loss 0.019491
Epoch 09166/20000 | Train Loss 0.016458
Epoch 09167/20000 | Train Loss 0.023263
Epoch 09168/20000 | Train Loss 0.020728
Epoch 09169/20000 | Train Loss 0.023744
Epoch 09170/20000 | Train Loss 0.023558
Epoch 09171/20000 | Train Loss 0.023561
Epoch 09172/20000 | Train Loss 0.029978
Epoch 09173/20000 | Train Loss 0.032624
Epoch 09174/20000 | Train Loss 0.034535
Epoch 09175/20000 | Train Loss 0.016850
Epoch 09176/20000 | Train Loss 0.020231
Epoch 09177/20000 | Train Loss 0.018872
Epoch 09178/20000 | Train Loss 0.035692
Epoch 09179/20000 | Train Loss 0.054919
Epoch 09180/20000 | Train Loss 0.086763
Epoch 09181/20000 | Train Loss 0.091362
Epoch 09182/20000 | Train Loss 0.052075
Epoch 09183/20000 | Train Loss 0.064611
Epoch 09184/20000 | Train Loss 0.049317
Epoch 09185/20000 | Train Loss 0.040944
Epoch 09186/20000 | Train Loss 0.036889
Epoch 09187/20000 | Train Loss 0.034105
Epoch 09188/20000 | Train Loss 0.022084
Epoch 09189/20000 | Train Loss 0.026968
Epoch 09190/20000 | Train Loss 0.025993
Epoch 09191/20000 | Train Loss 0.026742
Epoch 09192/20000 | Train Loss 0.024032
Epoch 09193/20000 | Train Loss 0.025122
Epoch 09194/20000 | Train Loss 0.018490
Epoch 09195/20000 | Train Loss 0.030189
Epoch 09196/20000 | Train Loss 0.028416
Epoch 09197/20000 | Train Loss 0.027940
Epoch 09198/20000 | Train Loss 0.020165
Epoch 09199/20000 | Train Loss 0.029437
Epoch 09200/20000 | Train Loss 0.029921
Epoch 09201/20000 | Train Loss 0.028531
Epoch 09202/20000 | Train Loss 0.020531
Epoch 09203/20000 | Train Loss 0.023312
Epoch 09204/20000 | Train Loss 0.023512
Epoch 09205/20000 | Train Loss 0.030210
Epoch 09206/20000 | Train Loss 0.029836
Epoch 09207/20000 | Train Loss 0.045133
Epoch 09208/20000 | Train Loss 0.059905
Epoch 09209/20000 | Train Loss 0.054178
Epoch 09210/20000 | Train Loss 0.061201
Epoch 09211/20000 | Train Loss 0.054203
Epoch 09212/20000 | Train Loss 0.048761
Epoch 09213/20000 | Train Loss 0.043804
Epoch 09214/20000 | Train Loss 0.043987
Epoch 09215/20000 | Train Loss 0.038352
Epoch 09216/20000 | Train Loss 0.032433
Epoch 09217/20000 | Train Loss 0.029943
Epoch 09218/20000 | Train Loss 0.030787
Epoch 09219/20000 | Train Loss 0.034330
Epoch 09220/20000 | Train Loss 0.033746
Epoch 09221/20000 | Train Loss 0.032388
Epoch 09222/20000 | Train Loss 0.031975
Epoch 09223/20000 | Train Loss 0.031375
Epoch 09224/20000 | Train Loss 0.033263
Epoch 09225/20000 | Train Loss 0.030546
Epoch 09226/20000 | Train Loss 0.033674
Epoch 09227/20000 | Train Loss 0.022787
Epoch 09228/20000 | Train Loss 0.025674
Epoch 09229/20000 | Train Loss 0.023655
Epoch 09230/20000 | Train Loss 0.021470
Epoch 09231/20000 | Train Loss 0.025794
Epoch 09232/20000 | Train Loss 0.020218
Epoch 09233/20000 | Train Loss 0.020963
Epoch 09234/20000 | Train Loss 0.016621
Epoch 09235/20000 | Train Loss 0.018705
Epoch 09236/20000 | Train Loss 0.020081
Epoch 09237/20000 | Train Loss 0.023979
Epoch 09238/20000 | Train Loss 0.019593
Epoch 09239/20000 | Train Loss 0.016137
Epoch 09240/20000 | Train Loss 0.018075
Epoch 09241/20000 | Train Loss 0.025528
Epoch 09242/20000 | Train Loss 0.022891
Epoch 09243/20000 | Train Loss 0.020265
Epoch 09244/20000 | Train Loss 0.022063
Epoch 09245/20000 | Train Loss 0.017486
Epoch 09246/20000 | Train Loss 0.020037
Epoch 09247/20000 | Train Loss 0.020564
Epoch 09248/20000 | Train Loss 0.020065
Epoch 09249/20000 | Train Loss 0.027628
Epoch 09250/20000 | Train Loss 0.022077
Epoch 09251/20000 | Train Loss 0.017308
Epoch 09252/20000 | Train Loss 0.024454
Epoch 09253/20000 | Train Loss 0.029009
Epoch 09254/20000 | Train Loss 0.040835
Epoch 09255/20000 | Train Loss 0.043607
Epoch 09256/20000 | Train Loss 0.039086
Epoch 09257/20000 | Train Loss 0.032796
Epoch 09258/20000 | Train Loss 0.020041
Epoch 09259/20000 | Train Loss 0.026972
Epoch 09260/20000 | Train Loss 0.022117
Epoch 09261/20000 | Train Loss 0.017679
Epoch 09262/20000 | Train Loss 0.018360
Epoch 09263/20000 | Train Loss 0.019986
Epoch 09264/20000 | Train Loss 0.014985
Epoch 09265/20000 | Train Loss 0.021699
Epoch 09266/20000 | Train Loss 0.039605
Epoch 09267/20000 | Train Loss 0.045072
Epoch 09268/20000 | Train Loss 0.056120
Epoch 09269/20000 | Train Loss 0.030821
Epoch 09270/20000 | Train Loss 0.031105
Epoch 09271/20000 | Train Loss 0.025145
Epoch 09272/20000 | Train Loss 0.028021
Epoch 09273/20000 | Train Loss 0.019133
Epoch 09274/20000 | Train Loss 0.026870
Epoch 09275/20000 | Train Loss 0.022024
Epoch 09276/20000 | Train Loss 0.020623
Epoch 09277/20000 | Train Loss 0.026813
Epoch 09278/20000 | Train Loss 0.026364
Epoch 09279/20000 | Train Loss 0.024782
Epoch 09280/20000 | Train Loss 0.020699
Epoch 09281/20000 | Train Loss 0.018485
Epoch 09282/20000 | Train Loss 0.018755
Epoch 09283/20000 | Train Loss 0.014327
Epoch 09284/20000 | Train Loss 0.024961
Epoch 09285/20000 | Train Loss 0.023695
Epoch 09286/20000 | Train Loss 0.022824
Epoch 09287/20000 | Train Loss 0.021785
Epoch 09288/20000 | Train Loss 0.019459
Epoch 09289/20000 | Train Loss 0.025831
Epoch 09290/20000 | Train Loss 0.027438
Epoch 09291/20000 | Train Loss 0.030683
Epoch 09292/20000 | Train Loss 0.028985
Epoch 09293/20000 | Train Loss 0.018520
Epoch 09294/20000 | Train Loss 0.026961
Epoch 09295/20000 | Train Loss 0.026405
Epoch 09296/20000 | Train Loss 0.017453
Epoch 09297/20000 | Train Loss 0.017609
Epoch 09298/20000 | Train Loss 0.021155
Epoch 09299/20000 | Train Loss 0.025040
Epoch 09300/20000 | Train Loss 0.023070
Epoch 09301/20000 | Train Loss 0.024441
Epoch 09302/20000 | Train Loss 0.025673
Epoch 09303/20000 | Train Loss 0.030011
Epoch 09304/20000 | Train Loss 0.043944
Epoch 09305/20000 | Train Loss 0.050411
Epoch 09306/20000 | Train Loss 0.040707
Epoch 09307/20000 | Train Loss 0.035168
Epoch 09308/20000 | Train Loss 0.025735
Epoch 09309/20000 | Train Loss 0.027055
Epoch 09310/20000 | Train Loss 0.016987
Epoch 09311/20000 | Train Loss 0.026119
Epoch 09312/20000 | Train Loss 0.019961
Epoch 09313/20000 | Train Loss 0.021790
Epoch 09314/20000 | Train Loss 0.016801
Epoch 09315/20000 | Train Loss 0.024067
Epoch 09316/20000 | Train Loss 0.068489
Epoch 09317/20000 | Train Loss 0.105883
Epoch 09318/20000 | Train Loss 0.206525
Epoch 09319/20000 | Train Loss 0.115308
Epoch 09320/20000 | Train Loss 0.101566
Epoch 09321/20000 | Train Loss 0.087767
Epoch 09322/20000 | Train Loss 0.082580
Epoch 09323/20000 | Train Loss 0.073305
Epoch 09324/20000 | Train Loss 0.033170
Epoch 09325/20000 | Train Loss 0.052722
Epoch 09326/20000 | Train Loss 0.040842
Epoch 09327/20000 | Train Loss 0.044534
Epoch 09328/20000 | Train Loss 0.034727
Epoch 09329/20000 | Train Loss 0.024767
Epoch 09330/20000 | Train Loss 0.028710
Epoch 09331/20000 | Train Loss 0.036246
Epoch 09332/20000 | Train Loss 0.024702
Epoch 09333/20000 | Train Loss 0.028231
Epoch 09334/20000 | Train Loss 0.017296
Epoch 09335/20000 | Train Loss 0.017047
Epoch 09336/20000 | Train Loss 0.020509
Epoch 09337/20000 | Train Loss 0.016699
Epoch 09338/20000 | Train Loss 0.024389
Epoch 09339/20000 | Train Loss 0.024801
Epoch 09340/20000 | Train Loss 0.018097
Epoch 09341/20000 | Train Loss 0.025717
Epoch 09342/20000 | Train Loss 0.022541
Epoch 09343/20000 | Train Loss 0.027672
Epoch 09344/20000 | Train Loss 0.015553
Epoch 09345/20000 | Train Loss 0.016853
Epoch 09346/20000 | Train Loss 0.016914
Epoch 09347/20000 | Train Loss 0.016454
Epoch 09348/20000 | Train Loss 0.021866
Epoch 09349/20000 | Train Loss 0.017100
Epoch 09350/20000 | Train Loss 0.018432
Epoch 09351/20000 | Train Loss 0.032665
Epoch 09352/20000 | Train Loss 0.036994
Epoch 09353/20000 | Train Loss 0.038872
Epoch 09354/20000 | Train Loss 0.031773
Epoch 09355/20000 | Train Loss 0.028685
Epoch 09356/20000 | Train Loss 0.022636
Epoch 09357/20000 | Train Loss 0.018858
Epoch 09358/20000 | Train Loss 0.023850
Epoch 09359/20000 | Train Loss 0.017572
Epoch 09360/20000 | Train Loss 0.027587
Epoch 09361/20000 | Train Loss 0.012751
Epoch 09362/20000 | Train Loss 0.019545
Epoch 09363/20000 | Train Loss 0.022215
Epoch 09364/20000 | Train Loss 0.019289
Epoch 09365/20000 | Train Loss 0.015924
Epoch 09366/20000 | Train Loss 0.021474
Epoch 09367/20000 | Train Loss 0.022525
Epoch 09368/20000 | Train Loss 0.020055
Epoch 09369/20000 | Train Loss 0.028330
Epoch 09370/20000 | Train Loss 0.019498
Epoch 09371/20000 | Train Loss 0.030226
Epoch 09372/20000 | Train Loss 0.024080
Epoch 09373/20000 | Train Loss 0.029200
Epoch 09374/20000 | Train Loss 0.021308
Epoch 09375/20000 | Train Loss 0.016234
Epoch 09376/20000 | Train Loss 0.014408
Epoch 09377/20000 | Train Loss 0.015892
Epoch 09378/20000 | Train Loss 0.035748
Epoch 09379/20000 | Train Loss 0.022098
Epoch 09380/20000 | Train Loss 0.016087
Epoch 09381/20000 | Train Loss 0.020455
Epoch 09382/20000 | Train Loss 0.014737
Epoch 09383/20000 | Train Loss 0.021928
Epoch 09384/20000 | Train Loss 0.027268
Epoch 09385/20000 | Train Loss 0.030374
Epoch 09386/20000 | Train Loss 0.035647
Epoch 09387/20000 | Train Loss 0.039561
Epoch 09388/20000 | Train Loss 0.029733
Epoch 09389/20000 | Train Loss 0.037472
Epoch 09390/20000 | Train Loss 0.030501
Epoch 09391/20000 | Train Loss 0.028802
Epoch 09392/20000 | Train Loss 0.022045
Epoch 09393/20000 | Train Loss 0.026680
Epoch 09394/20000 | Train Loss 0.024005
Epoch 09395/20000 | Train Loss 0.013311
Epoch 09396/20000 | Train Loss 0.019056
Epoch 09397/20000 | Train Loss 0.024834
Epoch 09398/20000 | Train Loss 0.029490
Epoch 09399/20000 | Train Loss 0.038361
Epoch 09400/20000 | Train Loss 0.040585
Epoch 09401/20000 | Train Loss 0.026545
Epoch 09402/20000 | Train Loss 0.022032
Epoch 09403/20000 | Train Loss 0.030350
Epoch 09404/20000 | Train Loss 0.021860
Epoch 09405/20000 | Train Loss 0.022698
Epoch 09406/20000 | Train Loss 0.018544
Epoch 09407/20000 | Train Loss 0.018916
Epoch 09408/20000 | Train Loss 0.019240
Epoch 09409/20000 | Train Loss 0.018707
Epoch 09410/20000 | Train Loss 0.015465
Epoch 09411/20000 | Train Loss 0.015416
Epoch 09412/20000 | Train Loss 0.023296
Epoch 09413/20000 | Train Loss 0.028772
Epoch 09414/20000 | Train Loss 0.029982
Epoch 09415/20000 | Train Loss 0.017912
Epoch 09416/20000 | Train Loss 0.027596
Epoch 09417/20000 | Train Loss 0.042787
Epoch 09418/20000 | Train Loss 0.031460
Epoch 09419/20000 | Train Loss 0.028262
Epoch 09420/20000 | Train Loss 0.021661
Epoch 09421/20000 | Train Loss 0.023721
Epoch 09422/20000 | Train Loss 0.023157
Epoch 09423/20000 | Train Loss 0.018654
Epoch 09424/20000 | Train Loss 0.021463
Epoch 09425/20000 | Train Loss 0.025409
Epoch 09426/20000 | Train Loss 0.023065
Epoch 09427/20000 | Train Loss 0.015473
Epoch 09428/20000 | Train Loss 0.013454
Epoch 09429/20000 | Train Loss 0.014460
Epoch 09430/20000 | Train Loss 0.014110
Epoch 09431/20000 | Train Loss 0.016770
Epoch 09432/20000 | Train Loss 0.012787
Epoch 09433/20000 | Train Loss 0.016341
Epoch 09434/20000 | Train Loss 0.015777
Epoch 09435/20000 | Train Loss 0.026202
Epoch 09436/20000 | Train Loss 0.019539
Epoch 09437/20000 | Train Loss 0.030774
Epoch 09438/20000 | Train Loss 0.031461
Epoch 09439/20000 | Train Loss 0.041842
Epoch 09440/20000 | Train Loss 0.035796
Epoch 09441/20000 | Train Loss 0.034155
Epoch 09442/20000 | Train Loss 0.043432
Epoch 09443/20000 | Train Loss 0.043567
Epoch 09444/20000 | Train Loss 0.022422
Epoch 09445/20000 | Train Loss 0.027559
Epoch 09446/20000 | Train Loss 0.018667
Epoch 09447/20000 | Train Loss 0.032075
Epoch 09448/20000 | Train Loss 0.029400
Epoch 09449/20000 | Train Loss 0.040177
Epoch 09450/20000 | Train Loss 0.044863
Epoch 09451/20000 | Train Loss 0.039923
Epoch 09452/20000 | Train Loss 0.040421
Epoch 09453/20000 | Train Loss 0.028446
Epoch 09454/20000 | Train Loss 0.028003
Epoch 09455/20000 | Train Loss 0.024543
Epoch 09456/20000 | Train Loss 0.025324
Epoch 09457/20000 | Train Loss 0.016029
Epoch 09458/20000 | Train Loss 0.018617
Epoch 09459/20000 | Train Loss 0.017191
Epoch 09460/20000 | Train Loss 0.016849
Epoch 09461/20000 | Train Loss 0.018622
Epoch 09462/20000 | Train Loss 0.020726
Epoch 09463/20000 | Train Loss 0.019100
Epoch 09464/20000 | Train Loss 0.024964
Epoch 09465/20000 | Train Loss 0.024340
Epoch 09466/20000 | Train Loss 0.027596
Epoch 09467/20000 | Train Loss 0.032755
Epoch 09468/20000 | Train Loss 0.023782
Epoch 09469/20000 | Train Loss 0.023252
Epoch 09470/20000 | Train Loss 0.021182
Epoch 09471/20000 | Train Loss 0.023507
Epoch 09472/20000 | Train Loss 0.019672
Epoch 09473/20000 | Train Loss 0.023985
Epoch 09474/20000 | Train Loss 0.026957
Epoch 09475/20000 | Train Loss 0.023742
Epoch 09476/20000 | Train Loss 0.019220
Epoch 09477/20000 | Train Loss 0.021442
Epoch 09478/20000 | Train Loss 0.023990
Epoch 09479/20000 | Train Loss 0.025832
Epoch 09480/20000 | Train Loss 0.018705
Epoch 09481/20000 | Train Loss 0.025569
Epoch 09482/20000 | Train Loss 0.017367
Epoch 09483/20000 | Train Loss 0.015222
Epoch 09484/20000 | Train Loss 0.021552
Epoch 09485/20000 | Train Loss 0.016763
Epoch 09486/20000 | Train Loss 0.020414
Epoch 09487/20000 | Train Loss 0.020768
Epoch 09488/20000 | Train Loss 0.020106
Epoch 09489/20000 | Train Loss 0.018145
Epoch 09490/20000 | Train Loss 0.018342
Epoch 09491/20000 | Train Loss 0.020033
Epoch 09492/20000 | Train Loss 0.016820
Epoch 09493/20000 | Train Loss 0.020045
Epoch 09494/20000 | Train Loss 0.017385
Epoch 09495/20000 | Train Loss 0.023472
Epoch 09496/20000 | Train Loss 0.036357
Epoch 09497/20000 | Train Loss 0.040657
Epoch 09498/20000 | Train Loss 0.045821
Epoch 09499/20000 | Train Loss 0.045446
Epoch 09500/20000 | Train Loss 0.030240
  --> Checkpoint saved at epoch 9500.
Epoch 09501/20000 | Train Loss 0.021181
Epoch 09502/20000 | Train Loss 0.020878
Epoch 09503/20000 | Train Loss 0.026579
Epoch 09504/20000 | Train Loss 0.029118
Epoch 09505/20000 | Train Loss 0.032616
Epoch 09506/20000 | Train Loss 0.024345
Epoch 09507/20000 | Train Loss 0.025923
Epoch 09508/20000 | Train Loss 0.021227
Epoch 09509/20000 | Train Loss 0.019688
Epoch 09510/20000 | Train Loss 0.037899
Epoch 09511/20000 | Train Loss 0.053165
Epoch 09512/20000 | Train Loss 0.234820
Epoch 09513/20000 | Train Loss 0.134236
Epoch 09514/20000 | Train Loss 0.115302
Epoch 09515/20000 | Train Loss 0.073211
Epoch 09516/20000 | Train Loss 0.074900
Epoch 09517/20000 | Train Loss 0.062891
Epoch 09518/20000 | Train Loss 0.057401
Epoch 09519/20000 | Train Loss 0.043466
Epoch 09520/20000 | Train Loss 0.027837
Epoch 09521/20000 | Train Loss 0.031726
Epoch 09522/20000 | Train Loss 0.026856
Epoch 09523/20000 | Train Loss 0.024734
Epoch 09524/20000 | Train Loss 0.030921
Epoch 09525/20000 | Train Loss 0.032837
Epoch 09526/20000 | Train Loss 0.029434
Epoch 09527/20000 | Train Loss 0.026769
Epoch 09528/20000 | Train Loss 0.028771
Epoch 09529/20000 | Train Loss 0.024205
Epoch 09530/20000 | Train Loss 0.028447
Epoch 09531/20000 | Train Loss 0.027292
Epoch 09532/20000 | Train Loss 0.028152
Epoch 09533/20000 | Train Loss 0.022715
Epoch 09534/20000 | Train Loss 0.029503
Epoch 09535/20000 | Train Loss 0.043276
Epoch 09536/20000 | Train Loss 0.068594
Epoch 09537/20000 | Train Loss 0.055051
Epoch 09538/20000 | Train Loss 0.035701
Epoch 09539/20000 | Train Loss 0.030359
Epoch 09540/20000 | Train Loss 0.032953
Epoch 09541/20000 | Train Loss 0.021799
Epoch 09542/20000 | Train Loss 0.023236
Epoch 09543/20000 | Train Loss 0.033069
Epoch 09544/20000 | Train Loss 0.021123
Epoch 09545/20000 | Train Loss 0.015866
Epoch 09546/20000 | Train Loss 0.020566
Epoch 09547/20000 | Train Loss 0.028934
Epoch 09548/20000 | Train Loss 0.029608
Epoch 09549/20000 | Train Loss 0.029309
Epoch 09550/20000 | Train Loss 0.023748
Epoch 09551/20000 | Train Loss 0.023515
Epoch 09552/20000 | Train Loss 0.023275
Epoch 09553/20000 | Train Loss 0.016371
Epoch 09554/20000 | Train Loss 0.017906
Epoch 09555/20000 | Train Loss 0.016559
Epoch 09556/20000 | Train Loss 0.018362
Epoch 09557/20000 | Train Loss 0.017454
Epoch 09558/20000 | Train Loss 0.018775
Epoch 09559/20000 | Train Loss 0.025931
Epoch 09560/20000 | Train Loss 0.022380
Epoch 09561/20000 | Train Loss 0.024968
Epoch 09562/20000 | Train Loss 0.029694
Epoch 09563/20000 | Train Loss 0.038326
Epoch 09564/20000 | Train Loss 0.035576
Epoch 09565/20000 | Train Loss 0.035435
Epoch 09566/20000 | Train Loss 0.020992
Epoch 09567/20000 | Train Loss 0.019822
Epoch 09568/20000 | Train Loss 0.019891
Epoch 09569/20000 | Train Loss 0.023364
Epoch 09570/20000 | Train Loss 0.029581
Epoch 09571/20000 | Train Loss 0.027065
Epoch 09572/20000 | Train Loss 0.026615
Epoch 09573/20000 | Train Loss 0.019620
Epoch 09574/20000 | Train Loss 0.023851
Epoch 09575/20000 | Train Loss 0.024497
Epoch 09576/20000 | Train Loss 0.023833
Epoch 09577/20000 | Train Loss 0.021895
Epoch 09578/20000 | Train Loss 0.018612
Epoch 09579/20000 | Train Loss 0.019488
Epoch 09580/20000 | Train Loss 0.023038
Epoch 09581/20000 | Train Loss 0.021214
Epoch 09582/20000 | Train Loss 0.017814
Epoch 09583/20000 | Train Loss 0.023720
Epoch 09584/20000 | Train Loss 0.024223
Epoch 09585/20000 | Train Loss 0.038932
Epoch 09586/20000 | Train Loss 0.040582
Epoch 09587/20000 | Train Loss 0.026445
Epoch 09588/20000 | Train Loss 0.025777
Epoch 09589/20000 | Train Loss 0.024418
Epoch 09590/20000 | Train Loss 0.019365
Epoch 09591/20000 | Train Loss 0.027596
Epoch 09592/20000 | Train Loss 0.017630
Epoch 09593/20000 | Train Loss 0.019586
Epoch 09594/20000 | Train Loss 0.013933
Epoch 09595/20000 | Train Loss 0.014214
Epoch 09596/20000 | Train Loss 0.017884
Epoch 09597/20000 | Train Loss 0.022128
Epoch 09598/20000 | Train Loss 0.022556
Epoch 09599/20000 | Train Loss 0.030105
Epoch 09600/20000 | Train Loss 0.027747
Epoch 09601/20000 | Train Loss 0.024693
Epoch 09602/20000 | Train Loss 0.032360
Epoch 09603/20000 | Train Loss 0.019496
Epoch 09604/20000 | Train Loss 0.016602
Epoch 09605/20000 | Train Loss 0.022750
Epoch 09606/20000 | Train Loss 0.026779
Epoch 09607/20000 | Train Loss 0.025106
Epoch 09608/20000 | Train Loss 0.026223
Epoch 09609/20000 | Train Loss 0.025457
Epoch 09610/20000 | Train Loss 0.022813
Epoch 09611/20000 | Train Loss 0.019139
Epoch 09612/20000 | Train Loss 0.021371
Epoch 09613/20000 | Train Loss 0.020789
Epoch 09614/20000 | Train Loss 0.025732
Epoch 09615/20000 | Train Loss 0.019872
Epoch 09616/20000 | Train Loss 0.020683
Epoch 09617/20000 | Train Loss 0.017191
Epoch 09618/20000 | Train Loss 0.020554
Epoch 09619/20000 | Train Loss 0.021666
Epoch 09620/20000 | Train Loss 0.019418
Epoch 09621/20000 | Train Loss 0.025343
Epoch 09622/20000 | Train Loss 0.023928
Epoch 09623/20000 | Train Loss 0.022994
Epoch 09624/20000 | Train Loss 0.017501
Epoch 09625/20000 | Train Loss 0.022965
Epoch 09626/20000 | Train Loss 0.019718
Epoch 09627/20000 | Train Loss 0.022419
Epoch 09628/20000 | Train Loss 0.024731
Epoch 09629/20000 | Train Loss 0.023796
Epoch 09630/20000 | Train Loss 0.025796
Epoch 09631/20000 | Train Loss 0.031032
Epoch 09632/20000 | Train Loss 0.016991
Epoch 09633/20000 | Train Loss 0.021160
Epoch 09634/20000 | Train Loss 0.019868
Epoch 09635/20000 | Train Loss 0.028091
Epoch 09636/20000 | Train Loss 0.078384
Epoch 09637/20000 | Train Loss 0.086082
Epoch 09638/20000 | Train Loss 0.190955
Epoch 09639/20000 | Train Loss 0.347459
Epoch 09640/20000 | Train Loss 0.152930
Epoch 09641/20000 | Train Loss 0.185071
Epoch 09642/20000 | Train Loss 0.144625
Epoch 09643/20000 | Train Loss 0.128545
Epoch 09644/20000 | Train Loss 0.110627
Epoch 09645/20000 | Train Loss 0.112017
Epoch 09646/20000 | Train Loss 0.083597
Epoch 09647/20000 | Train Loss 0.081326
Epoch 09648/20000 | Train Loss 0.063693
Epoch 09649/20000 | Train Loss 0.073892
Epoch 09650/20000 | Train Loss 0.059079
Epoch 09651/20000 | Train Loss 0.056612
Epoch 09652/20000 | Train Loss 0.043545
Epoch 09653/20000 | Train Loss 0.037204
Epoch 09654/20000 | Train Loss 0.033593
Epoch 09655/20000 | Train Loss 0.037594
Epoch 09656/20000 | Train Loss 0.041784
Epoch 09657/20000 | Train Loss 0.029381
Epoch 09658/20000 | Train Loss 0.037809
Epoch 09659/20000 | Train Loss 0.030562
Epoch 09660/20000 | Train Loss 0.021451
Epoch 09661/20000 | Train Loss 0.027785
Epoch 09662/20000 | Train Loss 0.026844
Epoch 09663/20000 | Train Loss 0.029272
Epoch 09664/20000 | Train Loss 0.019555
Epoch 09665/20000 | Train Loss 0.026520
Epoch 09666/20000 | Train Loss 0.027800
Epoch 09667/20000 | Train Loss 0.024724
Epoch 09668/20000 | Train Loss 0.024537
Epoch 09669/20000 | Train Loss 0.027086
Epoch 09670/20000 | Train Loss 0.033921
Epoch 09671/20000 | Train Loss 0.025879
Epoch 09672/20000 | Train Loss 0.022019
Epoch 09673/20000 | Train Loss 0.028281
Epoch 09674/20000 | Train Loss 0.032869
Epoch 09675/20000 | Train Loss 0.032508
Epoch 09676/20000 | Train Loss 0.034785
Epoch 09677/20000 | Train Loss 0.024537
Epoch 09678/20000 | Train Loss 0.023827
Epoch 09679/20000 | Train Loss 0.021750
Epoch 09680/20000 | Train Loss 0.018933
Epoch 09681/20000 | Train Loss 0.020286
Epoch 09682/20000 | Train Loss 0.025380
Epoch 09683/20000 | Train Loss 0.026807
Epoch 09684/20000 | Train Loss 0.024441
Epoch 09685/20000 | Train Loss 0.021114
Epoch 09686/20000 | Train Loss 0.012426
Epoch 09687/20000 | Train Loss 0.019531
Epoch 09688/20000 | Train Loss 0.017244
Epoch 09689/20000 | Train Loss 0.020451
Epoch 09690/20000 | Train Loss 0.027125
Epoch 09691/20000 | Train Loss 0.029838
Epoch 09692/20000 | Train Loss 0.022195
Epoch 09693/20000 | Train Loss 0.030427
Epoch 09694/20000 | Train Loss 0.045497
Epoch 09695/20000 | Train Loss 0.058656
Epoch 09696/20000 | Train Loss 0.044768
Epoch 09697/20000 | Train Loss 0.025876
Epoch 09698/20000 | Train Loss 0.026151
Epoch 09699/20000 | Train Loss 0.027668
Epoch 09700/20000 | Train Loss 0.020576
Epoch 09701/20000 | Train Loss 0.018174
Epoch 09702/20000 | Train Loss 0.022967
Epoch 09703/20000 | Train Loss 0.018754
Epoch 09704/20000 | Train Loss 0.018707
Epoch 09705/20000 | Train Loss 0.024895
Epoch 09706/20000 | Train Loss 0.022008
Epoch 09707/20000 | Train Loss 0.016020
Epoch 09708/20000 | Train Loss 0.017527
Epoch 09709/20000 | Train Loss 0.020779
Epoch 09710/20000 | Train Loss 0.017614
Epoch 09711/20000 | Train Loss 0.015671
Epoch 09712/20000 | Train Loss 0.017972
Epoch 09713/20000 | Train Loss 0.020843
Epoch 09714/20000 | Train Loss 0.016860
Epoch 09715/20000 | Train Loss 0.023049
Epoch 09716/20000 | Train Loss 0.022997
Epoch 09717/20000 | Train Loss 0.024406
Epoch 09718/20000 | Train Loss 0.029967
Epoch 09719/20000 | Train Loss 0.025346
Epoch 09720/20000 | Train Loss 0.030730
Epoch 09721/20000 | Train Loss 0.022517
Epoch 09722/20000 | Train Loss 0.028166
Epoch 09723/20000 | Train Loss 0.021815
Epoch 09724/20000 | Train Loss 0.026389
Epoch 09725/20000 | Train Loss 0.021067
Epoch 09726/20000 | Train Loss 0.027459
Epoch 09727/20000 | Train Loss 0.027174
Epoch 09728/20000 | Train Loss 0.020727
Epoch 09729/20000 | Train Loss 0.020078
Epoch 09730/20000 | Train Loss 0.014046
Epoch 09731/20000 | Train Loss 0.021478
Epoch 09732/20000 | Train Loss 0.015519
Epoch 09733/20000 | Train Loss 0.019179
Epoch 09734/20000 | Train Loss 0.021603
Epoch 09735/20000 | Train Loss 0.016218
Epoch 09736/20000 | Train Loss 0.024211
Epoch 09737/20000 | Train Loss 0.022583
Epoch 09738/20000 | Train Loss 0.018358
Epoch 09739/20000 | Train Loss 0.023090
Epoch 09740/20000 | Train Loss 0.018800
Epoch 09741/20000 | Train Loss 0.021344
Epoch 09742/20000 | Train Loss 0.021329
Epoch 09743/20000 | Train Loss 0.021880
Epoch 09744/20000 | Train Loss 0.020230
Epoch 09745/20000 | Train Loss 0.018377
Epoch 09746/20000 | Train Loss 0.020507
Epoch 09747/20000 | Train Loss 0.015110
Epoch 09748/20000 | Train Loss 0.010820
Epoch 09749/20000 | Train Loss 0.014322
Epoch 09750/20000 | Train Loss 0.012360
Epoch 09751/20000 | Train Loss 0.012724
Epoch 09752/20000 | Train Loss 0.023134
Epoch 09753/20000 | Train Loss 0.048089
Epoch 09754/20000 | Train Loss 0.059837
Epoch 09755/20000 | Train Loss 0.043627
Epoch 09756/20000 | Train Loss 0.027307
Epoch 09757/20000 | Train Loss 0.025987
Epoch 09758/20000 | Train Loss 0.026856
Epoch 09759/20000 | Train Loss 0.019068
Epoch 09760/20000 | Train Loss 0.028658
Epoch 09761/20000 | Train Loss 0.023316
Epoch 09762/20000 | Train Loss 0.030302
Epoch 09763/20000 | Train Loss 0.025689
Epoch 09764/20000 | Train Loss 0.020291
Epoch 09765/20000 | Train Loss 0.026474
Epoch 09766/20000 | Train Loss 0.016056
Epoch 09767/20000 | Train Loss 0.013805
Epoch 09768/20000 | Train Loss 0.015518
Epoch 09769/20000 | Train Loss 0.020541
Epoch 09770/20000 | Train Loss 0.013733
Epoch 09771/20000 | Train Loss 0.028730
Epoch 09772/20000 | Train Loss 0.027544
Epoch 09773/20000 | Train Loss 0.030949
Epoch 09774/20000 | Train Loss 0.023138
Epoch 09775/20000 | Train Loss 0.019505
Epoch 09776/20000 | Train Loss 0.025483
Epoch 09777/20000 | Train Loss 0.019880
Epoch 09778/20000 | Train Loss 0.031227
Epoch 09779/20000 | Train Loss 0.033410
Epoch 09780/20000 | Train Loss 0.041399
Epoch 09781/20000 | Train Loss 0.034799
Epoch 09782/20000 | Train Loss 0.035424
Epoch 09783/20000 | Train Loss 0.029253
Epoch 09784/20000 | Train Loss 0.025784
Epoch 09785/20000 | Train Loss 0.033212
Epoch 09786/20000 | Train Loss 0.032264
Epoch 09787/20000 | Train Loss 0.019806
Epoch 09788/20000 | Train Loss 0.015405
Epoch 09789/20000 | Train Loss 0.017723
Epoch 09790/20000 | Train Loss 0.023938
Epoch 09791/20000 | Train Loss 0.021914
Epoch 09792/20000 | Train Loss 0.027756
Epoch 09793/20000 | Train Loss 0.027717
Epoch 09794/20000 | Train Loss 0.023311
Epoch 09795/20000 | Train Loss 0.022573
Epoch 09796/20000 | Train Loss 0.026779
Epoch 09797/20000 | Train Loss 0.033444
Epoch 09798/20000 | Train Loss 0.036552
Epoch 09799/20000 | Train Loss 0.028127
Epoch 09800/20000 | Train Loss 0.026517
Epoch 09801/20000 | Train Loss 0.025412
Epoch 09802/20000 | Train Loss 0.020132
Epoch 09803/20000 | Train Loss 0.023215
Epoch 09804/20000 | Train Loss 0.019276
Epoch 09805/20000 | Train Loss 0.018679
Epoch 09806/20000 | Train Loss 0.019233
Epoch 09807/20000 | Train Loss 0.014756
Epoch 09808/20000 | Train Loss 0.017297
Epoch 09809/20000 | Train Loss 0.015842
Epoch 09810/20000 | Train Loss 0.019444
Epoch 09811/20000 | Train Loss 0.025302
Epoch 09812/20000 | Train Loss 0.024366
Epoch 09813/20000 | Train Loss 0.029536
Epoch 09814/20000 | Train Loss 0.030988
Epoch 09815/20000 | Train Loss 0.023148
Epoch 09816/20000 | Train Loss 0.029199
Epoch 09817/20000 | Train Loss 0.028893
Epoch 09818/20000 | Train Loss 0.041605
Epoch 09819/20000 | Train Loss 0.053071
Epoch 09820/20000 | Train Loss 0.056223
Epoch 09821/20000 | Train Loss 0.030748
Epoch 09822/20000 | Train Loss 0.026666
Epoch 09823/20000 | Train Loss 0.021214
Epoch 09824/20000 | Train Loss 0.031095
Epoch 09825/20000 | Train Loss 0.025577
Epoch 09826/20000 | Train Loss 0.017040
Epoch 09827/20000 | Train Loss 0.013668
Epoch 09828/20000 | Train Loss 0.013363
Epoch 09829/20000 | Train Loss 0.026658
Epoch 09830/20000 | Train Loss 0.028307
Epoch 09831/20000 | Train Loss 0.030169
Epoch 09832/20000 | Train Loss 0.027674
Epoch 09833/20000 | Train Loss 0.031592
Epoch 09834/20000 | Train Loss 0.033211
Epoch 09835/20000 | Train Loss 0.038776
Epoch 09836/20000 | Train Loss 0.029522
Epoch 09837/20000 | Train Loss 0.021181
Epoch 09838/20000 | Train Loss 0.029835
Epoch 09839/20000 | Train Loss 0.028620
Epoch 09840/20000 | Train Loss 0.026144
Epoch 09841/20000 | Train Loss 0.025606
Epoch 09842/20000 | Train Loss 0.031116
Epoch 09843/20000 | Train Loss 0.029636
Epoch 09844/20000 | Train Loss 0.022469
Epoch 09845/20000 | Train Loss 0.024663
Epoch 09846/20000 | Train Loss 0.025996
Epoch 09847/20000 | Train Loss 0.021698
Epoch 09848/20000 | Train Loss 0.032968
Epoch 09849/20000 | Train Loss 0.066984
Epoch 09850/20000 | Train Loss 0.078189
Epoch 09851/20000 | Train Loss 0.037777
Epoch 09852/20000 | Train Loss 0.035126
Epoch 09853/20000 | Train Loss 0.022477
Epoch 09854/20000 | Train Loss 0.024671
Epoch 09855/20000 | Train Loss 0.021328
Epoch 09856/20000 | Train Loss 0.047492
Epoch 09857/20000 | Train Loss 0.040359
Epoch 09858/20000 | Train Loss 0.073224
Epoch 09859/20000 | Train Loss 0.098499
Epoch 09860/20000 | Train Loss 0.073529
Epoch 09861/20000 | Train Loss 0.046291
Epoch 09862/20000 | Train Loss 0.035787
Epoch 09863/20000 | Train Loss 0.031386
Epoch 09864/20000 | Train Loss 0.031356
Epoch 09865/20000 | Train Loss 0.025210
Epoch 09866/20000 | Train Loss 0.031404
Epoch 09867/20000 | Train Loss 0.027325
Epoch 09868/20000 | Train Loss 0.035507
Epoch 09869/20000 | Train Loss 0.027104
Epoch 09870/20000 | Train Loss 0.022795
Epoch 09871/20000 | Train Loss 0.026840
Epoch 09872/20000 | Train Loss 0.016167
Epoch 09873/20000 | Train Loss 0.030010
Epoch 09874/20000 | Train Loss 0.022875
Epoch 09875/20000 | Train Loss 0.015988
Epoch 09876/20000 | Train Loss 0.018100
Epoch 09877/20000 | Train Loss 0.021744
Epoch 09878/20000 | Train Loss 0.025297
Epoch 09879/20000 | Train Loss 0.021789
Epoch 09880/20000 | Train Loss 0.018642
Epoch 09881/20000 | Train Loss 0.020445
Epoch 09882/20000 | Train Loss 0.013798
Epoch 09883/20000 | Train Loss 0.015474
Epoch 09884/20000 | Train Loss 0.020634
Epoch 09885/20000 | Train Loss 0.019183
Epoch 09886/20000 | Train Loss 0.015145
Epoch 09887/20000 | Train Loss 0.019536
Epoch 09888/20000 | Train Loss 0.022831
Epoch 09889/20000 | Train Loss 0.026471
Epoch 09890/20000 | Train Loss 0.021981
Epoch 09891/20000 | Train Loss 0.021159
Epoch 09892/20000 | Train Loss 0.023163
Epoch 09893/20000 | Train Loss 0.021445
Epoch 09894/20000 | Train Loss 0.025065
Epoch 09895/20000 | Train Loss 0.018711
Epoch 09896/20000 | Train Loss 0.026838
Epoch 09897/20000 | Train Loss 0.022416
Epoch 09898/20000 | Train Loss 0.021353
Epoch 09899/20000 | Train Loss 0.018200
Epoch 09900/20000 | Train Loss 0.018192
Epoch 09901/20000 | Train Loss 0.017763
Epoch 09902/20000 | Train Loss 0.025012
Epoch 09903/20000 | Train Loss 0.029028
Epoch 09904/20000 | Train Loss 0.036620
Epoch 09905/20000 | Train Loss 0.037034
Epoch 09906/20000 | Train Loss 0.026837
Epoch 09907/20000 | Train Loss 0.023565
Epoch 09908/20000 | Train Loss 0.023659
Epoch 09909/20000 | Train Loss 0.020841
Epoch 09910/20000 | Train Loss 0.026553
Epoch 09911/20000 | Train Loss 0.022271
Epoch 09912/20000 | Train Loss 0.022878
Epoch 09913/20000 | Train Loss 0.025622
Epoch 09914/20000 | Train Loss 0.017977
Epoch 09915/20000 | Train Loss 0.018927
Epoch 09916/20000 | Train Loss 0.022602
Epoch 09917/20000 | Train Loss 0.032530
Epoch 09918/20000 | Train Loss 0.026150
Epoch 09919/20000 | Train Loss 0.021049
Epoch 09920/20000 | Train Loss 0.012402
Epoch 09921/20000 | Train Loss 0.018341
Epoch 09922/20000 | Train Loss 0.010171
Epoch 09923/20000 | Train Loss 0.019977
Epoch 09924/20000 | Train Loss 0.017479
Epoch 09925/20000 | Train Loss 0.023535
Epoch 09926/20000 | Train Loss 0.016242
Epoch 09927/20000 | Train Loss 0.024255
Epoch 09928/20000 | Train Loss 0.026388
Epoch 09929/20000 | Train Loss 0.026389
Epoch 09930/20000 | Train Loss 0.025092
Epoch 09931/20000 | Train Loss 0.024531
Epoch 09932/20000 | Train Loss 0.020264
Epoch 09933/20000 | Train Loss 0.016387
Epoch 09934/20000 | Train Loss 0.016305
Epoch 09935/20000 | Train Loss 0.016747
Epoch 09936/20000 | Train Loss 0.020252
Epoch 09937/20000 | Train Loss 0.018513
Epoch 09938/20000 | Train Loss 0.023248
Epoch 09939/20000 | Train Loss 0.023523
Epoch 09940/20000 | Train Loss 0.028413
Epoch 09941/20000 | Train Loss 0.027042
Epoch 09942/20000 | Train Loss 0.019319
Epoch 09943/20000 | Train Loss 0.023857
Epoch 09944/20000 | Train Loss 0.030041
Epoch 09945/20000 | Train Loss 0.039004
Epoch 09946/20000 | Train Loss 0.035561
Epoch 09947/20000 | Train Loss 0.024810
Epoch 09948/20000 | Train Loss 0.023528
Epoch 09949/20000 | Train Loss 0.047733
Epoch 09950/20000 | Train Loss 0.059801
Epoch 09951/20000 | Train Loss 0.037310
Epoch 09952/20000 | Train Loss 0.027531
Epoch 09953/20000 | Train Loss 0.022938
Epoch 09954/20000 | Train Loss 0.018530
Epoch 09955/20000 | Train Loss 0.018055
Epoch 09956/20000 | Train Loss 0.017209
Epoch 09957/20000 | Train Loss 0.015244
Epoch 09958/20000 | Train Loss 0.017104
Epoch 09959/20000 | Train Loss 0.018915
Epoch 09960/20000 | Train Loss 0.017680
Epoch 09961/20000 | Train Loss 0.017816
Epoch 09962/20000 | Train Loss 0.020848
Epoch 09963/20000 | Train Loss 0.025723
Epoch 09964/20000 | Train Loss 0.023087
Epoch 09965/20000 | Train Loss 0.017418
Epoch 09966/20000 | Train Loss 0.023824
Epoch 09967/20000 | Train Loss 0.032008
Epoch 09968/20000 | Train Loss 0.037960
Epoch 09969/20000 | Train Loss 0.026074
Epoch 09970/20000 | Train Loss 0.025549
Epoch 09971/20000 | Train Loss 0.019039
Epoch 09972/20000 | Train Loss 0.023436
Epoch 09973/20000 | Train Loss 0.027491
Epoch 09974/20000 | Train Loss 0.020036
Epoch 09975/20000 | Train Loss 0.025689
Epoch 09976/20000 | Train Loss 0.022584
Epoch 09977/20000 | Train Loss 0.022704
Epoch 09978/20000 | Train Loss 0.022906
Epoch 09979/20000 | Train Loss 0.019529
Epoch 09980/20000 | Train Loss 0.016291
Epoch 09981/20000 | Train Loss 0.018151
Epoch 09982/20000 | Train Loss 0.022899
Epoch 09983/20000 | Train Loss 0.025058
Epoch 09984/20000 | Train Loss 0.024280
Epoch 09985/20000 | Train Loss 0.014306
Epoch 09986/20000 | Train Loss 0.014810
Epoch 09987/20000 | Train Loss 0.017243
Epoch 09988/20000 | Train Loss 0.026658
Epoch 09989/20000 | Train Loss 0.034050
Epoch 09990/20000 | Train Loss 0.030023
Epoch 09991/20000 | Train Loss 0.017772
Epoch 09992/20000 | Train Loss 0.030996
Epoch 09993/20000 | Train Loss 0.031982
Epoch 09994/20000 | Train Loss 0.028686
Epoch 09995/20000 | Train Loss 0.027856
Epoch 09996/20000 | Train Loss 0.018823
Epoch 09997/20000 | Train Loss 0.022332
Epoch 09998/20000 | Train Loss 0.035531
Epoch 09999/20000 | Train Loss 0.023589
Epoch 10000/20000 | Train Loss 0.016728
  --> Checkpoint saved at epoch 10000.
Epoch 10001/20000 | Train Loss 0.022568
Epoch 10002/20000 | Train Loss 0.025700
Epoch 10003/20000 | Train Loss 0.032306
Epoch 10004/20000 | Train Loss 0.028221
Epoch 10005/20000 | Train Loss 0.017957
Epoch 10006/20000 | Train Loss 0.014240
Epoch 10007/20000 | Train Loss 0.027570
Epoch 10008/20000 | Train Loss 0.018849
Epoch 10009/20000 | Train Loss 0.033751
Epoch 10010/20000 | Train Loss 0.043332
Epoch 10011/20000 | Train Loss 0.045485
Epoch 10012/20000 | Train Loss 0.036513
Epoch 10013/20000 | Train Loss 0.027952
Epoch 10014/20000 | Train Loss 0.024433
Epoch 10015/20000 | Train Loss 0.035563
Epoch 10016/20000 | Train Loss 0.025489
Epoch 10017/20000 | Train Loss 0.021341
Epoch 10018/20000 | Train Loss 0.021111
Epoch 10019/20000 | Train Loss 0.019782
Epoch 10020/20000 | Train Loss 0.020371
Epoch 10021/20000 | Train Loss 0.018181
Epoch 10022/20000 | Train Loss 0.012642
Epoch 10023/20000 | Train Loss 0.010339
Epoch 10024/20000 | Train Loss 0.012895
Epoch 10025/20000 | Train Loss 0.010423
Epoch 10026/20000 | Train Loss 0.014615
Epoch 10027/20000 | Train Loss 0.013803
Epoch 10028/20000 | Train Loss 0.011109
Epoch 10029/20000 | Train Loss 0.018359
Epoch 10030/20000 | Train Loss 0.025594
Epoch 10031/20000 | Train Loss 0.025778
Epoch 10032/20000 | Train Loss 0.032821
Epoch 10033/20000 | Train Loss 0.031733
Epoch 10034/20000 | Train Loss 0.026140
Epoch 10035/20000 | Train Loss 0.024577
Epoch 10036/20000 | Train Loss 0.021096
Epoch 10037/20000 | Train Loss 0.019638
Epoch 10038/20000 | Train Loss 0.023152
Epoch 10039/20000 | Train Loss 0.031014
Epoch 10040/20000 | Train Loss 0.030682
Epoch 10041/20000 | Train Loss 0.030749
Epoch 10042/20000 | Train Loss 0.036911
Epoch 10043/20000 | Train Loss 0.023112
Epoch 10044/20000 | Train Loss 0.019466
Epoch 10045/20000 | Train Loss 0.024160
Epoch 10046/20000 | Train Loss 0.026642
Epoch 10047/20000 | Train Loss 0.028703
Epoch 10048/20000 | Train Loss 0.023931
Epoch 10049/20000 | Train Loss 0.022541
Epoch 10050/20000 | Train Loss 0.017938
Epoch 10051/20000 | Train Loss 0.015442
Epoch 10052/20000 | Train Loss 0.019659
Epoch 10053/20000 | Train Loss 0.018789
Epoch 10054/20000 | Train Loss 0.018377
Epoch 10055/20000 | Train Loss 0.020245
Epoch 10056/20000 | Train Loss 0.022593
Epoch 10057/20000 | Train Loss 0.024038
Epoch 10058/20000 | Train Loss 0.024999
Epoch 10059/20000 | Train Loss 0.023415
Epoch 10060/20000 | Train Loss 0.020993
Epoch 10061/20000 | Train Loss 0.026044
Epoch 10062/20000 | Train Loss 0.027068
Epoch 10063/20000 | Train Loss 0.025014
Epoch 10064/20000 | Train Loss 0.034179
Epoch 10065/20000 | Train Loss 0.040253
Epoch 10066/20000 | Train Loss 0.041656
Epoch 10067/20000 | Train Loss 0.032393
Epoch 10068/20000 | Train Loss 0.035462
Epoch 10069/20000 | Train Loss 0.026625
Epoch 10070/20000 | Train Loss 0.037320
Epoch 10071/20000 | Train Loss 0.032266
Epoch 10072/20000 | Train Loss 0.031863
Epoch 10073/20000 | Train Loss 0.029260
Epoch 10074/20000 | Train Loss 0.024820
Epoch 10075/20000 | Train Loss 0.027821
Epoch 10076/20000 | Train Loss 0.021268
Epoch 10077/20000 | Train Loss 0.016823
Epoch 10078/20000 | Train Loss 0.013991
Epoch 10079/20000 | Train Loss 0.020533
Epoch 10080/20000 | Train Loss 0.020201
Epoch 10081/20000 | Train Loss 0.020064
Epoch 10082/20000 | Train Loss 0.024788
Epoch 10083/20000 | Train Loss 0.032455
Epoch 10084/20000 | Train Loss 0.027065
Epoch 10085/20000 | Train Loss 0.027209
Epoch 10086/20000 | Train Loss 0.018412
Epoch 10087/20000 | Train Loss 0.014881
Epoch 10088/20000 | Train Loss 0.015286
Epoch 10089/20000 | Train Loss 0.018294
Epoch 10090/20000 | Train Loss 0.020949
Epoch 10091/20000 | Train Loss 0.025561
Epoch 10092/20000 | Train Loss 0.027655
Epoch 10093/20000 | Train Loss 0.035817
Epoch 10094/20000 | Train Loss 0.025509
Epoch 10095/20000 | Train Loss 0.040635
Epoch 10096/20000 | Train Loss 0.035953
Epoch 10097/20000 | Train Loss 0.036612
Epoch 10098/20000 | Train Loss 0.031640
Epoch 10099/20000 | Train Loss 0.044379
Epoch 10100/20000 | Train Loss 0.042503
Epoch 10101/20000 | Train Loss 0.031412
Epoch 10102/20000 | Train Loss 0.024858
Epoch 10103/20000 | Train Loss 0.020747
Epoch 10104/20000 | Train Loss 0.016413
Epoch 10105/20000 | Train Loss 0.028811
Epoch 10106/20000 | Train Loss 0.027551
Epoch 10107/20000 | Train Loss 0.028869
Epoch 10108/20000 | Train Loss 0.029004
Epoch 10109/20000 | Train Loss 0.023066
Epoch 10110/20000 | Train Loss 0.020464
Epoch 10111/20000 | Train Loss 0.019241
Epoch 10112/20000 | Train Loss 0.021108
Epoch 10113/20000 | Train Loss 0.026469
Epoch 10114/20000 | Train Loss 0.022630
Epoch 10115/20000 | Train Loss 0.022315
Epoch 10116/20000 | Train Loss 0.024960
Epoch 10117/20000 | Train Loss 0.032170
Epoch 10118/20000 | Train Loss 0.015865
Epoch 10119/20000 | Train Loss 0.024379
Epoch 10120/20000 | Train Loss 0.013703
Epoch 10121/20000 | Train Loss 0.022099
Epoch 10122/20000 | Train Loss 0.016478
Epoch 10123/20000 | Train Loss 0.024449
Epoch 10124/20000 | Train Loss 0.033826
Epoch 10125/20000 | Train Loss 0.035505
Epoch 10126/20000 | Train Loss 0.028479
Epoch 10127/20000 | Train Loss 0.031591
Epoch 10128/20000 | Train Loss 0.026430
Epoch 10129/20000 | Train Loss 0.030355
Epoch 10130/20000 | Train Loss 0.019934
Epoch 10131/20000 | Train Loss 0.020247
Epoch 10132/20000 | Train Loss 0.022147
Epoch 10133/20000 | Train Loss 0.022973
Epoch 10134/20000 | Train Loss 0.025882
Epoch 10135/20000 | Train Loss 0.022924
Epoch 10136/20000 | Train Loss 0.021101
Epoch 10137/20000 | Train Loss 0.021915
Epoch 10138/20000 | Train Loss 0.027220
Epoch 10139/20000 | Train Loss 0.032604
Epoch 10140/20000 | Train Loss 0.037916
Epoch 10141/20000 | Train Loss 0.033602
Epoch 10142/20000 | Train Loss 0.026473
Epoch 10143/20000 | Train Loss 0.021397
Epoch 10144/20000 | Train Loss 0.022215
Epoch 10145/20000 | Train Loss 0.025063
Epoch 10146/20000 | Train Loss 0.023895
Epoch 10147/20000 | Train Loss 0.027672
Epoch 10148/20000 | Train Loss 0.032872
Epoch 10149/20000 | Train Loss 0.028873
Epoch 10150/20000 | Train Loss 0.022963
Epoch 10151/20000 | Train Loss 0.020880
Epoch 10152/20000 | Train Loss 0.018869
Epoch 10153/20000 | Train Loss 0.026307
Epoch 10154/20000 | Train Loss 0.027658
Epoch 10155/20000 | Train Loss 0.026095
Epoch 10156/20000 | Train Loss 0.018749
Epoch 10157/20000 | Train Loss 0.020960
Epoch 10158/20000 | Train Loss 0.019209
Epoch 10159/20000 | Train Loss 0.028278
Epoch 10160/20000 | Train Loss 0.018814
Epoch 10161/20000 | Train Loss 0.016644
Epoch 10162/20000 | Train Loss 0.015208
Epoch 10163/20000 | Train Loss 0.011046
Epoch 10164/20000 | Train Loss 0.018672
Epoch 10165/20000 | Train Loss 0.021360
Epoch 10166/20000 | Train Loss 0.026913
Epoch 10167/20000 | Train Loss 0.027051
Epoch 10168/20000 | Train Loss 0.024245
Epoch 10169/20000 | Train Loss 0.022140
Epoch 10170/20000 | Train Loss 0.028334
Epoch 10171/20000 | Train Loss 0.021467
Epoch 10172/20000 | Train Loss 0.031547
Epoch 10173/20000 | Train Loss 0.036100
Epoch 10174/20000 | Train Loss 0.030157
Epoch 10175/20000 | Train Loss 0.073865
Epoch 10176/20000 | Train Loss 0.231628
Epoch 10177/20000 | Train Loss 0.133169
Epoch 10178/20000 | Train Loss 0.138196
Epoch 10179/20000 | Train Loss 0.099244
Epoch 10180/20000 | Train Loss 0.067495
Epoch 10181/20000 | Train Loss 0.062933
Epoch 10182/20000 | Train Loss 0.054925
Epoch 10183/20000 | Train Loss 0.047041
Epoch 10184/20000 | Train Loss 0.051733
Epoch 10185/20000 | Train Loss 0.030280
Epoch 10186/20000 | Train Loss 0.035350
Epoch 10187/20000 | Train Loss 0.033681
Epoch 10188/20000 | Train Loss 0.036939
Epoch 10189/20000 | Train Loss 0.032382
Epoch 10190/20000 | Train Loss 0.027639
Epoch 10191/20000 | Train Loss 0.024316
Epoch 10192/20000 | Train Loss 0.023575
Epoch 10193/20000 | Train Loss 0.030136
Epoch 10194/20000 | Train Loss 0.027325
Epoch 10195/20000 | Train Loss 0.025160
Epoch 10196/20000 | Train Loss 0.027247
Epoch 10197/20000 | Train Loss 0.023670
Epoch 10198/20000 | Train Loss 0.024595
Epoch 10199/20000 | Train Loss 0.030325
Epoch 10200/20000 | Train Loss 0.036559
Epoch 10201/20000 | Train Loss 0.036180
Epoch 10202/20000 | Train Loss 0.025306
Epoch 10203/20000 | Train Loss 0.025199
Epoch 10204/20000 | Train Loss 0.023542
Epoch 10205/20000 | Train Loss 0.036028
Epoch 10206/20000 | Train Loss 0.034963
Epoch 10207/20000 | Train Loss 0.028108
Epoch 10208/20000 | Train Loss 0.029047
Epoch 10209/20000 | Train Loss 0.020565
Epoch 10210/20000 | Train Loss 0.032634
Epoch 10211/20000 | Train Loss 0.020636
Epoch 10212/20000 | Train Loss 0.020770
Epoch 10213/20000 | Train Loss 0.027624
Epoch 10214/20000 | Train Loss 0.029482
Epoch 10215/20000 | Train Loss 0.028332
Epoch 10216/20000 | Train Loss 0.022429
Epoch 10217/20000 | Train Loss 0.029233
Epoch 10218/20000 | Train Loss 0.022271
Epoch 10219/20000 | Train Loss 0.014323
Epoch 10220/20000 | Train Loss 0.029400
Epoch 10221/20000 | Train Loss 0.021153
Epoch 10222/20000 | Train Loss 0.041665
Epoch 10223/20000 | Train Loss 0.024952
Epoch 10224/20000 | Train Loss 0.021004
Epoch 10225/20000 | Train Loss 0.016055
Epoch 10226/20000 | Train Loss 0.012565
Epoch 10227/20000 | Train Loss 0.021402
Epoch 10228/20000 | Train Loss 0.032647
Epoch 10229/20000 | Train Loss 0.038867
Epoch 10230/20000 | Train Loss 0.037328
Epoch 10231/20000 | Train Loss 0.037311
Epoch 10232/20000 | Train Loss 0.032739
Epoch 10233/20000 | Train Loss 0.032980
Epoch 10234/20000 | Train Loss 0.032829
Epoch 10235/20000 | Train Loss 0.034656
Epoch 10236/20000 | Train Loss 0.021174
Epoch 10237/20000 | Train Loss 0.027420
Epoch 10238/20000 | Train Loss 0.030580
Epoch 10239/20000 | Train Loss 0.039279
Epoch 10240/20000 | Train Loss 0.039609
Epoch 10241/20000 | Train Loss 0.022971
Epoch 10242/20000 | Train Loss 0.019640
Epoch 10243/20000 | Train Loss 0.024879
Epoch 10244/20000 | Train Loss 0.022584
Epoch 10245/20000 | Train Loss 0.020448
Epoch 10246/20000 | Train Loss 0.012594
Epoch 10247/20000 | Train Loss 0.013606
Epoch 10248/20000 | Train Loss 0.016729
Epoch 10249/20000 | Train Loss 0.022213
Epoch 10250/20000 | Train Loss 0.036257
Epoch 10251/20000 | Train Loss 0.023929
Epoch 10252/20000 | Train Loss 0.022837
Epoch 10253/20000 | Train Loss 0.015486
Epoch 10254/20000 | Train Loss 0.020519
Epoch 10255/20000 | Train Loss 0.025548
Epoch 10256/20000 | Train Loss 0.021346
Epoch 10257/20000 | Train Loss 0.022414
Epoch 10258/20000 | Train Loss 0.026795
Epoch 10259/20000 | Train Loss 0.030820
Epoch 10260/20000 | Train Loss 0.025263
Epoch 10261/20000 | Train Loss 0.020892
Epoch 10262/20000 | Train Loss 0.016307
Epoch 10263/20000 | Train Loss 0.021935
Epoch 10264/20000 | Train Loss 0.027370
Epoch 10265/20000 | Train Loss 0.027062
Epoch 10266/20000 | Train Loss 0.018516
Epoch 10267/20000 | Train Loss 0.028064
Epoch 10268/20000 | Train Loss 0.032950
Epoch 10269/20000 | Train Loss 0.033720
Epoch 10270/20000 | Train Loss 0.028846
Epoch 10271/20000 | Train Loss 0.033448
Epoch 10272/20000 | Train Loss 0.026171
Epoch 10273/20000 | Train Loss 0.035683
Epoch 10274/20000 | Train Loss 0.035462
Epoch 10275/20000 | Train Loss 0.026494
Epoch 10276/20000 | Train Loss 0.031876
Epoch 10277/20000 | Train Loss 0.024169
Epoch 10278/20000 | Train Loss 0.028775
Epoch 10279/20000 | Train Loss 0.046477
Epoch 10280/20000 | Train Loss 0.035814
Epoch 10281/20000 | Train Loss 0.033884
Epoch 10282/20000 | Train Loss 0.030691
Epoch 10283/20000 | Train Loss 0.028822
Epoch 10284/20000 | Train Loss 0.024845
Epoch 10285/20000 | Train Loss 0.020665
Epoch 10286/20000 | Train Loss 0.018920
Epoch 10287/20000 | Train Loss 0.017459
Epoch 10288/20000 | Train Loss 0.015089
Epoch 10289/20000 | Train Loss 0.017511
Epoch 10290/20000 | Train Loss 0.017794
Epoch 10291/20000 | Train Loss 0.017145
Epoch 10292/20000 | Train Loss 0.011655
Epoch 10293/20000 | Train Loss 0.012831
Epoch 10294/20000 | Train Loss 0.014765
Epoch 10295/20000 | Train Loss 0.021411
Epoch 10296/20000 | Train Loss 0.019922
Epoch 10297/20000 | Train Loss 0.017852
Epoch 10298/20000 | Train Loss 0.030731
Epoch 10299/20000 | Train Loss 0.030391
Epoch 10300/20000 | Train Loss 0.021121
Epoch 10301/20000 | Train Loss 0.027643
Epoch 10302/20000 | Train Loss 0.036007
Epoch 10303/20000 | Train Loss 0.048838
Epoch 10304/20000 | Train Loss 0.052021
Epoch 10305/20000 | Train Loss 0.028439
Epoch 10306/20000 | Train Loss 0.017354
Epoch 10307/20000 | Train Loss 0.026268
Epoch 10308/20000 | Train Loss 0.019547
Epoch 10309/20000 | Train Loss 0.028523
Epoch 10310/20000 | Train Loss 0.025854
Epoch 10311/20000 | Train Loss 0.024914
Epoch 10312/20000 | Train Loss 0.027015
Epoch 10313/20000 | Train Loss 0.029599
Epoch 10314/20000 | Train Loss 0.025876
Epoch 10315/20000 | Train Loss 0.020555
Epoch 10316/20000 | Train Loss 0.019338
Epoch 10317/20000 | Train Loss 0.021929
Epoch 10318/20000 | Train Loss 0.025976
Epoch 10319/20000 | Train Loss 0.022268
Epoch 10320/20000 | Train Loss 0.015020
Epoch 10321/20000 | Train Loss 0.012795
Epoch 10322/20000 | Train Loss 0.015801
Epoch 10323/20000 | Train Loss 0.014525
Epoch 10324/20000 | Train Loss 0.016041
Epoch 10325/20000 | Train Loss 0.015955
Epoch 10326/20000 | Train Loss 0.015839
Epoch 10327/20000 | Train Loss 0.020117
Epoch 10328/20000 | Train Loss 0.017308
Epoch 10329/20000 | Train Loss 0.021526
Epoch 10330/20000 | Train Loss 0.027727
Epoch 10331/20000 | Train Loss 0.028635
Epoch 10332/20000 | Train Loss 0.025417
Epoch 10333/20000 | Train Loss 0.030298
Epoch 10334/20000 | Train Loss 0.027566
Epoch 10335/20000 | Train Loss 0.018172
Epoch 10336/20000 | Train Loss 0.025311
Epoch 10337/20000 | Train Loss 0.020518
Epoch 10338/20000 | Train Loss 0.020848
Epoch 10339/20000 | Train Loss 0.018241
Epoch 10340/20000 | Train Loss 0.015128
Epoch 10341/20000 | Train Loss 0.017000
Epoch 10342/20000 | Train Loss 0.017505
Epoch 10343/20000 | Train Loss 0.016252
Epoch 10344/20000 | Train Loss 0.020307
Epoch 10345/20000 | Train Loss 0.020357
Epoch 10346/20000 | Train Loss 0.026479
Epoch 10347/20000 | Train Loss 0.038176
Epoch 10348/20000 | Train Loss 0.036122
Epoch 10349/20000 | Train Loss 0.029643
Epoch 10350/20000 | Train Loss 0.029765
Epoch 10351/20000 | Train Loss 0.023345
Epoch 10352/20000 | Train Loss 0.057725
Epoch 10353/20000 | Train Loss 0.079756
Epoch 10354/20000 | Train Loss 0.056162
Epoch 10355/20000 | Train Loss 0.048128
Epoch 10356/20000 | Train Loss 0.032667
Epoch 10357/20000 | Train Loss 0.031844
Epoch 10358/20000 | Train Loss 0.030079
Epoch 10359/20000 | Train Loss 0.019595
Epoch 10360/20000 | Train Loss 0.022774
Epoch 10361/20000 | Train Loss 0.026368
Epoch 10362/20000 | Train Loss 0.027928
Epoch 10363/20000 | Train Loss 0.017885
Epoch 10364/20000 | Train Loss 0.024549
Epoch 10365/20000 | Train Loss 0.023364
Epoch 10366/20000 | Train Loss 0.027772
Epoch 10367/20000 | Train Loss 0.016270
Epoch 10368/20000 | Train Loss 0.023992
Epoch 10369/20000 | Train Loss 0.014305
Epoch 10370/20000 | Train Loss 0.019079
Epoch 10371/20000 | Train Loss 0.013415
Epoch 10372/20000 | Train Loss 0.014878
Epoch 10373/20000 | Train Loss 0.014953
Epoch 10374/20000 | Train Loss 0.019216
Epoch 10375/20000 | Train Loss 0.015935
Epoch 10376/20000 | Train Loss 0.020695
Epoch 10377/20000 | Train Loss 0.014343
Epoch 10378/20000 | Train Loss 0.014016
Epoch 10379/20000 | Train Loss 0.015512
Epoch 10380/20000 | Train Loss 0.020578
Epoch 10381/20000 | Train Loss 0.030374
Epoch 10382/20000 | Train Loss 0.022698
Epoch 10383/20000 | Train Loss 0.022854
Epoch 10384/20000 | Train Loss 0.021738
Epoch 10385/20000 | Train Loss 0.035681
Epoch 10386/20000 | Train Loss 0.025390
Epoch 10387/20000 | Train Loss 0.027804
Epoch 10388/20000 | Train Loss 0.020171
Epoch 10389/20000 | Train Loss 0.025261
Epoch 10390/20000 | Train Loss 0.029463
Epoch 10391/20000 | Train Loss 0.043152
Epoch 10392/20000 | Train Loss 0.025110
Epoch 10393/20000 | Train Loss 0.020929
Epoch 10394/20000 | Train Loss 0.021745
Epoch 10395/20000 | Train Loss 0.019914
Epoch 10396/20000 | Train Loss 0.023503
Epoch 10397/20000 | Train Loss 0.013493
Epoch 10398/20000 | Train Loss 0.013677
Epoch 10399/20000 | Train Loss 0.020486
Epoch 10400/20000 | Train Loss 0.014515
Epoch 10401/20000 | Train Loss 0.015143
Epoch 10402/20000 | Train Loss 0.012346
Epoch 10403/20000 | Train Loss 0.018200
Epoch 10404/20000 | Train Loss 0.016917
Epoch 10405/20000 | Train Loss 0.017559
Epoch 10406/20000 | Train Loss 0.013682
Epoch 10407/20000 | Train Loss 0.018540
Epoch 10408/20000 | Train Loss 0.026199
Epoch 10409/20000 | Train Loss 0.023622
Epoch 10410/20000 | Train Loss 0.039241
Epoch 10411/20000 | Train Loss 0.022041
Epoch 10412/20000 | Train Loss 0.033520
Epoch 10413/20000 | Train Loss 0.089824
Epoch 10414/20000 | Train Loss 0.267685
Epoch 10415/20000 | Train Loss 0.147922
Epoch 10416/20000 | Train Loss 0.127185
Epoch 10417/20000 | Train Loss 0.072610
Epoch 10418/20000 | Train Loss 0.064035
Epoch 10419/20000 | Train Loss 0.059890
Epoch 10420/20000 | Train Loss 0.039063
Epoch 10421/20000 | Train Loss 0.035859
Epoch 10422/20000 | Train Loss 0.039645
Epoch 10423/20000 | Train Loss 0.034459
Epoch 10424/20000 | Train Loss 0.032724
Epoch 10425/20000 | Train Loss 0.028850
Epoch 10426/20000 | Train Loss 0.024885
Epoch 10427/20000 | Train Loss 0.020869
Epoch 10428/20000 | Train Loss 0.018920
Epoch 10429/20000 | Train Loss 0.025119
Epoch 10430/20000 | Train Loss 0.031937
Epoch 10431/20000 | Train Loss 0.023778
Epoch 10432/20000 | Train Loss 0.024965
Epoch 10433/20000 | Train Loss 0.015051
Epoch 10434/20000 | Train Loss 0.018938
Epoch 10435/20000 | Train Loss 0.018392
Epoch 10436/20000 | Train Loss 0.030436
Epoch 10437/20000 | Train Loss 0.018631
Epoch 10438/20000 | Train Loss 0.027865
Epoch 10439/20000 | Train Loss 0.018014
Epoch 10440/20000 | Train Loss 0.015266
Epoch 10441/20000 | Train Loss 0.017663
Epoch 10442/20000 | Train Loss 0.017202
Epoch 10443/20000 | Train Loss 0.021802
Epoch 10444/20000 | Train Loss 0.021082
Epoch 10445/20000 | Train Loss 0.016069
Epoch 10446/20000 | Train Loss 0.013434
Epoch 10447/20000 | Train Loss 0.014876
Epoch 10448/20000 | Train Loss 0.019281
Epoch 10449/20000 | Train Loss 0.025428
Epoch 10450/20000 | Train Loss 0.033065
Epoch 10451/20000 | Train Loss 0.034151
Epoch 10452/20000 | Train Loss 0.025644
Epoch 10453/20000 | Train Loss 0.030293
Epoch 10454/20000 | Train Loss 0.016442
Epoch 10455/20000 | Train Loss 0.016769
Epoch 10456/20000 | Train Loss 0.023802
Epoch 10457/20000 | Train Loss 0.017296
Epoch 10458/20000 | Train Loss 0.019937
Epoch 10459/20000 | Train Loss 0.028899
Epoch 10460/20000 | Train Loss 0.026049
Epoch 10461/20000 | Train Loss 0.023361
Epoch 10462/20000 | Train Loss 0.022684
Epoch 10463/20000 | Train Loss 0.021488
Epoch 10464/20000 | Train Loss 0.018188
Epoch 10465/20000 | Train Loss 0.019351
Epoch 10466/20000 | Train Loss 0.015269
Epoch 10467/20000 | Train Loss 0.018942
Epoch 10468/20000 | Train Loss 0.014192
Epoch 10469/20000 | Train Loss 0.015477
Epoch 10470/20000 | Train Loss 0.022568
Epoch 10471/20000 | Train Loss 0.026477
Epoch 10472/20000 | Train Loss 0.037453
Epoch 10473/20000 | Train Loss 0.044682
Epoch 10474/20000 | Train Loss 0.034532
Epoch 10475/20000 | Train Loss 0.025364
Epoch 10476/20000 | Train Loss 0.028923
Epoch 10477/20000 | Train Loss 0.018349
Epoch 10478/20000 | Train Loss 0.016252
Epoch 10479/20000 | Train Loss 0.023402
Epoch 10480/20000 | Train Loss 0.018882
Epoch 10481/20000 | Train Loss 0.014847
Epoch 10482/20000 | Train Loss 0.015152
Epoch 10483/20000 | Train Loss 0.018110
Epoch 10484/20000 | Train Loss 0.020571
Epoch 10485/20000 | Train Loss 0.020114
Epoch 10486/20000 | Train Loss 0.015462
Epoch 10487/20000 | Train Loss 0.012326
Epoch 10488/20000 | Train Loss 0.017088
Epoch 10489/20000 | Train Loss 0.014821
Epoch 10490/20000 | Train Loss 0.016238
Epoch 10491/20000 | Train Loss 0.018325
Epoch 10492/20000 | Train Loss 0.021356
Epoch 10493/20000 | Train Loss 0.022343
Epoch 10494/20000 | Train Loss 0.018657
Epoch 10495/20000 | Train Loss 0.013096
Epoch 10496/20000 | Train Loss 0.018082
Epoch 10497/20000 | Train Loss 0.018649
Epoch 10498/20000 | Train Loss 0.020358
Epoch 10499/20000 | Train Loss 0.032667
Epoch 10500/20000 | Train Loss 0.014715
  --> Checkpoint saved at epoch 10500.
Epoch 10501/20000 | Train Loss 0.018262
Epoch 10502/20000 | Train Loss 0.015439
Epoch 10503/20000 | Train Loss 0.018440
Epoch 10504/20000 | Train Loss 0.039641
Epoch 10505/20000 | Train Loss 0.061459
Epoch 10506/20000 | Train Loss 0.037228
Epoch 10507/20000 | Train Loss 0.026659
Epoch 10508/20000 | Train Loss 0.030567
Epoch 10509/20000 | Train Loss 0.020873
Epoch 10510/20000 | Train Loss 0.025758
Epoch 10511/20000 | Train Loss 0.031665
Epoch 10512/20000 | Train Loss 0.041395
Epoch 10513/20000 | Train Loss 0.035087
Epoch 10514/20000 | Train Loss 0.024893
Epoch 10515/20000 | Train Loss 0.020790
Epoch 10516/20000 | Train Loss 0.022528
Epoch 10517/20000 | Train Loss 0.013805
Epoch 10518/20000 | Train Loss 0.012612
Epoch 10519/20000 | Train Loss 0.012961
Epoch 10520/20000 | Train Loss 0.022612
Epoch 10521/20000 | Train Loss 0.024204
Epoch 10522/20000 | Train Loss 0.021589
Epoch 10523/20000 | Train Loss 0.025946
Epoch 10524/20000 | Train Loss 0.024344
Epoch 10525/20000 | Train Loss 0.021952
Epoch 10526/20000 | Train Loss 0.025360
Epoch 10527/20000 | Train Loss 0.022505
Epoch 10528/20000 | Train Loss 0.027272
Epoch 10529/20000 | Train Loss 0.018151
Epoch 10530/20000 | Train Loss 0.023526
Epoch 10531/20000 | Train Loss 0.026704
Epoch 10532/20000 | Train Loss 0.025421
Epoch 10533/20000 | Train Loss 0.019086
Epoch 10534/20000 | Train Loss 0.023368
Epoch 10535/20000 | Train Loss 0.021665
Epoch 10536/20000 | Train Loss 0.022013
Epoch 10537/20000 | Train Loss 0.022212
Epoch 10538/20000 | Train Loss 0.015876
Epoch 10539/20000 | Train Loss 0.027861
Epoch 10540/20000 | Train Loss 0.020631
Epoch 10541/20000 | Train Loss 0.021815
Epoch 10542/20000 | Train Loss 0.017490
Epoch 10543/20000 | Train Loss 0.017919
Epoch 10544/20000 | Train Loss 0.016158
Epoch 10545/20000 | Train Loss 0.009215
Epoch 10546/20000 | Train Loss 0.017544
Epoch 10547/20000 | Train Loss 0.022513
Epoch 10548/20000 | Train Loss 0.023787
Epoch 10549/20000 | Train Loss 0.019634
Epoch 10550/20000 | Train Loss 0.011300
Epoch 10551/20000 | Train Loss 0.019227
Epoch 10552/20000 | Train Loss 0.020507
Epoch 10553/20000 | Train Loss 0.020220
Epoch 10554/20000 | Train Loss 0.021206
Epoch 10555/20000 | Train Loss 0.033269
Epoch 10556/20000 | Train Loss 0.025010
Epoch 10557/20000 | Train Loss 0.028457
Epoch 10558/20000 | Train Loss 0.025501
Epoch 10559/20000 | Train Loss 0.026503
Epoch 10560/20000 | Train Loss 0.028733
Epoch 10561/20000 | Train Loss 0.038119
Epoch 10562/20000 | Train Loss 0.055841
Epoch 10563/20000 | Train Loss 0.142336
Epoch 10564/20000 | Train Loss 0.190427
Epoch 10565/20000 | Train Loss 0.210751
Epoch 10566/20000 | Train Loss 0.102065
Epoch 10567/20000 | Train Loss 0.091219
Epoch 10568/20000 | Train Loss 0.071266
Epoch 10569/20000 | Train Loss 0.071795
Epoch 10570/20000 | Train Loss 0.043197
Epoch 10571/20000 | Train Loss 0.038577
Epoch 10572/20000 | Train Loss 0.049089
Epoch 10573/20000 | Train Loss 0.037824
Epoch 10574/20000 | Train Loss 0.037782
Epoch 10575/20000 | Train Loss 0.024202
Epoch 10576/20000 | Train Loss 0.021710
Epoch 10577/20000 | Train Loss 0.023492
Epoch 10578/20000 | Train Loss 0.017934
Epoch 10579/20000 | Train Loss 0.019988
Epoch 10580/20000 | Train Loss 0.018149
Epoch 10581/20000 | Train Loss 0.015312
Epoch 10582/20000 | Train Loss 0.020213
Epoch 10583/20000 | Train Loss 0.016830
Epoch 10584/20000 | Train Loss 0.017447
Epoch 10585/20000 | Train Loss 0.022769
Epoch 10586/20000 | Train Loss 0.022857
Epoch 10587/20000 | Train Loss 0.025733
Epoch 10588/20000 | Train Loss 0.030615
Epoch 10589/20000 | Train Loss 0.024846
Epoch 10590/20000 | Train Loss 0.018461
Epoch 10591/20000 | Train Loss 0.025327
Epoch 10592/20000 | Train Loss 0.020144
Epoch 10593/20000 | Train Loss 0.022247
Epoch 10594/20000 | Train Loss 0.015458
Epoch 10595/20000 | Train Loss 0.020634
Epoch 10596/20000 | Train Loss 0.015674
Epoch 10597/20000 | Train Loss 0.027631
Epoch 10598/20000 | Train Loss 0.018050
Epoch 10599/20000 | Train Loss 0.016090
Epoch 10600/20000 | Train Loss 0.015020
Epoch 10601/20000 | Train Loss 0.019297
Epoch 10602/20000 | Train Loss 0.016233
Epoch 10603/20000 | Train Loss 0.020918
Epoch 10604/20000 | Train Loss 0.027715
Epoch 10605/20000 | Train Loss 0.025159
Epoch 10606/20000 | Train Loss 0.019049
Epoch 10607/20000 | Train Loss 0.015894
Epoch 10608/20000 | Train Loss 0.019347
Epoch 10609/20000 | Train Loss 0.023442
Epoch 10610/20000 | Train Loss 0.029289
Epoch 10611/20000 | Train Loss 0.022372
Epoch 10612/20000 | Train Loss 0.019122
Epoch 10613/20000 | Train Loss 0.016471
Epoch 10614/20000 | Train Loss 0.017371
Epoch 10615/20000 | Train Loss 0.024118
Epoch 10616/20000 | Train Loss 0.023762
Epoch 10617/20000 | Train Loss 0.016159
Epoch 10618/20000 | Train Loss 0.018501
Epoch 10619/20000 | Train Loss 0.026867
Epoch 10620/20000 | Train Loss 0.023941
Epoch 10621/20000 | Train Loss 0.017254
Epoch 10622/20000 | Train Loss 0.018129
Epoch 10623/20000 | Train Loss 0.019452
Epoch 10624/20000 | Train Loss 0.019461
Epoch 10625/20000 | Train Loss 0.016473
Epoch 10626/20000 | Train Loss 0.021377
Epoch 10627/20000 | Train Loss 0.014779
Epoch 10628/20000 | Train Loss 0.015194
Epoch 10629/20000 | Train Loss 0.012450
Epoch 10630/20000 | Train Loss 0.013011
Epoch 10631/20000 | Train Loss 0.014865
Epoch 10632/20000 | Train Loss 0.025030
Epoch 10633/20000 | Train Loss 0.014417
Epoch 10634/20000 | Train Loss 0.013500
Epoch 10635/20000 | Train Loss 0.017463
Epoch 10636/20000 | Train Loss 0.014530
Epoch 10637/20000 | Train Loss 0.019229
Epoch 10638/20000 | Train Loss 0.014660
Epoch 10639/20000 | Train Loss 0.020285
Epoch 10640/20000 | Train Loss 0.021224
Epoch 10641/20000 | Train Loss 0.028191
Epoch 10642/20000 | Train Loss 0.028072
Epoch 10643/20000 | Train Loss 0.025529
Epoch 10644/20000 | Train Loss 0.026511
Epoch 10645/20000 | Train Loss 0.022269
Epoch 10646/20000 | Train Loss 0.024340
Epoch 10647/20000 | Train Loss 0.016590
Epoch 10648/20000 | Train Loss 0.020476
Epoch 10649/20000 | Train Loss 0.020797
Epoch 10650/20000 | Train Loss 0.025211
Epoch 10651/20000 | Train Loss 0.024286
Epoch 10652/20000 | Train Loss 0.020913
Epoch 10653/20000 | Train Loss 0.019447
Epoch 10654/20000 | Train Loss 0.020416
Epoch 10655/20000 | Train Loss 0.021131
Epoch 10656/20000 | Train Loss 0.026315
Epoch 10657/20000 | Train Loss 0.030209
Epoch 10658/20000 | Train Loss 0.028561
Epoch 10659/20000 | Train Loss 0.023554
Epoch 10660/20000 | Train Loss 0.020812
Epoch 10661/20000 | Train Loss 0.019896
Epoch 10662/20000 | Train Loss 0.013586
Epoch 10663/20000 | Train Loss 0.019917
Epoch 10664/20000 | Train Loss 0.019508
Epoch 10665/20000 | Train Loss 0.018749
Epoch 10666/20000 | Train Loss 0.018526
Epoch 10667/20000 | Train Loss 0.021124
Epoch 10668/20000 | Train Loss 0.021802
Epoch 10669/20000 | Train Loss 0.032699
Epoch 10670/20000 | Train Loss 0.058584
Epoch 10671/20000 | Train Loss 0.049194
Epoch 10672/20000 | Train Loss 0.027841
Epoch 10673/20000 | Train Loss 0.022072
Epoch 10674/20000 | Train Loss 0.017387
Epoch 10675/20000 | Train Loss 0.026609
Epoch 10676/20000 | Train Loss 0.017397
Epoch 10677/20000 | Train Loss 0.012177
Epoch 10678/20000 | Train Loss 0.022773
Epoch 10679/20000 | Train Loss 0.014514
Epoch 10680/20000 | Train Loss 0.019627
Epoch 10681/20000 | Train Loss 0.022144
Epoch 10682/20000 | Train Loss 0.024180
Epoch 10683/20000 | Train Loss 0.032384
Epoch 10684/20000 | Train Loss 0.064574
Epoch 10685/20000 | Train Loss 0.071014
Epoch 10686/20000 | Train Loss 0.046936
Epoch 10687/20000 | Train Loss 0.045041
Epoch 10688/20000 | Train Loss 0.034646
Epoch 10689/20000 | Train Loss 0.025987
Epoch 10690/20000 | Train Loss 0.029921
Epoch 10691/20000 | Train Loss 0.042702
Epoch 10692/20000 | Train Loss 0.033180
Epoch 10693/20000 | Train Loss 0.059639
Epoch 10694/20000 | Train Loss 0.059172
Epoch 10695/20000 | Train Loss 0.061751
Epoch 10696/20000 | Train Loss 0.032795
Epoch 10697/20000 | Train Loss 0.040834
Epoch 10698/20000 | Train Loss 0.024942
Epoch 10699/20000 | Train Loss 0.031914
Epoch 10700/20000 | Train Loss 0.028048
Epoch 10701/20000 | Train Loss 0.030209
Epoch 10702/20000 | Train Loss 0.030537
Epoch 10703/20000 | Train Loss 0.020007
Epoch 10704/20000 | Train Loss 0.023017
Epoch 10705/20000 | Train Loss 0.020546
Epoch 10706/20000 | Train Loss 0.018261
Epoch 10707/20000 | Train Loss 0.016949
Epoch 10708/20000 | Train Loss 0.015581
Epoch 10709/20000 | Train Loss 0.028230
Epoch 10710/20000 | Train Loss 0.020847
Epoch 10711/20000 | Train Loss 0.025324
Epoch 10712/20000 | Train Loss 0.035867
Epoch 10713/20000 | Train Loss 0.021833
Epoch 10714/20000 | Train Loss 0.017106
Epoch 10715/20000 | Train Loss 0.016674
Epoch 10716/20000 | Train Loss 0.017917
Epoch 10717/20000 | Train Loss 0.015682
Epoch 10718/20000 | Train Loss 0.018902
Epoch 10719/20000 | Train Loss 0.017428
Epoch 10720/20000 | Train Loss 0.022835
Epoch 10721/20000 | Train Loss 0.020956
Epoch 10722/20000 | Train Loss 0.028564
Epoch 10723/20000 | Train Loss 0.015059
Epoch 10724/20000 | Train Loss 0.018250
Epoch 10725/20000 | Train Loss 0.019745
Epoch 10726/20000 | Train Loss 0.019166
Epoch 10727/20000 | Train Loss 0.013933
Epoch 10728/20000 | Train Loss 0.016745
Epoch 10729/20000 | Train Loss 0.017094
Epoch 10730/20000 | Train Loss 0.018929
Epoch 10731/20000 | Train Loss 0.017576
Epoch 10732/20000 | Train Loss 0.015866
Epoch 10733/20000 | Train Loss 0.024369
Epoch 10734/20000 | Train Loss 0.015567
Epoch 10735/20000 | Train Loss 0.015196
Epoch 10736/20000 | Train Loss 0.013104
Epoch 10737/20000 | Train Loss 0.016696
Epoch 10738/20000 | Train Loss 0.017360
Epoch 10739/20000 | Train Loss 0.013816
Epoch 10740/20000 | Train Loss 0.015166
Epoch 10741/20000 | Train Loss 0.017332
Epoch 10742/20000 | Train Loss 0.019967
Epoch 10743/20000 | Train Loss 0.016055
Epoch 10744/20000 | Train Loss 0.020217
Epoch 10745/20000 | Train Loss 0.017325
Epoch 10746/20000 | Train Loss 0.023303
Epoch 10747/20000 | Train Loss 0.020134
Epoch 10748/20000 | Train Loss 0.025543
Epoch 10749/20000 | Train Loss 0.022671
Epoch 10750/20000 | Train Loss 0.020585
Epoch 10751/20000 | Train Loss 0.019794
Epoch 10752/20000 | Train Loss 0.015895
Epoch 10753/20000 | Train Loss 0.019849
Epoch 10754/20000 | Train Loss 0.016719
Epoch 10755/20000 | Train Loss 0.020492
Epoch 10756/20000 | Train Loss 0.021868
Epoch 10757/20000 | Train Loss 0.022602
Epoch 10758/20000 | Train Loss 0.029709
Epoch 10759/20000 | Train Loss 0.023893
Epoch 10760/20000 | Train Loss 0.024679
Epoch 10761/20000 | Train Loss 0.020125
Epoch 10762/20000 | Train Loss 0.025351
Epoch 10763/20000 | Train Loss 0.021064
Epoch 10764/20000 | Train Loss 0.022557
Epoch 10765/20000 | Train Loss 0.025012
Epoch 10766/20000 | Train Loss 0.019460
Epoch 10767/20000 | Train Loss 0.019001
Epoch 10768/20000 | Train Loss 0.026586
Epoch 10769/20000 | Train Loss 0.030626
Epoch 10770/20000 | Train Loss 0.032937
Epoch 10771/20000 | Train Loss 0.024396
Epoch 10772/20000 | Train Loss 0.027776
Epoch 10773/20000 | Train Loss 0.026020
Epoch 10774/20000 | Train Loss 0.029806
Epoch 10775/20000 | Train Loss 0.031134
Epoch 10776/20000 | Train Loss 0.034387
Epoch 10777/20000 | Train Loss 0.025831
Epoch 10778/20000 | Train Loss 0.033580
Epoch 10779/20000 | Train Loss 0.018051
Epoch 10780/20000 | Train Loss 0.020533
Epoch 10781/20000 | Train Loss 0.022195
Epoch 10782/20000 | Train Loss 0.018763
Epoch 10783/20000 | Train Loss 0.016627
Epoch 10784/20000 | Train Loss 0.022429
Epoch 10785/20000 | Train Loss 0.016521
Epoch 10786/20000 | Train Loss 0.014545
Epoch 10787/20000 | Train Loss 0.019376
Epoch 10788/20000 | Train Loss 0.021264
Epoch 10789/20000 | Train Loss 0.025009
Epoch 10790/20000 | Train Loss 0.022210
Epoch 10791/20000 | Train Loss 0.019141
Epoch 10792/20000 | Train Loss 0.018555
Epoch 10793/20000 | Train Loss 0.016773
Epoch 10794/20000 | Train Loss 0.018363
Epoch 10795/20000 | Train Loss 0.016910
Epoch 10796/20000 | Train Loss 0.028744
Epoch 10797/20000 | Train Loss 0.022593
Epoch 10798/20000 | Train Loss 0.019875
Epoch 10799/20000 | Train Loss 0.019076
Epoch 10800/20000 | Train Loss 0.020901
Epoch 10801/20000 | Train Loss 0.015079
Epoch 10802/20000 | Train Loss 0.016731
Epoch 10803/20000 | Train Loss 0.016658
Epoch 10804/20000 | Train Loss 0.015715
Epoch 10805/20000 | Train Loss 0.016734
Epoch 10806/20000 | Train Loss 0.019042
Epoch 10807/20000 | Train Loss 0.017888
Epoch 10808/20000 | Train Loss 0.023517
Epoch 10809/20000 | Train Loss 0.026830
Epoch 10810/20000 | Train Loss 0.021983
Epoch 10811/20000 | Train Loss 0.025211
Epoch 10812/20000 | Train Loss 0.020709
Epoch 10813/20000 | Train Loss 0.028978
Epoch 10814/20000 | Train Loss 0.029431
Epoch 10815/20000 | Train Loss 0.025779
Epoch 10816/20000 | Train Loss 0.030705
Epoch 10817/20000 | Train Loss 0.028116
Epoch 10818/20000 | Train Loss 0.020472
Epoch 10819/20000 | Train Loss 0.019619
Epoch 10820/20000 | Train Loss 0.019004
Epoch 10821/20000 | Train Loss 0.018073
Epoch 10822/20000 | Train Loss 0.015271
Epoch 10823/20000 | Train Loss 0.016685
Epoch 10824/20000 | Train Loss 0.021936
Epoch 10825/20000 | Train Loss 0.017817
Epoch 10826/20000 | Train Loss 0.019953
Epoch 10827/20000 | Train Loss 0.019763
Epoch 10828/20000 | Train Loss 0.015871
Epoch 10829/20000 | Train Loss 0.021439
Epoch 10830/20000 | Train Loss 0.013777
Epoch 10831/20000 | Train Loss 0.013426
Epoch 10832/20000 | Train Loss 0.017227
Epoch 10833/20000 | Train Loss 0.022520
Epoch 10834/20000 | Train Loss 0.018786
Epoch 10835/20000 | Train Loss 0.018667
Epoch 10836/20000 | Train Loss 0.017395
Epoch 10837/20000 | Train Loss 0.021560
Epoch 10838/20000 | Train Loss 0.033445
Epoch 10839/20000 | Train Loss 0.021732
Epoch 10840/20000 | Train Loss 0.023385
Epoch 10841/20000 | Train Loss 0.027987
Epoch 10842/20000 | Train Loss 0.025230
Epoch 10843/20000 | Train Loss 0.016262
Epoch 10844/20000 | Train Loss 0.020432
Epoch 10845/20000 | Train Loss 0.018338
Epoch 10846/20000 | Train Loss 0.018991
Epoch 10847/20000 | Train Loss 0.014942
Epoch 10848/20000 | Train Loss 0.021507
Epoch 10849/20000 | Train Loss 0.021238
Epoch 10850/20000 | Train Loss 0.018885
Epoch 10851/20000 | Train Loss 0.014605
Epoch 10852/20000 | Train Loss 0.024349
Epoch 10853/20000 | Train Loss 0.017864
Epoch 10854/20000 | Train Loss 0.022165
Epoch 10855/20000 | Train Loss 0.036077
Epoch 10856/20000 | Train Loss 0.054983
Epoch 10857/20000 | Train Loss 0.044119
Epoch 10858/20000 | Train Loss 0.047941
Epoch 10859/20000 | Train Loss 0.019946
Epoch 10860/20000 | Train Loss 0.026808
Epoch 10861/20000 | Train Loss 0.016088
Epoch 10862/20000 | Train Loss 0.014280
Epoch 10863/20000 | Train Loss 0.015002
Epoch 10864/20000 | Train Loss 0.016432
Epoch 10865/20000 | Train Loss 0.023155
Epoch 10866/20000 | Train Loss 0.024434
Epoch 10867/20000 | Train Loss 0.024666
Epoch 10868/20000 | Train Loss 0.017403
Epoch 10869/20000 | Train Loss 0.016093
Epoch 10870/20000 | Train Loss 0.024979
Epoch 10871/20000 | Train Loss 0.024725
Epoch 10872/20000 | Train Loss 0.020759
Epoch 10873/20000 | Train Loss 0.014245
Epoch 10874/20000 | Train Loss 0.014918
Epoch 10875/20000 | Train Loss 0.017375
Epoch 10876/20000 | Train Loss 0.016143
Epoch 10877/20000 | Train Loss 0.019129
Epoch 10878/20000 | Train Loss 0.015807
Epoch 10879/20000 | Train Loss 0.016531
Epoch 10880/20000 | Train Loss 0.026843
Epoch 10881/20000 | Train Loss 0.030804
Epoch 10882/20000 | Train Loss 0.038577
Epoch 10883/20000 | Train Loss 0.023855
Epoch 10884/20000 | Train Loss 0.023535
Epoch 10885/20000 | Train Loss 0.028311
Epoch 10886/20000 | Train Loss 0.026539
Epoch 10887/20000 | Train Loss 0.033577
Epoch 10888/20000 | Train Loss 0.036193
Epoch 10889/20000 | Train Loss 0.033693
Epoch 10890/20000 | Train Loss 0.028089
Epoch 10891/20000 | Train Loss 0.027909
Epoch 10892/20000 | Train Loss 0.023781
Epoch 10893/20000 | Train Loss 0.018923
Epoch 10894/20000 | Train Loss 0.019946
Epoch 10895/20000 | Train Loss 0.017460
Epoch 10896/20000 | Train Loss 0.018243
Epoch 10897/20000 | Train Loss 0.013476
Epoch 10898/20000 | Train Loss 0.010874
Epoch 10899/20000 | Train Loss 0.012234
Epoch 10900/20000 | Train Loss 0.018296
Epoch 10901/20000 | Train Loss 0.017754
Epoch 10902/20000 | Train Loss 0.013896
Epoch 10903/20000 | Train Loss 0.028273
Epoch 10904/20000 | Train Loss 0.015136
Epoch 10905/20000 | Train Loss 0.016719
Epoch 10906/20000 | Train Loss 0.016847
Epoch 10907/20000 | Train Loss 0.013423
Epoch 10908/20000 | Train Loss 0.019408
Epoch 10909/20000 | Train Loss 0.019575
Epoch 10910/20000 | Train Loss 0.016238
Epoch 10911/20000 | Train Loss 0.011621
Epoch 10912/20000 | Train Loss 0.018621
Epoch 10913/20000 | Train Loss 0.018091
Epoch 10914/20000 | Train Loss 0.017303
Epoch 10915/20000 | Train Loss 0.021355
Epoch 10916/20000 | Train Loss 0.029504
Epoch 10917/20000 | Train Loss 0.027912
Epoch 10918/20000 | Train Loss 0.021555
Epoch 10919/20000 | Train Loss 0.018766
Epoch 10920/20000 | Train Loss 0.025494
Epoch 10921/20000 | Train Loss 0.022418
Epoch 10922/20000 | Train Loss 0.024832
Epoch 10923/20000 | Train Loss 0.018628
Epoch 10924/20000 | Train Loss 0.027028
Epoch 10925/20000 | Train Loss 0.042188
Epoch 10926/20000 | Train Loss 0.045444
Epoch 10927/20000 | Train Loss 0.041159
Epoch 10928/20000 | Train Loss 0.021726
Epoch 10929/20000 | Train Loss 0.023320
Epoch 10930/20000 | Train Loss 0.011805
Epoch 10931/20000 | Train Loss 0.016083
Epoch 10932/20000 | Train Loss 0.013892
Epoch 10933/20000 | Train Loss 0.021530
Epoch 10934/20000 | Train Loss 0.020126
Epoch 10935/20000 | Train Loss 0.018902
Epoch 10936/20000 | Train Loss 0.015457
Epoch 10937/20000 | Train Loss 0.010122
Epoch 10938/20000 | Train Loss 0.013065
Epoch 10939/20000 | Train Loss 0.012134
Epoch 10940/20000 | Train Loss 0.018976
Epoch 10941/20000 | Train Loss 0.017121
Epoch 10942/20000 | Train Loss 0.023554
Epoch 10943/20000 | Train Loss 0.029013
Epoch 10944/20000 | Train Loss 0.033685
Epoch 10945/20000 | Train Loss 0.019008
Epoch 10946/20000 | Train Loss 0.019711
Epoch 10947/20000 | Train Loss 0.023033
Epoch 10948/20000 | Train Loss 0.019436
Epoch 10949/20000 | Train Loss 0.016294
Epoch 10950/20000 | Train Loss 0.019516
Epoch 10951/20000 | Train Loss 0.032194
Epoch 10952/20000 | Train Loss 0.028314
Epoch 10953/20000 | Train Loss 0.023041
Epoch 10954/20000 | Train Loss 0.023033
Epoch 10955/20000 | Train Loss 0.019076
Epoch 10956/20000 | Train Loss 0.019203
Epoch 10957/20000 | Train Loss 0.018259
Epoch 10958/20000 | Train Loss 0.015860
Epoch 10959/20000 | Train Loss 0.017525
Epoch 10960/20000 | Train Loss 0.018599
Epoch 10961/20000 | Train Loss 0.022973
Epoch 10962/20000 | Train Loss 0.022413
Epoch 10963/20000 | Train Loss 0.026083
Epoch 10964/20000 | Train Loss 0.031318
Epoch 10965/20000 | Train Loss 0.043317
Epoch 10966/20000 | Train Loss 0.053598
Epoch 10967/20000 | Train Loss 0.035426
Epoch 10968/20000 | Train Loss 0.021985
Epoch 10969/20000 | Train Loss 0.018885
Epoch 10970/20000 | Train Loss 0.019027
Epoch 10971/20000 | Train Loss 0.015015
Epoch 10972/20000 | Train Loss 0.019061
Epoch 10973/20000 | Train Loss 0.017503
Epoch 10974/20000 | Train Loss 0.022502
Epoch 10975/20000 | Train Loss 0.037820
Epoch 10976/20000 | Train Loss 0.043614
Epoch 10977/20000 | Train Loss 0.040974
Epoch 10978/20000 | Train Loss 0.035368
Epoch 10979/20000 | Train Loss 0.019338
Epoch 10980/20000 | Train Loss 0.025492
Epoch 10981/20000 | Train Loss 0.019232
Epoch 10982/20000 | Train Loss 0.021423
Epoch 10983/20000 | Train Loss 0.020149
Epoch 10984/20000 | Train Loss 0.016745
Epoch 10985/20000 | Train Loss 0.019911
Epoch 10986/20000 | Train Loss 0.020001
Epoch 10987/20000 | Train Loss 0.024142
Epoch 10988/20000 | Train Loss 0.029918
Epoch 10989/20000 | Train Loss 0.025295
Epoch 10990/20000 | Train Loss 0.031210
Epoch 10991/20000 | Train Loss 0.031411
Epoch 10992/20000 | Train Loss 0.026608
Epoch 10993/20000 | Train Loss 0.018309
Epoch 10994/20000 | Train Loss 0.019441
Epoch 10995/20000 | Train Loss 0.021285
Epoch 10996/20000 | Train Loss 0.019813
Epoch 10997/20000 | Train Loss 0.016174
Epoch 10998/20000 | Train Loss 0.017658
Epoch 10999/20000 | Train Loss 0.017238
Epoch 11000/20000 | Train Loss 0.019904
  --> Checkpoint saved at epoch 11000.
Epoch 11001/20000 | Train Loss 0.012479
Epoch 11002/20000 | Train Loss 0.014225
Epoch 11003/20000 | Train Loss 0.014875
Epoch 11004/20000 | Train Loss 0.019166
Epoch 11005/20000 | Train Loss 0.012611
Epoch 11006/20000 | Train Loss 0.016475
Epoch 11007/20000 | Train Loss 0.015077
Epoch 11008/20000 | Train Loss 0.014297
Epoch 11009/20000 | Train Loss 0.023521
Epoch 11010/20000 | Train Loss 0.025004
Epoch 11011/20000 | Train Loss 0.018120
Epoch 11012/20000 | Train Loss 0.019848
Epoch 11013/20000 | Train Loss 0.017592
Epoch 11014/20000 | Train Loss 0.024482
Epoch 11015/20000 | Train Loss 0.027273
Epoch 11016/20000 | Train Loss 0.027974
Epoch 11017/20000 | Train Loss 0.038114
Epoch 11018/20000 | Train Loss 0.049675
Epoch 11019/20000 | Train Loss 0.031655
Epoch 11020/20000 | Train Loss 0.028866
Epoch 11021/20000 | Train Loss 0.026269
Epoch 11022/20000 | Train Loss 0.032406
Epoch 11023/20000 | Train Loss 0.021948
Epoch 11024/20000 | Train Loss 0.024691
Epoch 11025/20000 | Train Loss 0.019621
Epoch 11026/20000 | Train Loss 0.021531
Epoch 11027/20000 | Train Loss 0.027923
Epoch 11028/20000 | Train Loss 0.025371
Epoch 11029/20000 | Train Loss 0.022265
Epoch 11030/20000 | Train Loss 0.022521
Epoch 11031/20000 | Train Loss 0.022755
Epoch 11032/20000 | Train Loss 0.016926
Epoch 11033/20000 | Train Loss 0.018316
Epoch 11034/20000 | Train Loss 0.016180
Epoch 11035/20000 | Train Loss 0.023100
Epoch 11036/20000 | Train Loss 0.014747
Epoch 11037/20000 | Train Loss 0.025178
Epoch 11038/20000 | Train Loss 0.029048
Epoch 11039/20000 | Train Loss 0.026266
Epoch 11040/20000 | Train Loss 0.031886
Epoch 11041/20000 | Train Loss 0.031974
Epoch 11042/20000 | Train Loss 0.022962
Epoch 11043/20000 | Train Loss 0.023916
Epoch 11044/20000 | Train Loss 0.016542
Epoch 11045/20000 | Train Loss 0.020635
Epoch 11046/20000 | Train Loss 0.018511
Epoch 11047/20000 | Train Loss 0.020264
Epoch 11048/20000 | Train Loss 0.017238
Epoch 11049/20000 | Train Loss 0.029443
Epoch 11050/20000 | Train Loss 0.041398
Epoch 11051/20000 | Train Loss 0.036284
Epoch 11052/20000 | Train Loss 0.019137
Epoch 11053/20000 | Train Loss 0.017102
Epoch 11054/20000 | Train Loss 0.020583
Epoch 11055/20000 | Train Loss 0.025301
Epoch 11056/20000 | Train Loss 0.023622
Epoch 11057/20000 | Train Loss 0.021137
Epoch 11058/20000 | Train Loss 0.022141
Epoch 11059/20000 | Train Loss 0.029482
Epoch 11060/20000 | Train Loss 0.029769
Epoch 11061/20000 | Train Loss 0.064685
Epoch 11062/20000 | Train Loss 0.112994
Epoch 11063/20000 | Train Loss 0.130759
Epoch 11064/20000 | Train Loss 0.082383
Epoch 11065/20000 | Train Loss 0.088730
Epoch 11066/20000 | Train Loss 0.074944
Epoch 11067/20000 | Train Loss 0.066665
Epoch 11068/20000 | Train Loss 0.041934
Epoch 11069/20000 | Train Loss 0.034031
Epoch 11070/20000 | Train Loss 0.033722
Epoch 11071/20000 | Train Loss 0.028600
Epoch 11072/20000 | Train Loss 0.031524
Epoch 11073/20000 | Train Loss 0.029393
Epoch 11074/20000 | Train Loss 0.025054
Epoch 11075/20000 | Train Loss 0.031660
Epoch 11076/20000 | Train Loss 0.026714
Epoch 11077/20000 | Train Loss 0.024212
Epoch 11078/20000 | Train Loss 0.033365
Epoch 11079/20000 | Train Loss 0.020589
Epoch 11080/20000 | Train Loss 0.018778
Epoch 11081/20000 | Train Loss 0.030250
Epoch 11082/20000 | Train Loss 0.025172
Epoch 11083/20000 | Train Loss 0.024350
Epoch 11084/20000 | Train Loss 0.018162
Epoch 11085/20000 | Train Loss 0.019797
Epoch 11086/20000 | Train Loss 0.019417
Epoch 11087/20000 | Train Loss 0.024111
Epoch 11088/20000 | Train Loss 0.031497
Epoch 11089/20000 | Train Loss 0.024580
Epoch 11090/20000 | Train Loss 0.021025
Epoch 11091/20000 | Train Loss 0.022467
Epoch 11092/20000 | Train Loss 0.021122
Epoch 11093/20000 | Train Loss 0.022284
Epoch 11094/20000 | Train Loss 0.014617
Epoch 11095/20000 | Train Loss 0.013626
Epoch 11096/20000 | Train Loss 0.019076
Epoch 11097/20000 | Train Loss 0.020633
Epoch 11098/20000 | Train Loss 0.020620
Epoch 11099/20000 | Train Loss 0.013573
Epoch 11100/20000 | Train Loss 0.018039
Epoch 11101/20000 | Train Loss 0.021825
Epoch 11102/20000 | Train Loss 0.027379
Epoch 11103/20000 | Train Loss 0.023395
Epoch 11104/20000 | Train Loss 0.016858
Epoch 11105/20000 | Train Loss 0.025764
Epoch 11106/20000 | Train Loss 0.018117
Epoch 11107/20000 | Train Loss 0.015217
Epoch 11108/20000 | Train Loss 0.013562
Epoch 11109/20000 | Train Loss 0.019374
Epoch 11110/20000 | Train Loss 0.020001
Epoch 11111/20000 | Train Loss 0.034029
Epoch 11112/20000 | Train Loss 0.029702
Epoch 11113/20000 | Train Loss 0.027703
Epoch 11114/20000 | Train Loss 0.025392
Epoch 11115/20000 | Train Loss 0.023841
Epoch 11116/20000 | Train Loss 0.021891
Epoch 11117/20000 | Train Loss 0.022095
Epoch 11118/20000 | Train Loss 0.025473
Epoch 11119/20000 | Train Loss 0.027783
Epoch 11120/20000 | Train Loss 0.031135
Epoch 11121/20000 | Train Loss 0.030131
Epoch 11122/20000 | Train Loss 0.048004
Epoch 11123/20000 | Train Loss 0.026703
Epoch 11124/20000 | Train Loss 0.019435
Epoch 11125/20000 | Train Loss 0.013430
Epoch 11126/20000 | Train Loss 0.011045
Epoch 11127/20000 | Train Loss 0.016976
Epoch 11128/20000 | Train Loss 0.013371
Epoch 11129/20000 | Train Loss 0.019660
Epoch 11130/20000 | Train Loss 0.017086
Epoch 11131/20000 | Train Loss 0.019352
Epoch 11132/20000 | Train Loss 0.013651
Epoch 11133/20000 | Train Loss 0.018214
Epoch 11134/20000 | Train Loss 0.017788
Epoch 11135/20000 | Train Loss 0.013810
Epoch 11136/20000 | Train Loss 0.017750
Epoch 11137/20000 | Train Loss 0.014422
Epoch 11138/20000 | Train Loss 0.020647
Epoch 11139/20000 | Train Loss 0.017498
Epoch 11140/20000 | Train Loss 0.013991
Epoch 11141/20000 | Train Loss 0.016911
Epoch 11142/20000 | Train Loss 0.017212
Epoch 11143/20000 | Train Loss 0.014481
Epoch 11144/20000 | Train Loss 0.017795
Epoch 11145/20000 | Train Loss 0.017950
Epoch 11146/20000 | Train Loss 0.021089
Epoch 11147/20000 | Train Loss 0.036148
Epoch 11148/20000 | Train Loss 0.047974
Epoch 11149/20000 | Train Loss 0.045802
Epoch 11150/20000 | Train Loss 0.038565
Epoch 11151/20000 | Train Loss 0.021037
Epoch 11152/20000 | Train Loss 0.020162
Epoch 11153/20000 | Train Loss 0.022655
Epoch 11154/20000 | Train Loss 0.020097
Epoch 11155/20000 | Train Loss 0.014419
Epoch 11156/20000 | Train Loss 0.021646
Epoch 11157/20000 | Train Loss 0.017416
Epoch 11158/20000 | Train Loss 0.013619
Epoch 11159/20000 | Train Loss 0.014651
Epoch 11160/20000 | Train Loss 0.011874
Epoch 11161/20000 | Train Loss 0.014119
Epoch 11162/20000 | Train Loss 0.019665
Epoch 11163/20000 | Train Loss 0.012819
Epoch 11164/20000 | Train Loss 0.014353
Epoch 11165/20000 | Train Loss 0.013371
Epoch 11166/20000 | Train Loss 0.013301
Epoch 11167/20000 | Train Loss 0.011246
Epoch 11168/20000 | Train Loss 0.017729
Epoch 11169/20000 | Train Loss 0.025622
Epoch 11170/20000 | Train Loss 0.037611
Epoch 11171/20000 | Train Loss 0.028352
Epoch 11172/20000 | Train Loss 0.028456
Epoch 11173/20000 | Train Loss 0.029665
Epoch 11174/20000 | Train Loss 0.037129
Epoch 11175/20000 | Train Loss 0.028815
Epoch 11176/20000 | Train Loss 0.019287
Epoch 11177/20000 | Train Loss 0.026690
Epoch 11178/20000 | Train Loss 0.033055
Epoch 11179/20000 | Train Loss 0.028215
Epoch 11180/20000 | Train Loss 0.025580
Epoch 11181/20000 | Train Loss 0.020817
Epoch 11182/20000 | Train Loss 0.017409
Epoch 11183/20000 | Train Loss 0.023616
Epoch 11184/20000 | Train Loss 0.018197
Epoch 11185/20000 | Train Loss 0.018141
Epoch 11186/20000 | Train Loss 0.014091
Epoch 11187/20000 | Train Loss 0.019044
Epoch 11188/20000 | Train Loss 0.018901
Epoch 11189/20000 | Train Loss 0.016453
Epoch 11190/20000 | Train Loss 0.013683
Epoch 11191/20000 | Train Loss 0.017643
Epoch 11192/20000 | Train Loss 0.013511
Epoch 11193/20000 | Train Loss 0.021611
Epoch 11194/20000 | Train Loss 0.021373
Epoch 11195/20000 | Train Loss 0.017941
Epoch 11196/20000 | Train Loss 0.022514
Epoch 11197/20000 | Train Loss 0.015936
Epoch 11198/20000 | Train Loss 0.019281
Epoch 11199/20000 | Train Loss 0.013080
Epoch 11200/20000 | Train Loss 0.018616
Epoch 11201/20000 | Train Loss 0.032146
Epoch 11202/20000 | Train Loss 0.039394
Epoch 11203/20000 | Train Loss 0.041888
Epoch 11204/20000 | Train Loss 0.029647
Epoch 11205/20000 | Train Loss 0.023298
Epoch 11206/20000 | Train Loss 0.018884
Epoch 11207/20000 | Train Loss 0.015585
Epoch 11208/20000 | Train Loss 0.017334
Epoch 11209/20000 | Train Loss 0.018515
Epoch 11210/20000 | Train Loss 0.017337
Epoch 11211/20000 | Train Loss 0.018573
Epoch 11212/20000 | Train Loss 0.020353
Epoch 11213/20000 | Train Loss 0.014132
Epoch 11214/20000 | Train Loss 0.016974
Epoch 11215/20000 | Train Loss 0.014775
Epoch 11216/20000 | Train Loss 0.015325
Epoch 11217/20000 | Train Loss 0.014942
Epoch 11218/20000 | Train Loss 0.014264
Epoch 11219/20000 | Train Loss 0.017482
Epoch 11220/20000 | Train Loss 0.021002
Epoch 11221/20000 | Train Loss 0.025474
Epoch 11222/20000 | Train Loss 0.023135
Epoch 11223/20000 | Train Loss 0.021000
Epoch 11224/20000 | Train Loss 0.016128
Epoch 11225/20000 | Train Loss 0.015289
Epoch 11226/20000 | Train Loss 0.013562
Epoch 11227/20000 | Train Loss 0.013095
Epoch 11228/20000 | Train Loss 0.018421
Epoch 11229/20000 | Train Loss 0.026614
Epoch 11230/20000 | Train Loss 0.016326
Epoch 11231/20000 | Train Loss 0.024144
Epoch 11232/20000 | Train Loss 0.030514
Epoch 11233/20000 | Train Loss 0.029922
Epoch 11234/20000 | Train Loss 0.026872
Epoch 11235/20000 | Train Loss 0.027269
Epoch 11236/20000 | Train Loss 0.032443
Epoch 11237/20000 | Train Loss 0.028252
Epoch 11238/20000 | Train Loss 0.022200
Epoch 11239/20000 | Train Loss 0.030491
Epoch 11240/20000 | Train Loss 0.015927
Epoch 11241/20000 | Train Loss 0.019313
Epoch 11242/20000 | Train Loss 0.025517
Epoch 11243/20000 | Train Loss 0.018962
Epoch 11244/20000 | Train Loss 0.022039
Epoch 11245/20000 | Train Loss 0.022007
Epoch 11246/20000 | Train Loss 0.027257
Epoch 11247/20000 | Train Loss 0.023676
Epoch 11248/20000 | Train Loss 0.020478
Epoch 11249/20000 | Train Loss 0.017498
Epoch 11250/20000 | Train Loss 0.028031
Epoch 11251/20000 | Train Loss 0.017725
Epoch 11252/20000 | Train Loss 0.018427
Epoch 11253/20000 | Train Loss 0.024953
Epoch 11254/20000 | Train Loss 0.023377
Epoch 11255/20000 | Train Loss 0.025367
Epoch 11256/20000 | Train Loss 0.019580
Epoch 11257/20000 | Train Loss 0.019602
Epoch 11258/20000 | Train Loss 0.018207
Epoch 11259/20000 | Train Loss 0.022465
Epoch 11260/20000 | Train Loss 0.021580
Epoch 11261/20000 | Train Loss 0.028323
Epoch 11262/20000 | Train Loss 0.026269
Epoch 11263/20000 | Train Loss 0.027512
Epoch 11264/20000 | Train Loss 0.037368
Epoch 11265/20000 | Train Loss 0.060138
Epoch 11266/20000 | Train Loss 0.035882
Epoch 11267/20000 | Train Loss 0.031049
Epoch 11268/20000 | Train Loss 0.027730
Epoch 11269/20000 | Train Loss 0.017459
Epoch 11270/20000 | Train Loss 0.021621
Epoch 11271/20000 | Train Loss 0.018064
Epoch 11272/20000 | Train Loss 0.014989
Epoch 11273/20000 | Train Loss 0.015497
Epoch 11274/20000 | Train Loss 0.014488
Epoch 11275/20000 | Train Loss 0.014676
Epoch 11276/20000 | Train Loss 0.013972
Epoch 11277/20000 | Train Loss 0.013516
Epoch 11278/20000 | Train Loss 0.013466
Epoch 11279/20000 | Train Loss 0.017294
Epoch 11280/20000 | Train Loss 0.013332
Epoch 11281/20000 | Train Loss 0.014706
Epoch 11282/20000 | Train Loss 0.012293
Epoch 11283/20000 | Train Loss 0.014401
Epoch 11284/20000 | Train Loss 0.018906
Epoch 11285/20000 | Train Loss 0.025146
Epoch 11286/20000 | Train Loss 0.018084
Epoch 11287/20000 | Train Loss 0.020883
Epoch 11288/20000 | Train Loss 0.019852
Epoch 11289/20000 | Train Loss 0.015658
Epoch 11290/20000 | Train Loss 0.018268
Epoch 11291/20000 | Train Loss 0.022327
Epoch 11292/20000 | Train Loss 0.026949
Epoch 11293/20000 | Train Loss 0.019388
Epoch 11294/20000 | Train Loss 0.021073
Epoch 11295/20000 | Train Loss 0.018800
Epoch 11296/20000 | Train Loss 0.037186
Epoch 11297/20000 | Train Loss 0.059434
Epoch 11298/20000 | Train Loss 0.058477
Epoch 11299/20000 | Train Loss 0.060644
Epoch 11300/20000 | Train Loss 0.094104
Epoch 11301/20000 | Train Loss 0.100353
Epoch 11302/20000 | Train Loss 0.118500
Epoch 11303/20000 | Train Loss 0.069888
Epoch 11304/20000 | Train Loss 0.086045
Epoch 11305/20000 | Train Loss 0.047598
Epoch 11306/20000 | Train Loss 0.042494
Epoch 11307/20000 | Train Loss 0.036934
Epoch 11308/20000 | Train Loss 0.036702
Epoch 11309/20000 | Train Loss 0.020428
Epoch 11310/20000 | Train Loss 0.023251
Epoch 11311/20000 | Train Loss 0.025668
Epoch 11312/20000 | Train Loss 0.025143
Epoch 11313/20000 | Train Loss 0.020182
Epoch 11314/20000 | Train Loss 0.019886
Epoch 11315/20000 | Train Loss 0.015368
Epoch 11316/20000 | Train Loss 0.017703
Epoch 11317/20000 | Train Loss 0.016360
Epoch 11318/20000 | Train Loss 0.015591
Epoch 11319/20000 | Train Loss 0.015493
Epoch 11320/20000 | Train Loss 0.021212
Epoch 11321/20000 | Train Loss 0.010034
Epoch 11322/20000 | Train Loss 0.013758
Epoch 11323/20000 | Train Loss 0.019660
Epoch 11324/20000 | Train Loss 0.014844
Epoch 11325/20000 | Train Loss 0.017927
Epoch 11326/20000 | Train Loss 0.017383
Epoch 11327/20000 | Train Loss 0.022426
Epoch 11328/20000 | Train Loss 0.026684
Epoch 11329/20000 | Train Loss 0.031998
Epoch 11330/20000 | Train Loss 0.016614
Epoch 11331/20000 | Train Loss 0.018313
Epoch 11332/20000 | Train Loss 0.017361
Epoch 11333/20000 | Train Loss 0.013587
Epoch 11334/20000 | Train Loss 0.017406
Epoch 11335/20000 | Train Loss 0.033874
Epoch 11336/20000 | Train Loss 0.030497
Epoch 11337/20000 | Train Loss 0.027955
Epoch 11338/20000 | Train Loss 0.018626
Epoch 11339/20000 | Train Loss 0.019316
Epoch 11340/20000 | Train Loss 0.018872
Epoch 11341/20000 | Train Loss 0.019974
Epoch 11342/20000 | Train Loss 0.018378
Epoch 11343/20000 | Train Loss 0.020956
Epoch 11344/20000 | Train Loss 0.020857
Epoch 11345/20000 | Train Loss 0.021991
Epoch 11346/20000 | Train Loss 0.021601
Epoch 11347/20000 | Train Loss 0.015248
Epoch 11348/20000 | Train Loss 0.021734
Epoch 11349/20000 | Train Loss 0.015735
Epoch 11350/20000 | Train Loss 0.025799
Epoch 11351/20000 | Train Loss 0.011755
Epoch 11352/20000 | Train Loss 0.019851
Epoch 11353/20000 | Train Loss 0.016367
Epoch 11354/20000 | Train Loss 0.015055
Epoch 11355/20000 | Train Loss 0.016899
Epoch 11356/20000 | Train Loss 0.028720
Epoch 11357/20000 | Train Loss 0.022372
Epoch 11358/20000 | Train Loss 0.023587
Epoch 11359/20000 | Train Loss 0.021527
Epoch 11360/20000 | Train Loss 0.018200
Epoch 11361/20000 | Train Loss 0.014961
Epoch 11362/20000 | Train Loss 0.015407
Epoch 11363/20000 | Train Loss 0.016665
Epoch 11364/20000 | Train Loss 0.024229
Epoch 11365/20000 | Train Loss 0.021696
Epoch 11366/20000 | Train Loss 0.017985
Epoch 11367/20000 | Train Loss 0.023994
Epoch 11368/20000 | Train Loss 0.022611
Epoch 11369/20000 | Train Loss 0.023854
Epoch 11370/20000 | Train Loss 0.027691
Epoch 11371/20000 | Train Loss 0.027571
Epoch 11372/20000 | Train Loss 0.025354
Epoch 11373/20000 | Train Loss 0.029922
Epoch 11374/20000 | Train Loss 0.021148
Epoch 11375/20000 | Train Loss 0.023091
Epoch 11376/20000 | Train Loss 0.018121
Epoch 11377/20000 | Train Loss 0.018883
Epoch 11378/20000 | Train Loss 0.017255
Epoch 11379/20000 | Train Loss 0.020770
Epoch 11380/20000 | Train Loss 0.017419
Epoch 11381/20000 | Train Loss 0.020377
Epoch 11382/20000 | Train Loss 0.019595
Epoch 11383/20000 | Train Loss 0.017163
Epoch 11384/20000 | Train Loss 0.017911
Epoch 11385/20000 | Train Loss 0.012614
Epoch 11386/20000 | Train Loss 0.015264
Epoch 11387/20000 | Train Loss 0.016885
Epoch 11388/20000 | Train Loss 0.017341
Epoch 11389/20000 | Train Loss 0.027729
Epoch 11390/20000 | Train Loss 0.030832
Epoch 11391/20000 | Train Loss 0.031057
Epoch 11392/20000 | Train Loss 0.038575
Epoch 11393/20000 | Train Loss 0.047680
Epoch 11394/20000 | Train Loss 0.028448
Epoch 11395/20000 | Train Loss 0.036246
Epoch 11396/20000 | Train Loss 0.040494
Epoch 11397/20000 | Train Loss 0.163118
Epoch 11398/20000 | Train Loss 0.092505
Epoch 11399/20000 | Train Loss 0.072773
Epoch 11400/20000 | Train Loss 0.059977
Epoch 11401/20000 | Train Loss 0.041850
Epoch 11402/20000 | Train Loss 0.033259
Epoch 11403/20000 | Train Loss 0.043477
Epoch 11404/20000 | Train Loss 0.040897
Epoch 11405/20000 | Train Loss 0.028026
Epoch 11406/20000 | Train Loss 0.024505
Epoch 11407/20000 | Train Loss 0.014775
Epoch 11408/20000 | Train Loss 0.019013
Epoch 11409/20000 | Train Loss 0.018372
Epoch 11410/20000 | Train Loss 0.015521
Epoch 11411/20000 | Train Loss 0.015282
Epoch 11412/20000 | Train Loss 0.016935
Epoch 11413/20000 | Train Loss 0.016234
Epoch 11414/20000 | Train Loss 0.024259
Epoch 11415/20000 | Train Loss 0.030427
Epoch 11416/20000 | Train Loss 0.021074
Epoch 11417/20000 | Train Loss 0.014686
Epoch 11418/20000 | Train Loss 0.017076
Epoch 11419/20000 | Train Loss 0.020347
Epoch 11420/20000 | Train Loss 0.016372
Epoch 11421/20000 | Train Loss 0.022388
Epoch 11422/20000 | Train Loss 0.016105
Epoch 11423/20000 | Train Loss 0.018908
Epoch 11424/20000 | Train Loss 0.022961
Epoch 11425/20000 | Train Loss 0.022106
Epoch 11426/20000 | Train Loss 0.024252
Epoch 11427/20000 | Train Loss 0.020204
Epoch 11428/20000 | Train Loss 0.018743
Epoch 11429/20000 | Train Loss 0.033799
Epoch 11430/20000 | Train Loss 0.028371
Epoch 11431/20000 | Train Loss 0.025537
Epoch 11432/20000 | Train Loss 0.032055
Epoch 11433/20000 | Train Loss 0.031664
Epoch 11434/20000 | Train Loss 0.027160
Epoch 11435/20000 | Train Loss 0.027248
Epoch 11436/20000 | Train Loss 0.026203
Epoch 11437/20000 | Train Loss 0.019649
Epoch 11438/20000 | Train Loss 0.019152
Epoch 11439/20000 | Train Loss 0.020982
Epoch 11440/20000 | Train Loss 0.035621
Epoch 11441/20000 | Train Loss 0.030283
Epoch 11442/20000 | Train Loss 0.017133
Epoch 11443/20000 | Train Loss 0.023661
Epoch 11444/20000 | Train Loss 0.023021
Epoch 11445/20000 | Train Loss 0.023816
Epoch 11446/20000 | Train Loss 0.026004
Epoch 11447/20000 | Train Loss 0.021002
Epoch 11448/20000 | Train Loss 0.020034
Epoch 11449/20000 | Train Loss 0.021923
Epoch 11450/20000 | Train Loss 0.017223
Epoch 11451/20000 | Train Loss 0.013534
Epoch 11452/20000 | Train Loss 0.011935
Epoch 11453/20000 | Train Loss 0.014728
Epoch 11454/20000 | Train Loss 0.015234
Epoch 11455/20000 | Train Loss 0.021047
Epoch 11456/20000 | Train Loss 0.012943
Epoch 11457/20000 | Train Loss 0.018709
Epoch 11458/20000 | Train Loss 0.013355
Epoch 11459/20000 | Train Loss 0.021119
Epoch 11460/20000 | Train Loss 0.021946
Epoch 11461/20000 | Train Loss 0.026366
Epoch 11462/20000 | Train Loss 0.026952
Epoch 11463/20000 | Train Loss 0.012195
Epoch 11464/20000 | Train Loss 0.015156
Epoch 11465/20000 | Train Loss 0.022005
Epoch 11466/20000 | Train Loss 0.018977
Epoch 11467/20000 | Train Loss 0.017349
Epoch 11468/20000 | Train Loss 0.026762
Epoch 11469/20000 | Train Loss 0.023391
Epoch 11470/20000 | Train Loss 0.019056
Epoch 11471/20000 | Train Loss 0.021200
Epoch 11472/20000 | Train Loss 0.021339
Epoch 11473/20000 | Train Loss 0.029865
Epoch 11474/20000 | Train Loss 0.016532
Epoch 11475/20000 | Train Loss 0.022001
Epoch 11476/20000 | Train Loss 0.021366
Epoch 11477/20000 | Train Loss 0.024180
Epoch 11478/20000 | Train Loss 0.029405
Epoch 11479/20000 | Train Loss 0.021757
Epoch 11480/20000 | Train Loss 0.022361
Epoch 11481/20000 | Train Loss 0.023807
Epoch 11482/20000 | Train Loss 0.024581
Epoch 11483/20000 | Train Loss 0.022221
Epoch 11484/20000 | Train Loss 0.015631
Epoch 11485/20000 | Train Loss 0.019849
Epoch 11486/20000 | Train Loss 0.011451
Epoch 11487/20000 | Train Loss 0.010726
Epoch 11488/20000 | Train Loss 0.019035
Epoch 11489/20000 | Train Loss 0.018701
Epoch 11490/20000 | Train Loss 0.012947
Epoch 11491/20000 | Train Loss 0.018576
Epoch 11492/20000 | Train Loss 0.016339
Epoch 11493/20000 | Train Loss 0.019865
Epoch 11494/20000 | Train Loss 0.025288
Epoch 11495/20000 | Train Loss 0.027947
Epoch 11496/20000 | Train Loss 0.035437
Epoch 11497/20000 | Train Loss 0.017418
Epoch 11498/20000 | Train Loss 0.017111
Epoch 11499/20000 | Train Loss 0.015455
Epoch 11500/20000 | Train Loss 0.012911
  --> Checkpoint saved at epoch 11500.
Epoch 11501/20000 | Train Loss 0.017238
Epoch 11502/20000 | Train Loss 0.021561
Epoch 11503/20000 | Train Loss 0.025632
Epoch 11504/20000 | Train Loss 0.040358
Epoch 11505/20000 | Train Loss 0.032666
Epoch 11506/20000 | Train Loss 0.033606
Epoch 11507/20000 | Train Loss 0.020319
Epoch 11508/20000 | Train Loss 0.022749
Epoch 11509/20000 | Train Loss 0.015304
Epoch 11510/20000 | Train Loss 0.020149
Epoch 11511/20000 | Train Loss 0.015292
Epoch 11512/20000 | Train Loss 0.017389
Epoch 11513/20000 | Train Loss 0.013385
Epoch 11514/20000 | Train Loss 0.017710
Epoch 11515/20000 | Train Loss 0.027285
Epoch 11516/20000 | Train Loss 0.020645
Epoch 11517/20000 | Train Loss 0.016626
Epoch 11518/20000 | Train Loss 0.016233
Epoch 11519/20000 | Train Loss 0.017230
Epoch 11520/20000 | Train Loss 0.015604
Epoch 11521/20000 | Train Loss 0.018802
Epoch 11522/20000 | Train Loss 0.022196
Epoch 11523/20000 | Train Loss 0.009367
Epoch 11524/20000 | Train Loss 0.015091
Epoch 11525/20000 | Train Loss 0.014226
Epoch 11526/20000 | Train Loss 0.017488
Epoch 11527/20000 | Train Loss 0.019577
Epoch 11528/20000 | Train Loss 0.021100
Epoch 11529/20000 | Train Loss 0.017611
Epoch 11530/20000 | Train Loss 0.014889
Epoch 11531/20000 | Train Loss 0.016963
Epoch 11532/20000 | Train Loss 0.015087
Epoch 11533/20000 | Train Loss 0.011045
Epoch 11534/20000 | Train Loss 0.011814
Epoch 11535/20000 | Train Loss 0.012183
Epoch 11536/20000 | Train Loss 0.015424
Epoch 11537/20000 | Train Loss 0.012643
Epoch 11538/20000 | Train Loss 0.017956
Epoch 11539/20000 | Train Loss 0.017928
Epoch 11540/20000 | Train Loss 0.020604
Epoch 11541/20000 | Train Loss 0.043814
Epoch 11542/20000 | Train Loss 0.056705
Epoch 11543/20000 | Train Loss 0.030279
Epoch 11544/20000 | Train Loss 0.028031
Epoch 11545/20000 | Train Loss 0.022276
Epoch 11546/20000 | Train Loss 0.024270
Epoch 11547/20000 | Train Loss 0.020492
Epoch 11548/20000 | Train Loss 0.021102
Epoch 11549/20000 | Train Loss 0.018948
Epoch 11550/20000 | Train Loss 0.017753
Epoch 11551/20000 | Train Loss 0.016131
Epoch 11552/20000 | Train Loss 0.014825
Epoch 11553/20000 | Train Loss 0.011247
Epoch 11554/20000 | Train Loss 0.015597
Epoch 11555/20000 | Train Loss 0.017577
Epoch 11556/20000 | Train Loss 0.014449
Epoch 11557/20000 | Train Loss 0.015397
Epoch 11558/20000 | Train Loss 0.017817
Epoch 11559/20000 | Train Loss 0.018201
Epoch 11560/20000 | Train Loss 0.024505
Epoch 11561/20000 | Train Loss 0.019349
Epoch 11562/20000 | Train Loss 0.018041
Epoch 11563/20000 | Train Loss 0.025710
Epoch 11564/20000 | Train Loss 0.016660
Epoch 11565/20000 | Train Loss 0.015548
Epoch 11566/20000 | Train Loss 0.012147
Epoch 11567/20000 | Train Loss 0.021898
Epoch 11568/20000 | Train Loss 0.023974
Epoch 11569/20000 | Train Loss 0.030505
Epoch 11570/20000 | Train Loss 0.030158
Epoch 11571/20000 | Train Loss 0.028333
Epoch 11572/20000 | Train Loss 0.025729
Epoch 11573/20000 | Train Loss 0.018735
Epoch 11574/20000 | Train Loss 0.033507
Epoch 11575/20000 | Train Loss 0.031886
Epoch 11576/20000 | Train Loss 0.020802
Epoch 11577/20000 | Train Loss 0.017274
Epoch 11578/20000 | Train Loss 0.013951
Epoch 11579/20000 | Train Loss 0.019507
Epoch 11580/20000 | Train Loss 0.014961
Epoch 11581/20000 | Train Loss 0.019515
Epoch 11582/20000 | Train Loss 0.018409
Epoch 11583/20000 | Train Loss 0.021359
Epoch 11584/20000 | Train Loss 0.024943
Epoch 11585/20000 | Train Loss 0.030065
Epoch 11586/20000 | Train Loss 0.028433
Epoch 11587/20000 | Train Loss 0.017162
Epoch 11588/20000 | Train Loss 0.014590
Epoch 11589/20000 | Train Loss 0.010903
Epoch 11590/20000 | Train Loss 0.015076
Epoch 11591/20000 | Train Loss 0.022967
Epoch 11592/20000 | Train Loss 0.019508
Epoch 11593/20000 | Train Loss 0.016601
Epoch 11594/20000 | Train Loss 0.023164
Epoch 11595/20000 | Train Loss 0.022858
Epoch 11596/20000 | Train Loss 0.027652
Epoch 11597/20000 | Train Loss 0.028269
Epoch 11598/20000 | Train Loss 0.042565
Epoch 11599/20000 | Train Loss 0.070105
Epoch 11600/20000 | Train Loss 0.058322
Epoch 11601/20000 | Train Loss 0.036004
Epoch 11602/20000 | Train Loss 0.030550
Epoch 11603/20000 | Train Loss 0.031222
Epoch 11604/20000 | Train Loss 0.028644
Epoch 11605/20000 | Train Loss 0.038859
Epoch 11606/20000 | Train Loss 0.028211
Epoch 11607/20000 | Train Loss 0.030365
Epoch 11608/20000 | Train Loss 0.041292
Epoch 11609/20000 | Train Loss 0.023423
Epoch 11610/20000 | Train Loss 0.019861
Epoch 11611/20000 | Train Loss 0.027347
Epoch 11612/20000 | Train Loss 0.030561
Epoch 11613/20000 | Train Loss 0.021381
Epoch 11614/20000 | Train Loss 0.023136
Epoch 11615/20000 | Train Loss 0.024855
Epoch 11616/20000 | Train Loss 0.024718
Epoch 11617/20000 | Train Loss 0.020390
Epoch 11618/20000 | Train Loss 0.027654
Epoch 11619/20000 | Train Loss 0.019948
Epoch 11620/20000 | Train Loss 0.018423
Epoch 11621/20000 | Train Loss 0.020603
Epoch 11622/20000 | Train Loss 0.020233
Epoch 11623/20000 | Train Loss 0.017284
Epoch 11624/20000 | Train Loss 0.020685
Epoch 11625/20000 | Train Loss 0.023406
Epoch 11626/20000 | Train Loss 0.016138
Epoch 11627/20000 | Train Loss 0.024323
Epoch 11628/20000 | Train Loss 0.017906
Epoch 11629/20000 | Train Loss 0.012830
Epoch 11630/20000 | Train Loss 0.013263
Epoch 11631/20000 | Train Loss 0.016478
Epoch 11632/20000 | Train Loss 0.014710
Epoch 11633/20000 | Train Loss 0.013160
Epoch 11634/20000 | Train Loss 0.016138
Epoch 11635/20000 | Train Loss 0.014580
Epoch 11636/20000 | Train Loss 0.020267
Epoch 11637/20000 | Train Loss 0.026113
Epoch 11638/20000 | Train Loss 0.028543
Epoch 11639/20000 | Train Loss 0.026251
Epoch 11640/20000 | Train Loss 0.020206
Epoch 11641/20000 | Train Loss 0.018696
Epoch 11642/20000 | Train Loss 0.023064
Epoch 11643/20000 | Train Loss 0.018946
Epoch 11644/20000 | Train Loss 0.016959
Epoch 11645/20000 | Train Loss 0.015460
Epoch 11646/20000 | Train Loss 0.014484
Epoch 11647/20000 | Train Loss 0.020599
Epoch 11648/20000 | Train Loss 0.015078
Epoch 11649/20000 | Train Loss 0.010795
Epoch 11650/20000 | Train Loss 0.021546
Epoch 11651/20000 | Train Loss 0.029606
Epoch 11652/20000 | Train Loss 0.029824
Epoch 11653/20000 | Train Loss 0.026992
Epoch 11654/20000 | Train Loss 0.027456
Epoch 11655/20000 | Train Loss 0.021863
Epoch 11656/20000 | Train Loss 0.025642
Epoch 11657/20000 | Train Loss 0.032883
Epoch 11658/20000 | Train Loss 0.026783
Epoch 11659/20000 | Train Loss 0.022025
Epoch 11660/20000 | Train Loss 0.023785
Epoch 11661/20000 | Train Loss 0.014252
Epoch 11662/20000 | Train Loss 0.019508
Epoch 11663/20000 | Train Loss 0.017827
Epoch 11664/20000 | Train Loss 0.022071
Epoch 11665/20000 | Train Loss 0.016764
Epoch 11666/20000 | Train Loss 0.017568
Epoch 11667/20000 | Train Loss 0.015307
Epoch 11668/20000 | Train Loss 0.011651
Epoch 11669/20000 | Train Loss 0.015171
Epoch 11670/20000 | Train Loss 0.017654
Epoch 11671/20000 | Train Loss 0.030692
Epoch 11672/20000 | Train Loss 0.222691
Epoch 11673/20000 | Train Loss 0.200104
Epoch 11674/20000 | Train Loss 0.134365
Epoch 11675/20000 | Train Loss 0.132156
Epoch 11676/20000 | Train Loss 0.100011
Epoch 11677/20000 | Train Loss 0.090300
Epoch 11678/20000 | Train Loss 0.079472
Epoch 11679/20000 | Train Loss 0.049038
Epoch 11680/20000 | Train Loss 0.046476
Epoch 11681/20000 | Train Loss 0.040472
Epoch 11682/20000 | Train Loss 0.030732
Epoch 11683/20000 | Train Loss 0.034299
Epoch 11684/20000 | Train Loss 0.026121
Epoch 11685/20000 | Train Loss 0.037731
Epoch 11686/20000 | Train Loss 0.018579
Epoch 11687/20000 | Train Loss 0.026493
Epoch 11688/20000 | Train Loss 0.028262
Epoch 11689/20000 | Train Loss 0.025393
Epoch 11690/20000 | Train Loss 0.021273
Epoch 11691/20000 | Train Loss 0.017535
Epoch 11692/20000 | Train Loss 0.016714
Epoch 11693/20000 | Train Loss 0.018635
Epoch 11694/20000 | Train Loss 0.020256
Epoch 11695/20000 | Train Loss 0.015830
Epoch 11696/20000 | Train Loss 0.013434
Epoch 11697/20000 | Train Loss 0.012454
Epoch 11698/20000 | Train Loss 0.024211
Epoch 11699/20000 | Train Loss 0.030535
Epoch 11700/20000 | Train Loss 0.038378
Epoch 11701/20000 | Train Loss 0.046062
Epoch 11702/20000 | Train Loss 0.028759
Epoch 11703/20000 | Train Loss 0.020558
Epoch 11704/20000 | Train Loss 0.024452
Epoch 11705/20000 | Train Loss 0.020880
Epoch 11706/20000 | Train Loss 0.017986
Epoch 11707/20000 | Train Loss 0.013720
Epoch 11708/20000 | Train Loss 0.012570
Epoch 11709/20000 | Train Loss 0.018306
Epoch 11710/20000 | Train Loss 0.016348
Epoch 11711/20000 | Train Loss 0.019113
Epoch 11712/20000 | Train Loss 0.018700
Epoch 11713/20000 | Train Loss 0.018126
Epoch 11714/20000 | Train Loss 0.018253
Epoch 11715/20000 | Train Loss 0.016718
Epoch 11716/20000 | Train Loss 0.019468
Epoch 11717/20000 | Train Loss 0.017323
Epoch 11718/20000 | Train Loss 0.023491
Epoch 11719/20000 | Train Loss 0.021515
Epoch 11720/20000 | Train Loss 0.025370
Epoch 11721/20000 | Train Loss 0.053959
Epoch 11722/20000 | Train Loss 0.037685
Epoch 11723/20000 | Train Loss 0.025902
Epoch 11724/20000 | Train Loss 0.017676
Epoch 11725/20000 | Train Loss 0.026365
Epoch 11726/20000 | Train Loss 0.019845
Epoch 11727/20000 | Train Loss 0.016346
Epoch 11728/20000 | Train Loss 0.016811
Epoch 11729/20000 | Train Loss 0.027743
Epoch 11730/20000 | Train Loss 0.026953
Epoch 11731/20000 | Train Loss 0.014987
Epoch 11732/20000 | Train Loss 0.017859
Epoch 11733/20000 | Train Loss 0.011243
Epoch 11734/20000 | Train Loss 0.017184
Epoch 11735/20000 | Train Loss 0.018861
Epoch 11736/20000 | Train Loss 0.015101
Epoch 11737/20000 | Train Loss 0.016257
Epoch 11738/20000 | Train Loss 0.016325
Epoch 11739/20000 | Train Loss 0.019713
Epoch 11740/20000 | Train Loss 0.016649
Epoch 11741/20000 | Train Loss 0.021946
Epoch 11742/20000 | Train Loss 0.016599
Epoch 11743/20000 | Train Loss 0.014498
Epoch 11744/20000 | Train Loss 0.020070
Epoch 11745/20000 | Train Loss 0.020273
Epoch 11746/20000 | Train Loss 0.019783
Epoch 11747/20000 | Train Loss 0.020093
Epoch 11748/20000 | Train Loss 0.028818
Epoch 11749/20000 | Train Loss 0.023117
Epoch 11750/20000 | Train Loss 0.028229
Epoch 11751/20000 | Train Loss 0.017811
Epoch 11752/20000 | Train Loss 0.018372
Epoch 11753/20000 | Train Loss 0.016973
Epoch 11754/20000 | Train Loss 0.020997
Epoch 11755/20000 | Train Loss 0.021475
Epoch 11756/20000 | Train Loss 0.016962
Epoch 11757/20000 | Train Loss 0.019805
Epoch 11758/20000 | Train Loss 0.014395
Epoch 11759/20000 | Train Loss 0.024488
Epoch 11760/20000 | Train Loss 0.021518
Epoch 11761/20000 | Train Loss 0.025602
Epoch 11762/20000 | Train Loss 0.017702
Epoch 11763/20000 | Train Loss 0.019516
Epoch 11764/20000 | Train Loss 0.013416
Epoch 11765/20000 | Train Loss 0.015407
Epoch 11766/20000 | Train Loss 0.013444
Epoch 11767/20000 | Train Loss 0.021782
Epoch 11768/20000 | Train Loss 0.013925
Epoch 11769/20000 | Train Loss 0.015106
Epoch 11770/20000 | Train Loss 0.014129
Epoch 11771/20000 | Train Loss 0.016463
Epoch 11772/20000 | Train Loss 0.014984
Epoch 11773/20000 | Train Loss 0.018380
Epoch 11774/20000 | Train Loss 0.013879
Epoch 11775/20000 | Train Loss 0.013534
Epoch 11776/20000 | Train Loss 0.010659
Epoch 11777/20000 | Train Loss 0.012492
Epoch 11778/20000 | Train Loss 0.016624
Epoch 11779/20000 | Train Loss 0.016581
Epoch 11780/20000 | Train Loss 0.019870
Epoch 11781/20000 | Train Loss 0.032867
Epoch 11782/20000 | Train Loss 0.061283
Epoch 11783/20000 | Train Loss 0.052299
Epoch 11784/20000 | Train Loss 0.035238
Epoch 11785/20000 | Train Loss 0.030367
Epoch 11786/20000 | Train Loss 0.028147
Epoch 11787/20000 | Train Loss 0.025878
Epoch 11788/20000 | Train Loss 0.019145
Epoch 11789/20000 | Train Loss 0.020843
Epoch 11790/20000 | Train Loss 0.018387
Epoch 11791/20000 | Train Loss 0.014941
Epoch 11792/20000 | Train Loss 0.014904
Epoch 11793/20000 | Train Loss 0.013747
Epoch 11794/20000 | Train Loss 0.012926
Epoch 11795/20000 | Train Loss 0.024128
Epoch 11796/20000 | Train Loss 0.020029
Epoch 11797/20000 | Train Loss 0.010685
Epoch 11798/20000 | Train Loss 0.016678
Epoch 11799/20000 | Train Loss 0.015711
Epoch 11800/20000 | Train Loss 0.014158
Epoch 11801/20000 | Train Loss 0.017750
Epoch 11802/20000 | Train Loss 0.017552
Epoch 11803/20000 | Train Loss 0.027607
Epoch 11804/20000 | Train Loss 0.032815
Epoch 11805/20000 | Train Loss 0.034698
Epoch 11806/20000 | Train Loss 0.026161
Epoch 11807/20000 | Train Loss 0.026336
Epoch 11808/20000 | Train Loss 0.022800
Epoch 11809/20000 | Train Loss 0.020811
Epoch 11810/20000 | Train Loss 0.017788
Epoch 11811/20000 | Train Loss 0.018690
Epoch 11812/20000 | Train Loss 0.021543
Epoch 11813/20000 | Train Loss 0.024621
Epoch 11814/20000 | Train Loss 0.015885
Epoch 11815/20000 | Train Loss 0.015400
Epoch 11816/20000 | Train Loss 0.014403
Epoch 11817/20000 | Train Loss 0.017727
Epoch 11818/20000 | Train Loss 0.015376
Epoch 11819/20000 | Train Loss 0.018577
Epoch 11820/20000 | Train Loss 0.020875
Epoch 11821/20000 | Train Loss 0.024754
Epoch 11822/20000 | Train Loss 0.025273
Epoch 11823/20000 | Train Loss 0.022804
Epoch 11824/20000 | Train Loss 0.019017
Epoch 11825/20000 | Train Loss 0.014557
Epoch 11826/20000 | Train Loss 0.018068
Epoch 11827/20000 | Train Loss 0.015429
Epoch 11828/20000 | Train Loss 0.016463
Epoch 11829/20000 | Train Loss 0.016826
Epoch 11830/20000 | Train Loss 0.016887
Epoch 11831/20000 | Train Loss 0.017556
Epoch 11832/20000 | Train Loss 0.017289
Epoch 11833/20000 | Train Loss 0.022787
Epoch 11834/20000 | Train Loss 0.020121
Epoch 11835/20000 | Train Loss 0.018250
Epoch 11836/20000 | Train Loss 0.019843
Epoch 11837/20000 | Train Loss 0.016828
Epoch 11838/20000 | Train Loss 0.013805
Epoch 11839/20000 | Train Loss 0.010375
Epoch 11840/20000 | Train Loss 0.017398
Epoch 11841/20000 | Train Loss 0.020638
Epoch 11842/20000 | Train Loss 0.019023
Epoch 11843/20000 | Train Loss 0.020397
Epoch 11844/20000 | Train Loss 0.018424
Epoch 11845/20000 | Train Loss 0.017212
Epoch 11846/20000 | Train Loss 0.015913
Epoch 11847/20000 | Train Loss 0.022122
Epoch 11848/20000 | Train Loss 0.027044
Epoch 11849/20000 | Train Loss 0.013209
Epoch 11850/20000 | Train Loss 0.015653
Epoch 11851/20000 | Train Loss 0.016910
Epoch 11852/20000 | Train Loss 0.014030
Epoch 11853/20000 | Train Loss 0.012243
Epoch 11854/20000 | Train Loss 0.012989
Epoch 11855/20000 | Train Loss 0.018752
Epoch 11856/20000 | Train Loss 0.013602
Epoch 11857/20000 | Train Loss 0.022158
Epoch 11858/20000 | Train Loss 0.015291
Epoch 11859/20000 | Train Loss 0.023335
Epoch 11860/20000 | Train Loss 0.018824
Epoch 11861/20000 | Train Loss 0.014069
Epoch 11862/20000 | Train Loss 0.015200
Epoch 11863/20000 | Train Loss 0.019253
Epoch 11864/20000 | Train Loss 0.013378
Epoch 11865/20000 | Train Loss 0.021898
Epoch 11866/20000 | Train Loss 0.018658
Epoch 11867/20000 | Train Loss 0.025658
Epoch 11868/20000 | Train Loss 0.014649
Epoch 11869/20000 | Train Loss 0.014836
Epoch 11870/20000 | Train Loss 0.016042
Epoch 11871/20000 | Train Loss 0.018692
Epoch 11872/20000 | Train Loss 0.015586
Epoch 11873/20000 | Train Loss 0.024202
Epoch 11874/20000 | Train Loss 0.030852
Epoch 11875/20000 | Train Loss 0.033345
Epoch 11876/20000 | Train Loss 0.025430
Epoch 11877/20000 | Train Loss 0.018869
Epoch 11878/20000 | Train Loss 0.018892
Epoch 11879/20000 | Train Loss 0.019033
Epoch 11880/20000 | Train Loss 0.011989
Epoch 11881/20000 | Train Loss 0.018695
Epoch 11882/20000 | Train Loss 0.013125
Epoch 11883/20000 | Train Loss 0.020113
Epoch 11884/20000 | Train Loss 0.016497
Epoch 11885/20000 | Train Loss 0.019676
Epoch 11886/20000 | Train Loss 0.015722
Epoch 11887/20000 | Train Loss 0.015706
Epoch 11888/20000 | Train Loss 0.016681
Epoch 11889/20000 | Train Loss 0.017359
Epoch 11890/20000 | Train Loss 0.023132
Epoch 11891/20000 | Train Loss 0.050656
Epoch 11892/20000 | Train Loss 0.071311
Epoch 11893/20000 | Train Loss 0.043053
Epoch 11894/20000 | Train Loss 0.027100
Epoch 11895/20000 | Train Loss 0.030334
Epoch 11896/20000 | Train Loss 0.030474
Epoch 11897/20000 | Train Loss 0.018385
Epoch 11898/20000 | Train Loss 0.046044
Epoch 11899/20000 | Train Loss 0.036240
Epoch 11900/20000 | Train Loss 0.025099
Epoch 11901/20000 | Train Loss 0.023460
Epoch 11902/20000 | Train Loss 0.033827
Epoch 11903/20000 | Train Loss 0.042340
Epoch 11904/20000 | Train Loss 0.040860
Epoch 11905/20000 | Train Loss 0.065620
Epoch 11906/20000 | Train Loss 0.082797
Epoch 11907/20000 | Train Loss 0.045151
Epoch 11908/20000 | Train Loss 0.048373
Epoch 11909/20000 | Train Loss 0.036168
Epoch 11910/20000 | Train Loss 0.032691
Epoch 11911/20000 | Train Loss 0.019653
Epoch 11912/20000 | Train Loss 0.029074
Epoch 11913/20000 | Train Loss 0.033261
Epoch 11914/20000 | Train Loss 0.026966
Epoch 11915/20000 | Train Loss 0.016378
Epoch 11916/20000 | Train Loss 0.019645
Epoch 11917/20000 | Train Loss 0.020868
Epoch 11918/20000 | Train Loss 0.018357
Epoch 11919/20000 | Train Loss 0.029713
Epoch 11920/20000 | Train Loss 0.028190
Epoch 11921/20000 | Train Loss 0.025084
Epoch 11922/20000 | Train Loss 0.026432
Epoch 11923/20000 | Train Loss 0.020348
Epoch 11924/20000 | Train Loss 0.018643
Epoch 11925/20000 | Train Loss 0.018697
Epoch 11926/20000 | Train Loss 0.037279
Epoch 11927/20000 | Train Loss 0.029475
Epoch 11928/20000 | Train Loss 0.031856
Epoch 11929/20000 | Train Loss 0.101005
Epoch 11930/20000 | Train Loss 0.063125
Epoch 11931/20000 | Train Loss 0.036490
Epoch 11932/20000 | Train Loss 0.041877
Epoch 11933/20000 | Train Loss 0.035125
Epoch 11934/20000 | Train Loss 0.028613
Epoch 11935/20000 | Train Loss 0.021397
Epoch 11936/20000 | Train Loss 0.020795
Epoch 11937/20000 | Train Loss 0.017338
Epoch 11938/20000 | Train Loss 0.012128
Epoch 11939/20000 | Train Loss 0.014979
Epoch 11940/20000 | Train Loss 0.018193
Epoch 11941/20000 | Train Loss 0.017925
Epoch 11942/20000 | Train Loss 0.018976
Epoch 11943/20000 | Train Loss 0.018274
Epoch 11944/20000 | Train Loss 0.018408
Epoch 11945/20000 | Train Loss 0.017570
Epoch 11946/20000 | Train Loss 0.021083
Epoch 11947/20000 | Train Loss 0.022133
Epoch 11948/20000 | Train Loss 0.031094
Epoch 11949/20000 | Train Loss 0.024700
Epoch 11950/20000 | Train Loss 0.017349
Epoch 11951/20000 | Train Loss 0.013420
Epoch 11952/20000 | Train Loss 0.023748
Epoch 11953/20000 | Train Loss 0.030841
Epoch 11954/20000 | Train Loss 0.025370
Epoch 11955/20000 | Train Loss 0.026530
Epoch 11956/20000 | Train Loss 0.023312
Epoch 11957/20000 | Train Loss 0.022269
Epoch 11958/20000 | Train Loss 0.018576
Epoch 11959/20000 | Train Loss 0.020263
Epoch 11960/20000 | Train Loss 0.011642
Epoch 11961/20000 | Train Loss 0.021804
Epoch 11962/20000 | Train Loss 0.026998
Epoch 11963/20000 | Train Loss 0.034254
Epoch 11964/20000 | Train Loss 0.045169
Epoch 11965/20000 | Train Loss 0.022693
Epoch 11966/20000 | Train Loss 0.024422
Epoch 11967/20000 | Train Loss 0.025311
Epoch 11968/20000 | Train Loss 0.015294
Epoch 11969/20000 | Train Loss 0.017629
Epoch 11970/20000 | Train Loss 0.012911
Epoch 11971/20000 | Train Loss 0.014639
Epoch 11972/20000 | Train Loss 0.019404
Epoch 11973/20000 | Train Loss 0.016776
Epoch 11974/20000 | Train Loss 0.020668
Epoch 11975/20000 | Train Loss 0.025098
Epoch 11976/20000 | Train Loss 0.035609
Epoch 11977/20000 | Train Loss 0.030666
Epoch 11978/20000 | Train Loss 0.020671
Epoch 11979/20000 | Train Loss 0.013567
Epoch 11980/20000 | Train Loss 0.016215
Epoch 11981/20000 | Train Loss 0.017473
Epoch 11982/20000 | Train Loss 0.012061
Epoch 11983/20000 | Train Loss 0.014385
Epoch 11984/20000 | Train Loss 0.017103
Epoch 11985/20000 | Train Loss 0.013448
Epoch 11986/20000 | Train Loss 0.024523
Epoch 11987/20000 | Train Loss 0.014428
Epoch 11988/20000 | Train Loss 0.016886
Epoch 11989/20000 | Train Loss 0.020310
Epoch 11990/20000 | Train Loss 0.014197
Epoch 11991/20000 | Train Loss 0.013075
Epoch 11992/20000 | Train Loss 0.019536
Epoch 11993/20000 | Train Loss 0.023229
Epoch 11994/20000 | Train Loss 0.027107
Epoch 11995/20000 | Train Loss 0.015123
Epoch 11996/20000 | Train Loss 0.015744
Epoch 11997/20000 | Train Loss 0.014420
Epoch 11998/20000 | Train Loss 0.012605
Epoch 11999/20000 | Train Loss 0.012271
Epoch 12000/20000 | Train Loss 0.013989
  --> Checkpoint saved at epoch 12000.
Epoch 12001/20000 | Train Loss 0.015760
Epoch 12002/20000 | Train Loss 0.012759
Epoch 12003/20000 | Train Loss 0.009919
Epoch 12004/20000 | Train Loss 0.015981
Epoch 12005/20000 | Train Loss 0.017609
Epoch 12006/20000 | Train Loss 0.018373
Epoch 12007/20000 | Train Loss 0.016201
Epoch 12008/20000 | Train Loss 0.018295
Epoch 12009/20000 | Train Loss 0.027520
Epoch 12010/20000 | Train Loss 0.037069
Epoch 12011/20000 | Train Loss 0.027235
Epoch 12012/20000 | Train Loss 0.021618
Epoch 12013/20000 | Train Loss 0.017998
Epoch 12014/20000 | Train Loss 0.022420
Epoch 12015/20000 | Train Loss 0.021182
Epoch 12016/20000 | Train Loss 0.023850
Epoch 12017/20000 | Train Loss 0.024652
Epoch 12018/20000 | Train Loss 0.015480
Epoch 12019/20000 | Train Loss 0.013552
Epoch 12020/20000 | Train Loss 0.019692
Epoch 12021/20000 | Train Loss 0.017876
Epoch 12022/20000 | Train Loss 0.020418
Epoch 12023/20000 | Train Loss 0.020972
Epoch 12024/20000 | Train Loss 0.016476
Epoch 12025/20000 | Train Loss 0.016454
Epoch 12026/20000 | Train Loss 0.015018
Epoch 12027/20000 | Train Loss 0.016810
Epoch 12028/20000 | Train Loss 0.014198
Epoch 12029/20000 | Train Loss 0.014506
Epoch 12030/20000 | Train Loss 0.013889
Epoch 12031/20000 | Train Loss 0.015957
Epoch 12032/20000 | Train Loss 0.019269
Epoch 12033/20000 | Train Loss 0.034387
Epoch 12034/20000 | Train Loss 0.034192
Epoch 12035/20000 | Train Loss 0.024944
Epoch 12036/20000 | Train Loss 0.015836
Epoch 12037/20000 | Train Loss 0.021213
Epoch 12038/20000 | Train Loss 0.025694
Epoch 12039/20000 | Train Loss 0.013002
Epoch 12040/20000 | Train Loss 0.016552
Epoch 12041/20000 | Train Loss 0.013821
Epoch 12042/20000 | Train Loss 0.028426
Epoch 12043/20000 | Train Loss 0.042012
Epoch 12044/20000 | Train Loss 0.038537
Epoch 12045/20000 | Train Loss 0.026838
Epoch 12046/20000 | Train Loss 0.022050
Epoch 12047/20000 | Train Loss 0.028703
Epoch 12048/20000 | Train Loss 0.025368
Epoch 12049/20000 | Train Loss 0.019197
Epoch 12050/20000 | Train Loss 0.025289
Epoch 12051/20000 | Train Loss 0.018855
Epoch 12052/20000 | Train Loss 0.017246
Epoch 12053/20000 | Train Loss 0.018038
Epoch 12054/20000 | Train Loss 0.018111
Epoch 12055/20000 | Train Loss 0.016547
Epoch 12056/20000 | Train Loss 0.027275
Epoch 12057/20000 | Train Loss 0.029884
Epoch 12058/20000 | Train Loss 0.027741
Epoch 12059/20000 | Train Loss 0.020665
Epoch 12060/20000 | Train Loss 0.026757
Epoch 12061/20000 | Train Loss 0.021026
Epoch 12062/20000 | Train Loss 0.026155
Epoch 12063/20000 | Train Loss 0.024789
Epoch 12064/20000 | Train Loss 0.019985
Epoch 12065/20000 | Train Loss 0.018619
Epoch 12066/20000 | Train Loss 0.010575
Epoch 12067/20000 | Train Loss 0.013381
Epoch 12068/20000 | Train Loss 0.013328
Epoch 12069/20000 | Train Loss 0.016068
Epoch 12070/20000 | Train Loss 0.040933
Epoch 12071/20000 | Train Loss 0.079564
Epoch 12072/20000 | Train Loss 0.037372
Epoch 12073/20000 | Train Loss 0.035214
Epoch 12074/20000 | Train Loss 0.032643
Epoch 12075/20000 | Train Loss 0.032768
Epoch 12076/20000 | Train Loss 0.031233
Epoch 12077/20000 | Train Loss 0.023372
Epoch 12078/20000 | Train Loss 0.013488
Epoch 12079/20000 | Train Loss 0.019594
Epoch 12080/20000 | Train Loss 0.022510
Epoch 12081/20000 | Train Loss 0.016128
Epoch 12082/20000 | Train Loss 0.021655
Epoch 12083/20000 | Train Loss 0.020231
Epoch 12084/20000 | Train Loss 0.018871
Epoch 12085/20000 | Train Loss 0.014554
Epoch 12086/20000 | Train Loss 0.011872
Epoch 12087/20000 | Train Loss 0.019589
Epoch 12088/20000 | Train Loss 0.018022
Epoch 12089/20000 | Train Loss 0.020952
Epoch 12090/20000 | Train Loss 0.021298
Epoch 12091/20000 | Train Loss 0.018774
Epoch 12092/20000 | Train Loss 0.018405
Epoch 12093/20000 | Train Loss 0.018842
Epoch 12094/20000 | Train Loss 0.022822
Epoch 12095/20000 | Train Loss 0.018141
Epoch 12096/20000 | Train Loss 0.016269
Epoch 12097/20000 | Train Loss 0.015001
Epoch 12098/20000 | Train Loss 0.019913
Epoch 12099/20000 | Train Loss 0.017662
Epoch 12100/20000 | Train Loss 0.021319
Epoch 12101/20000 | Train Loss 0.029711
Epoch 12102/20000 | Train Loss 0.027868
Epoch 12103/20000 | Train Loss 0.031324
Epoch 12104/20000 | Train Loss 0.022329
Epoch 12105/20000 | Train Loss 0.019453
Epoch 12106/20000 | Train Loss 0.018065
Epoch 12107/20000 | Train Loss 0.013910
Epoch 12108/20000 | Train Loss 0.012522
Epoch 12109/20000 | Train Loss 0.013080
Epoch 12110/20000 | Train Loss 0.019586
Epoch 12111/20000 | Train Loss 0.023305
Epoch 12112/20000 | Train Loss 0.011615
Epoch 12113/20000 | Train Loss 0.021583
Epoch 12114/20000 | Train Loss 0.030062
Epoch 12115/20000 | Train Loss 0.026644
Epoch 12116/20000 | Train Loss 0.029338
Epoch 12117/20000 | Train Loss 0.030470
Epoch 12118/20000 | Train Loss 0.019163
Epoch 12119/20000 | Train Loss 0.015435
Epoch 12120/20000 | Train Loss 0.023923
Epoch 12121/20000 | Train Loss 0.026822
Epoch 12122/20000 | Train Loss 0.024775
Epoch 12123/20000 | Train Loss 0.021488
Epoch 12124/20000 | Train Loss 0.017957
Epoch 12125/20000 | Train Loss 0.014652
Epoch 12126/20000 | Train Loss 0.013647
Epoch 12127/20000 | Train Loss 0.015630
Epoch 12128/20000 | Train Loss 0.020984
Epoch 12129/20000 | Train Loss 0.030959
Epoch 12130/20000 | Train Loss 0.035123
Epoch 12131/20000 | Train Loss 0.059840
Epoch 12132/20000 | Train Loss 0.036357
Epoch 12133/20000 | Train Loss 0.022803
Epoch 12134/20000 | Train Loss 0.030457
Epoch 12135/20000 | Train Loss 0.019303
Epoch 12136/20000 | Train Loss 0.022252
Epoch 12137/20000 | Train Loss 0.016859
Epoch 12138/20000 | Train Loss 0.027091
Epoch 12139/20000 | Train Loss 0.017088
Epoch 12140/20000 | Train Loss 0.018345
Epoch 12141/20000 | Train Loss 0.022073
Epoch 12142/20000 | Train Loss 0.013491
Epoch 12143/20000 | Train Loss 0.014533
Epoch 12144/20000 | Train Loss 0.012711
Epoch 12145/20000 | Train Loss 0.015292
Epoch 12146/20000 | Train Loss 0.016763
Epoch 12147/20000 | Train Loss 0.019983
Epoch 12148/20000 | Train Loss 0.015187
Epoch 12149/20000 | Train Loss 0.013577
Epoch 12150/20000 | Train Loss 0.017467
Epoch 12151/20000 | Train Loss 0.020043
Epoch 12152/20000 | Train Loss 0.018568
Epoch 12153/20000 | Train Loss 0.015390
Epoch 12154/20000 | Train Loss 0.016044
Epoch 12155/20000 | Train Loss 0.015501
Epoch 12156/20000 | Train Loss 0.019315
Epoch 12157/20000 | Train Loss 0.011649
Epoch 12158/20000 | Train Loss 0.014079
Epoch 12159/20000 | Train Loss 0.010602
Epoch 12160/20000 | Train Loss 0.015459
Epoch 12161/20000 | Train Loss 0.013207
Epoch 12162/20000 | Train Loss 0.017791
Epoch 12163/20000 | Train Loss 0.026758
Epoch 12164/20000 | Train Loss 0.021417
Epoch 12165/20000 | Train Loss 0.019396
Epoch 12166/20000 | Train Loss 0.019982
Epoch 12167/20000 | Train Loss 0.024995
Epoch 12168/20000 | Train Loss 0.019037
Epoch 12169/20000 | Train Loss 0.011982
Epoch 12170/20000 | Train Loss 0.017021
Epoch 12171/20000 | Train Loss 0.015402
Epoch 12172/20000 | Train Loss 0.017639
Epoch 12173/20000 | Train Loss 0.016140
Epoch 12174/20000 | Train Loss 0.018433
Epoch 12175/20000 | Train Loss 0.017001
Epoch 12176/20000 | Train Loss 0.025289
Epoch 12177/20000 | Train Loss 0.015650
Epoch 12178/20000 | Train Loss 0.018542
Epoch 12179/20000 | Train Loss 0.014781
Epoch 12180/20000 | Train Loss 0.021054
Epoch 12181/20000 | Train Loss 0.031923
Epoch 12182/20000 | Train Loss 0.020940
Epoch 12183/20000 | Train Loss 0.017522
Epoch 12184/20000 | Train Loss 0.020863
Epoch 12185/20000 | Train Loss 0.030803
Epoch 12186/20000 | Train Loss 0.028945
Epoch 12187/20000 | Train Loss 0.031288
Epoch 12188/20000 | Train Loss 0.040872
Epoch 12189/20000 | Train Loss 0.029820
Epoch 12190/20000 | Train Loss 0.031893
Epoch 12191/20000 | Train Loss 0.032309
Epoch 12192/20000 | Train Loss 0.024562
Epoch 12193/20000 | Train Loss 0.015768
Epoch 12194/20000 | Train Loss 0.018041
Epoch 12195/20000 | Train Loss 0.016202
Epoch 12196/20000 | Train Loss 0.020705
Epoch 12197/20000 | Train Loss 0.027909
Epoch 12198/20000 | Train Loss 0.043487
Epoch 12199/20000 | Train Loss 0.071329
Epoch 12200/20000 | Train Loss 0.370124
Epoch 12201/20000 | Train Loss 0.203015
Epoch 12202/20000 | Train Loss 0.198284
Epoch 12203/20000 | Train Loss 0.164631
Epoch 12204/20000 | Train Loss 0.173653
Epoch 12205/20000 | Train Loss 0.119545
Epoch 12206/20000 | Train Loss 0.112038
Epoch 12207/20000 | Train Loss 0.086892
Epoch 12208/20000 | Train Loss 0.092370
Epoch 12209/20000 | Train Loss 0.072901
Epoch 12210/20000 | Train Loss 0.062657
Epoch 12211/20000 | Train Loss 0.056522
Epoch 12212/20000 | Train Loss 0.044397
Epoch 12213/20000 | Train Loss 0.053342
Epoch 12214/20000 | Train Loss 0.062911
Epoch 12215/20000 | Train Loss 0.048018
Epoch 12216/20000 | Train Loss 0.051174
Epoch 12217/20000 | Train Loss 0.040372
Epoch 12218/20000 | Train Loss 0.033255
Epoch 12219/20000 | Train Loss 0.041366
Epoch 12220/20000 | Train Loss 0.029966
Epoch 12221/20000 | Train Loss 0.037321
Epoch 12222/20000 | Train Loss 0.035823
Epoch 12223/20000 | Train Loss 0.026637
Epoch 12224/20000 | Train Loss 0.023696
Epoch 12225/20000 | Train Loss 0.020635
Epoch 12226/20000 | Train Loss 0.025687
Epoch 12227/20000 | Train Loss 0.022761
Epoch 12228/20000 | Train Loss 0.020580
Epoch 12229/20000 | Train Loss 0.020470
Epoch 12230/20000 | Train Loss 0.020597
Epoch 12231/20000 | Train Loss 0.019146
Epoch 12232/20000 | Train Loss 0.022197
Epoch 12233/20000 | Train Loss 0.020353
Epoch 12234/20000 | Train Loss 0.022345
Epoch 12235/20000 | Train Loss 0.013527
Epoch 12236/20000 | Train Loss 0.017666
Epoch 12237/20000 | Train Loss 0.027779
Epoch 12238/20000 | Train Loss 0.022484
Epoch 12239/20000 | Train Loss 0.029301
Epoch 12240/20000 | Train Loss 0.041307
Epoch 12241/20000 | Train Loss 0.047381
Epoch 12242/20000 | Train Loss 0.033419
Epoch 12243/20000 | Train Loss 0.022750
Epoch 12244/20000 | Train Loss 0.019954
Epoch 12245/20000 | Train Loss 0.019799
Epoch 12246/20000 | Train Loss 0.019263
Epoch 12247/20000 | Train Loss 0.023204
Epoch 12248/20000 | Train Loss 0.013949
Epoch 12249/20000 | Train Loss 0.020721
Epoch 12250/20000 | Train Loss 0.014896
Epoch 12251/20000 | Train Loss 0.019800
Epoch 12252/20000 | Train Loss 0.016655
Epoch 12253/20000 | Train Loss 0.019786
Epoch 12254/20000 | Train Loss 0.024072
Epoch 12255/20000 | Train Loss 0.024320
Epoch 12256/20000 | Train Loss 0.024314
Epoch 12257/20000 | Train Loss 0.018905
Epoch 12258/20000 | Train Loss 0.021235
Epoch 12259/20000 | Train Loss 0.027547
Epoch 12260/20000 | Train Loss 0.018322
Epoch 12261/20000 | Train Loss 0.016377
Epoch 12262/20000 | Train Loss 0.020403
Epoch 12263/20000 | Train Loss 0.016345
Epoch 12264/20000 | Train Loss 0.013634
Epoch 12265/20000 | Train Loss 0.011149
Epoch 12266/20000 | Train Loss 0.013957
Epoch 12267/20000 | Train Loss 0.017405
Epoch 12268/20000 | Train Loss 0.017640
Epoch 12269/20000 | Train Loss 0.024311
Epoch 12270/20000 | Train Loss 0.019394
Epoch 12271/20000 | Train Loss 0.019261
Epoch 12272/20000 | Train Loss 0.014575
Epoch 12273/20000 | Train Loss 0.020941
Epoch 12274/20000 | Train Loss 0.016997
Epoch 12275/20000 | Train Loss 0.025078
Epoch 12276/20000 | Train Loss 0.027610
Epoch 12277/20000 | Train Loss 0.035376
Epoch 12278/20000 | Train Loss 0.029298
Epoch 12279/20000 | Train Loss 0.020649
Epoch 12280/20000 | Train Loss 0.016792
Epoch 12281/20000 | Train Loss 0.018016
Epoch 12282/20000 | Train Loss 0.021912
Epoch 12283/20000 | Train Loss 0.016778
Epoch 12284/20000 | Train Loss 0.016164
Epoch 12285/20000 | Train Loss 0.013516
Epoch 12286/20000 | Train Loss 0.019920
Epoch 12287/20000 | Train Loss 0.020104
Epoch 12288/20000 | Train Loss 0.022111
Epoch 12289/20000 | Train Loss 0.016627
Epoch 12290/20000 | Train Loss 0.024427
Epoch 12291/20000 | Train Loss 0.018852
Epoch 12292/20000 | Train Loss 0.018921
Epoch 12293/20000 | Train Loss 0.018480
Epoch 12294/20000 | Train Loss 0.015603
Epoch 12295/20000 | Train Loss 0.018175
Epoch 12296/20000 | Train Loss 0.016990
Epoch 12297/20000 | Train Loss 0.019227
Epoch 12298/20000 | Train Loss 0.013937
Epoch 12299/20000 | Train Loss 0.016890
Epoch 12300/20000 | Train Loss 0.019372
Epoch 12301/20000 | Train Loss 0.011260
Epoch 12302/20000 | Train Loss 0.009635
Epoch 12303/20000 | Train Loss 0.015941
Epoch 12304/20000 | Train Loss 0.016667
Epoch 12305/20000 | Train Loss 0.011956
Epoch 12306/20000 | Train Loss 0.015150
Epoch 12307/20000 | Train Loss 0.018574
Epoch 12308/20000 | Train Loss 0.018126
Epoch 12309/20000 | Train Loss 0.013866
Epoch 12310/20000 | Train Loss 0.020798
Epoch 12311/20000 | Train Loss 0.014280
Epoch 12312/20000 | Train Loss 0.009171
Epoch 12313/20000 | Train Loss 0.013375
Epoch 12314/20000 | Train Loss 0.018941
Epoch 12315/20000 | Train Loss 0.011203
Epoch 12316/20000 | Train Loss 0.011402
Epoch 12317/20000 | Train Loss 0.014411
Epoch 12318/20000 | Train Loss 0.016796
Epoch 12319/20000 | Train Loss 0.024420
Epoch 12320/20000 | Train Loss 0.028890
Epoch 12321/20000 | Train Loss 0.018360
Epoch 12322/20000 | Train Loss 0.018749
Epoch 12323/20000 | Train Loss 0.025920
Epoch 12324/20000 | Train Loss 0.027432
Epoch 12325/20000 | Train Loss 0.015073
Epoch 12326/20000 | Train Loss 0.020178
Epoch 12327/20000 | Train Loss 0.022010
Epoch 12328/20000 | Train Loss 0.032460
Epoch 12329/20000 | Train Loss 0.026064
Epoch 12330/20000 | Train Loss 0.025067
Epoch 12331/20000 | Train Loss 0.014714
Epoch 12332/20000 | Train Loss 0.013762
Epoch 12333/20000 | Train Loss 0.017849
Epoch 12334/20000 | Train Loss 0.014010
Epoch 12335/20000 | Train Loss 0.017957
Epoch 12336/20000 | Train Loss 0.014435
Epoch 12337/20000 | Train Loss 0.029405
Epoch 12338/20000 | Train Loss 0.049083
Epoch 12339/20000 | Train Loss 0.050942
Epoch 12340/20000 | Train Loss 0.023780
Epoch 12341/20000 | Train Loss 0.019661
Epoch 12342/20000 | Train Loss 0.018480
Epoch 12343/20000 | Train Loss 0.018936
Epoch 12344/20000 | Train Loss 0.018252
Epoch 12345/20000 | Train Loss 0.012497
Epoch 12346/20000 | Train Loss 0.020065
Epoch 12347/20000 | Train Loss 0.017485
Epoch 12348/20000 | Train Loss 0.022032
Epoch 12349/20000 | Train Loss 0.016314
Epoch 12350/20000 | Train Loss 0.028434
Epoch 12351/20000 | Train Loss 0.018121
Epoch 12352/20000 | Train Loss 0.021696
Epoch 12353/20000 | Train Loss 0.023289
Epoch 12354/20000 | Train Loss 0.022387
Epoch 12355/20000 | Train Loss 0.023038
Epoch 12356/20000 | Train Loss 0.026247
Epoch 12357/20000 | Train Loss 0.014140
Epoch 12358/20000 | Train Loss 0.018571
Epoch 12359/20000 | Train Loss 0.016050
Epoch 12360/20000 | Train Loss 0.014948
Epoch 12361/20000 | Train Loss 0.016548
Epoch 12362/20000 | Train Loss 0.012541
Epoch 12363/20000 | Train Loss 0.014252
Epoch 12364/20000 | Train Loss 0.023267
Epoch 12365/20000 | Train Loss 0.024582
Epoch 12366/20000 | Train Loss 0.017564
Epoch 12367/20000 | Train Loss 0.025088
Epoch 12368/20000 | Train Loss 0.013089
Epoch 12369/20000 | Train Loss 0.020732
Epoch 12370/20000 | Train Loss 0.023411
Epoch 12371/20000 | Train Loss 0.019369
Epoch 12372/20000 | Train Loss 0.022248
Epoch 12373/20000 | Train Loss 0.018206
Epoch 12374/20000 | Train Loss 0.018030
Epoch 12375/20000 | Train Loss 0.024654
Epoch 12376/20000 | Train Loss 0.024655
Epoch 12377/20000 | Train Loss 0.024421
Epoch 12378/20000 | Train Loss 0.017993
Epoch 12379/20000 | Train Loss 0.022182
Epoch 12380/20000 | Train Loss 0.021213
Epoch 12381/20000 | Train Loss 0.019750
Epoch 12382/20000 | Train Loss 0.019027
Epoch 12383/20000 | Train Loss 0.016790
Epoch 12384/20000 | Train Loss 0.016066
Epoch 12385/20000 | Train Loss 0.022078
Epoch 12386/20000 | Train Loss 0.026319
Epoch 12387/20000 | Train Loss 0.029783
Epoch 12388/20000 | Train Loss 0.023110
Epoch 12389/20000 | Train Loss 0.018172
Epoch 12390/20000 | Train Loss 0.012734
Epoch 12391/20000 | Train Loss 0.015727
Epoch 12392/20000 | Train Loss 0.020477
Epoch 12393/20000 | Train Loss 0.019044
Epoch 12394/20000 | Train Loss 0.012898
Epoch 12395/20000 | Train Loss 0.017217
Epoch 12396/20000 | Train Loss 0.012180
Epoch 12397/20000 | Train Loss 0.014478
Epoch 12398/20000 | Train Loss 0.019301
Epoch 12399/20000 | Train Loss 0.024612
Epoch 12400/20000 | Train Loss 0.024719
Epoch 12401/20000 | Train Loss 0.020386
Epoch 12402/20000 | Train Loss 0.018237
Epoch 12403/20000 | Train Loss 0.011899
Epoch 12404/20000 | Train Loss 0.016897
Epoch 12405/20000 | Train Loss 0.009504
Epoch 12406/20000 | Train Loss 0.013450
Epoch 12407/20000 | Train Loss 0.015273
Epoch 12408/20000 | Train Loss 0.025272
Epoch 12409/20000 | Train Loss 0.042525
Epoch 12410/20000 | Train Loss 0.031755
Epoch 12411/20000 | Train Loss 0.024312
Epoch 12412/20000 | Train Loss 0.020452
Epoch 12413/20000 | Train Loss 0.011103
Epoch 12414/20000 | Train Loss 0.019449
Epoch 12415/20000 | Train Loss 0.016076
Epoch 12416/20000 | Train Loss 0.016102
Epoch 12417/20000 | Train Loss 0.020195
Epoch 12418/20000 | Train Loss 0.015861
Epoch 12419/20000 | Train Loss 0.020633
Epoch 12420/20000 | Train Loss 0.025122
Epoch 12421/20000 | Train Loss 0.021522
Epoch 12422/20000 | Train Loss 0.020021
Epoch 12423/20000 | Train Loss 0.016152
Epoch 12424/20000 | Train Loss 0.018665
Epoch 12425/20000 | Train Loss 0.018722
Epoch 12426/20000 | Train Loss 0.021996
Epoch 12427/20000 | Train Loss 0.018879
Epoch 12428/20000 | Train Loss 0.014615
Epoch 12429/20000 | Train Loss 0.018326
Epoch 12430/20000 | Train Loss 0.019499
Epoch 12431/20000 | Train Loss 0.019862
Epoch 12432/20000 | Train Loss 0.014098
Epoch 12433/20000 | Train Loss 0.009244
Epoch 12434/20000 | Train Loss 0.014017
Epoch 12435/20000 | Train Loss 0.012379
Epoch 12436/20000 | Train Loss 0.017687
Epoch 12437/20000 | Train Loss 0.016554
Epoch 12438/20000 | Train Loss 0.015439
Epoch 12439/20000 | Train Loss 0.024012
Epoch 12440/20000 | Train Loss 0.023467
Epoch 12441/20000 | Train Loss 0.030845
Epoch 12442/20000 | Train Loss 0.031904
Epoch 12443/20000 | Train Loss 0.037079
Epoch 12444/20000 | Train Loss 0.025793
Epoch 12445/20000 | Train Loss 0.023537
Epoch 12446/20000 | Train Loss 0.020204
Epoch 12447/20000 | Train Loss 0.018305
Epoch 12448/20000 | Train Loss 0.019223
Epoch 12449/20000 | Train Loss 0.012522
Epoch 12450/20000 | Train Loss 0.015636
Epoch 12451/20000 | Train Loss 0.020202
Epoch 12452/20000 | Train Loss 0.025344
Epoch 12453/20000 | Train Loss 0.020589
Epoch 12454/20000 | Train Loss 0.017713
Epoch 12455/20000 | Train Loss 0.021760
Epoch 12456/20000 | Train Loss 0.020144
Epoch 12457/20000 | Train Loss 0.019996
Epoch 12458/20000 | Train Loss 0.036492
Epoch 12459/20000 | Train Loss 0.057643
Epoch 12460/20000 | Train Loss 0.083807
Epoch 12461/20000 | Train Loss 0.070820
Epoch 12462/20000 | Train Loss 0.097792
Epoch 12463/20000 | Train Loss 0.123805
Epoch 12464/20000 | Train Loss 0.083189
Epoch 12465/20000 | Train Loss 0.046904
Epoch 12466/20000 | Train Loss 0.045113
Epoch 12467/20000 | Train Loss 0.035076
Epoch 12468/20000 | Train Loss 0.029596
Epoch 12469/20000 | Train Loss 0.026391
Epoch 12470/20000 | Train Loss 0.030566
Epoch 12471/20000 | Train Loss 0.028568
Epoch 12472/20000 | Train Loss 0.021006
Epoch 12473/20000 | Train Loss 0.026668
Epoch 12474/20000 | Train Loss 0.024803
Epoch 12475/20000 | Train Loss 0.023501
Epoch 12476/20000 | Train Loss 0.020635
Epoch 12477/20000 | Train Loss 0.019794
Epoch 12478/20000 | Train Loss 0.023938
Epoch 12479/20000 | Train Loss 0.018714
Epoch 12480/20000 | Train Loss 0.020330
Epoch 12481/20000 | Train Loss 0.017957
Epoch 12482/20000 | Train Loss 0.010873
Epoch 12483/20000 | Train Loss 0.011910
Epoch 12484/20000 | Train Loss 0.013526
Epoch 12485/20000 | Train Loss 0.010995
Epoch 12486/20000 | Train Loss 0.020983
Epoch 12487/20000 | Train Loss 0.025226
Epoch 12488/20000 | Train Loss 0.023083
Epoch 12489/20000 | Train Loss 0.021718
Epoch 12490/20000 | Train Loss 0.020012
Epoch 12491/20000 | Train Loss 0.017984
Epoch 12492/20000 | Train Loss 0.021384
Epoch 12493/20000 | Train Loss 0.020225
Epoch 12494/20000 | Train Loss 0.020675
Epoch 12495/20000 | Train Loss 0.024346
Epoch 12496/20000 | Train Loss 0.026935
Epoch 12497/20000 | Train Loss 0.024839
Epoch 12498/20000 | Train Loss 0.026624
Epoch 12499/20000 | Train Loss 0.024123
Epoch 12500/20000 | Train Loss 0.023116
  --> Checkpoint saved at epoch 12500.
Epoch 12501/20000 | Train Loss 0.016189
Epoch 12502/20000 | Train Loss 0.013229
Epoch 12503/20000 | Train Loss 0.016074
Epoch 12504/20000 | Train Loss 0.013141
Epoch 12505/20000 | Train Loss 0.013512
Epoch 12506/20000 | Train Loss 0.014601
Epoch 12507/20000 | Train Loss 0.016144
Epoch 12508/20000 | Train Loss 0.014065
Epoch 12509/20000 | Train Loss 0.021424
Epoch 12510/20000 | Train Loss 0.014609
Epoch 12511/20000 | Train Loss 0.015840
Epoch 12512/20000 | Train Loss 0.015627
Epoch 12513/20000 | Train Loss 0.019977
Epoch 12514/20000 | Train Loss 0.016942
Epoch 12515/20000 | Train Loss 0.020020
Epoch 12516/20000 | Train Loss 0.017834
Epoch 12517/20000 | Train Loss 0.021308
Epoch 12518/20000 | Train Loss 0.019650
Epoch 12519/20000 | Train Loss 0.017031
Epoch 12520/20000 | Train Loss 0.025622
Epoch 12521/20000 | Train Loss 0.019734
Epoch 12522/20000 | Train Loss 0.024436
Epoch 12523/20000 | Train Loss 0.025759
Epoch 12524/20000 | Train Loss 0.018688
Epoch 12525/20000 | Train Loss 0.012647
Epoch 12526/20000 | Train Loss 0.018397
Epoch 12527/20000 | Train Loss 0.015366
Epoch 12528/20000 | Train Loss 0.015650
Epoch 12529/20000 | Train Loss 0.016039
Epoch 12530/20000 | Train Loss 0.016945
Epoch 12531/20000 | Train Loss 0.016061
Epoch 12532/20000 | Train Loss 0.020303
Epoch 12533/20000 | Train Loss 0.019060
Epoch 12534/20000 | Train Loss 0.016191
Epoch 12535/20000 | Train Loss 0.012826
Epoch 12536/20000 | Train Loss 0.013089
Epoch 12537/20000 | Train Loss 0.021876
Epoch 12538/20000 | Train Loss 0.016689
Epoch 12539/20000 | Train Loss 0.029035
Epoch 12540/20000 | Train Loss 0.015527
Epoch 12541/20000 | Train Loss 0.013962
Epoch 12542/20000 | Train Loss 0.016618
Epoch 12543/20000 | Train Loss 0.023259
Epoch 12544/20000 | Train Loss 0.021911
Epoch 12545/20000 | Train Loss 0.020428
Epoch 12546/20000 | Train Loss 0.014009
Epoch 12547/20000 | Train Loss 0.016426
Epoch 12548/20000 | Train Loss 0.010754
Epoch 12549/20000 | Train Loss 0.011531
Epoch 12550/20000 | Train Loss 0.015536
Epoch 12551/20000 | Train Loss 0.035089
Epoch 12552/20000 | Train Loss 0.043896
Epoch 12553/20000 | Train Loss 0.050530
Epoch 12554/20000 | Train Loss 0.038295
Epoch 12555/20000 | Train Loss 0.020760
Epoch 12556/20000 | Train Loss 0.020568
Epoch 12557/20000 | Train Loss 0.021614
Epoch 12558/20000 | Train Loss 0.019084
Epoch 12559/20000 | Train Loss 0.028334
Epoch 12560/20000 | Train Loss 0.018309
Epoch 12561/20000 | Train Loss 0.014402
Epoch 12562/20000 | Train Loss 0.016847
Epoch 12563/20000 | Train Loss 0.017499
Epoch 12564/20000 | Train Loss 0.027859
Epoch 12565/20000 | Train Loss 0.027988
Epoch 12566/20000 | Train Loss 0.029378
Epoch 12567/20000 | Train Loss 0.027682
Epoch 12568/20000 | Train Loss 0.022700
Epoch 12569/20000 | Train Loss 0.034685
Epoch 12570/20000 | Train Loss 0.060968
Epoch 12571/20000 | Train Loss 0.053438
Epoch 12572/20000 | Train Loss 0.040148
Epoch 12573/20000 | Train Loss 0.020417
Epoch 12574/20000 | Train Loss 0.019083
Epoch 12575/20000 | Train Loss 0.023145
Epoch 12576/20000 | Train Loss 0.015552
Epoch 12577/20000 | Train Loss 0.016060
Epoch 12578/20000 | Train Loss 0.014192
Epoch 12579/20000 | Train Loss 0.021408
Epoch 12580/20000 | Train Loss 0.017579
Epoch 12581/20000 | Train Loss 0.017444
Epoch 12582/20000 | Train Loss 0.025886
Epoch 12583/20000 | Train Loss 0.018789
Epoch 12584/20000 | Train Loss 0.019024
Epoch 12585/20000 | Train Loss 0.015633
Epoch 12586/20000 | Train Loss 0.017159
Epoch 12587/20000 | Train Loss 0.014667
Epoch 12588/20000 | Train Loss 0.016035
Epoch 12589/20000 | Train Loss 0.020329
Epoch 12590/20000 | Train Loss 0.015302
Epoch 12591/20000 | Train Loss 0.018345
Epoch 12592/20000 | Train Loss 0.019359
Epoch 12593/20000 | Train Loss 0.015262
Epoch 12594/20000 | Train Loss 0.017724
Epoch 12595/20000 | Train Loss 0.014330
Epoch 12596/20000 | Train Loss 0.015456
Epoch 12597/20000 | Train Loss 0.011773
Epoch 12598/20000 | Train Loss 0.011237
Epoch 12599/20000 | Train Loss 0.016213
Epoch 12600/20000 | Train Loss 0.009903
Epoch 12601/20000 | Train Loss 0.019190
Epoch 12602/20000 | Train Loss 0.023431
Epoch 12603/20000 | Train Loss 0.042174
Epoch 12604/20000 | Train Loss 0.042057
Epoch 12605/20000 | Train Loss 0.033475
Epoch 12606/20000 | Train Loss 0.027185
Epoch 12607/20000 | Train Loss 0.026422
Epoch 12608/20000 | Train Loss 0.022479
Epoch 12609/20000 | Train Loss 0.017366
Epoch 12610/20000 | Train Loss 0.017385
Epoch 12611/20000 | Train Loss 0.019251
Epoch 12612/20000 | Train Loss 0.016090
Epoch 12613/20000 | Train Loss 0.014796
Epoch 12614/20000 | Train Loss 0.019969
Epoch 12615/20000 | Train Loss 0.012688
Epoch 12616/20000 | Train Loss 0.012050
Epoch 12617/20000 | Train Loss 0.009620
Epoch 12618/20000 | Train Loss 0.013341
Epoch 12619/20000 | Train Loss 0.014473
Epoch 12620/20000 | Train Loss 0.012945
Epoch 12621/20000 | Train Loss 0.015805
Epoch 12622/20000 | Train Loss 0.017295
Epoch 12623/20000 | Train Loss 0.028206
Epoch 12624/20000 | Train Loss 0.025949
Epoch 12625/20000 | Train Loss 0.018836
Epoch 12626/20000 | Train Loss 0.018314
Epoch 12627/20000 | Train Loss 0.016371
Epoch 12628/20000 | Train Loss 0.020191
Epoch 12629/20000 | Train Loss 0.020878
Epoch 12630/20000 | Train Loss 0.026998
Epoch 12631/20000 | Train Loss 0.020379
Epoch 12632/20000 | Train Loss 0.016626
Epoch 12633/20000 | Train Loss 0.009820
Epoch 12634/20000 | Train Loss 0.014846
Epoch 12635/20000 | Train Loss 0.020543
Epoch 12636/20000 | Train Loss 0.021927
Epoch 12637/20000 | Train Loss 0.034351
Epoch 12638/20000 | Train Loss 0.037237
Epoch 12639/20000 | Train Loss 0.028974
Epoch 12640/20000 | Train Loss 0.020417
Epoch 12641/20000 | Train Loss 0.020139
Epoch 12642/20000 | Train Loss 0.024247
Epoch 12643/20000 | Train Loss 0.016467
Epoch 12644/20000 | Train Loss 0.013888
Epoch 12645/20000 | Train Loss 0.024478
Epoch 12646/20000 | Train Loss 0.019457
Epoch 12647/20000 | Train Loss 0.027899
Epoch 12648/20000 | Train Loss 0.020055
Epoch 12649/20000 | Train Loss 0.016565
Epoch 12650/20000 | Train Loss 0.023358
Epoch 12651/20000 | Train Loss 0.019058
Epoch 12652/20000 | Train Loss 0.018000
Epoch 12653/20000 | Train Loss 0.018144
Epoch 12654/20000 | Train Loss 0.020740
Epoch 12655/20000 | Train Loss 0.027683
Epoch 12656/20000 | Train Loss 0.029781
Epoch 12657/20000 | Train Loss 0.025922
Epoch 12658/20000 | Train Loss 0.016834
Epoch 12659/20000 | Train Loss 0.015709
Epoch 12660/20000 | Train Loss 0.016264
Epoch 12661/20000 | Train Loss 0.012087
Epoch 12662/20000 | Train Loss 0.016359
Epoch 12663/20000 | Train Loss 0.014510
Epoch 12664/20000 | Train Loss 0.013705
Epoch 12665/20000 | Train Loss 0.010804
Epoch 12666/20000 | Train Loss 0.007912
Epoch 12667/20000 | Train Loss 0.016195
Epoch 12668/20000 | Train Loss 0.016749
Epoch 12669/20000 | Train Loss 0.023284
Epoch 12670/20000 | Train Loss 0.022249
Epoch 12671/20000 | Train Loss 0.025573
Epoch 12672/20000 | Train Loss 0.016883
Epoch 12673/20000 | Train Loss 0.012835
Epoch 12674/20000 | Train Loss 0.019014
Epoch 12675/20000 | Train Loss 0.024770
Epoch 12676/20000 | Train Loss 0.022657
Epoch 12677/20000 | Train Loss 0.040776
Epoch 12678/20000 | Train Loss 0.025158
Epoch 12679/20000 | Train Loss 0.025064
Epoch 12680/20000 | Train Loss 0.015039
Epoch 12681/20000 | Train Loss 0.020512
Epoch 12682/20000 | Train Loss 0.021312
Epoch 12683/20000 | Train Loss 0.025263
Epoch 12684/20000 | Train Loss 0.050107
Epoch 12685/20000 | Train Loss 0.050938
Epoch 12686/20000 | Train Loss 0.098499
Epoch 12687/20000 | Train Loss 0.103992
Epoch 12688/20000 | Train Loss 0.148665
Epoch 12689/20000 | Train Loss 0.181053
Epoch 12690/20000 | Train Loss 0.130586
Epoch 12691/20000 | Train Loss 0.092882
Epoch 12692/20000 | Train Loss 0.064655
Epoch 12693/20000 | Train Loss 0.046532
Epoch 12694/20000 | Train Loss 0.045604
Epoch 12695/20000 | Train Loss 0.035873
Epoch 12696/20000 | Train Loss 0.030826
Epoch 12697/20000 | Train Loss 0.034267
Epoch 12698/20000 | Train Loss 0.023845
Epoch 12699/20000 | Train Loss 0.018948
Epoch 12700/20000 | Train Loss 0.021623
Epoch 12701/20000 | Train Loss 0.016160
Epoch 12702/20000 | Train Loss 0.024268
Epoch 12703/20000 | Train Loss 0.023083
Epoch 12704/20000 | Train Loss 0.023406
Epoch 12705/20000 | Train Loss 0.015279
Epoch 12706/20000 | Train Loss 0.013682
Epoch 12707/20000 | Train Loss 0.013071
Epoch 12708/20000 | Train Loss 0.014523
Epoch 12709/20000 | Train Loss 0.022677
Epoch 12710/20000 | Train Loss 0.018278
Epoch 12711/20000 | Train Loss 0.011579
Epoch 12712/20000 | Train Loss 0.015914
Epoch 12713/20000 | Train Loss 0.017114
Epoch 12714/20000 | Train Loss 0.015353
Epoch 12715/20000 | Train Loss 0.017625
Epoch 12716/20000 | Train Loss 0.077079
Epoch 12717/20000 | Train Loss 0.072548
Epoch 12718/20000 | Train Loss 0.047437
Epoch 12719/20000 | Train Loss 0.050530
Epoch 12720/20000 | Train Loss 0.025791
Epoch 12721/20000 | Train Loss 0.020447
Epoch 12722/20000 | Train Loss 0.029693
Epoch 12723/20000 | Train Loss 0.024769
Epoch 12724/20000 | Train Loss 0.015092
Epoch 12725/20000 | Train Loss 0.017387
Epoch 12726/20000 | Train Loss 0.023491
Epoch 12727/20000 | Train Loss 0.021936
Epoch 12728/20000 | Train Loss 0.014939
Epoch 12729/20000 | Train Loss 0.030564
Epoch 12730/20000 | Train Loss 0.019314
Epoch 12731/20000 | Train Loss 0.029923
Epoch 12732/20000 | Train Loss 0.045959
Epoch 12733/20000 | Train Loss 0.046845
Epoch 12734/20000 | Train Loss 0.035668
Epoch 12735/20000 | Train Loss 0.023978
Epoch 12736/20000 | Train Loss 0.024518
Epoch 12737/20000 | Train Loss 0.018760
Epoch 12738/20000 | Train Loss 0.013137
Epoch 12739/20000 | Train Loss 0.015123
Epoch 12740/20000 | Train Loss 0.019693
Epoch 12741/20000 | Train Loss 0.018759
Epoch 12742/20000 | Train Loss 0.021856
Epoch 12743/20000 | Train Loss 0.016486
Epoch 12744/20000 | Train Loss 0.015919
Epoch 12745/20000 | Train Loss 0.023381
Epoch 12746/20000 | Train Loss 0.016219
Epoch 12747/20000 | Train Loss 0.018501
Epoch 12748/20000 | Train Loss 0.022088
Epoch 12749/20000 | Train Loss 0.026893
Epoch 12750/20000 | Train Loss 0.027588
Epoch 12751/20000 | Train Loss 0.020974
Epoch 12752/20000 | Train Loss 0.022056
Epoch 12753/20000 | Train Loss 0.012316
Epoch 12754/20000 | Train Loss 0.010752
Epoch 12755/20000 | Train Loss 0.010951
Epoch 12756/20000 | Train Loss 0.012333
Epoch 12757/20000 | Train Loss 0.015255
Epoch 12758/20000 | Train Loss 0.014614
Epoch 12759/20000 | Train Loss 0.015936
Epoch 12760/20000 | Train Loss 0.015487
Epoch 12761/20000 | Train Loss 0.017640
Epoch 12762/20000 | Train Loss 0.016069
Epoch 12763/20000 | Train Loss 0.024462
Epoch 12764/20000 | Train Loss 0.027238
Epoch 12765/20000 | Train Loss 0.019985
Epoch 12766/20000 | Train Loss 0.010254
Epoch 12767/20000 | Train Loss 0.015149
Epoch 12768/20000 | Train Loss 0.009588
Epoch 12769/20000 | Train Loss 0.009411
Epoch 12770/20000 | Train Loss 0.011039
Epoch 12771/20000 | Train Loss 0.016646
Epoch 12772/20000 | Train Loss 0.020529
Epoch 12773/20000 | Train Loss 0.024253
Epoch 12774/20000 | Train Loss 0.047003
Epoch 12775/20000 | Train Loss 0.048324
Epoch 12776/20000 | Train Loss 0.025055
Epoch 12777/20000 | Train Loss 0.027885
Epoch 12778/20000 | Train Loss 0.020497
Epoch 12779/20000 | Train Loss 0.018211
Epoch 12780/20000 | Train Loss 0.023975
Epoch 12781/20000 | Train Loss 0.019245
Epoch 12782/20000 | Train Loss 0.013369
Epoch 12783/20000 | Train Loss 0.024946
Epoch 12784/20000 | Train Loss 0.016573
Epoch 12785/20000 | Train Loss 0.019337
Epoch 12786/20000 | Train Loss 0.021421
Epoch 12787/20000 | Train Loss 0.024816
Epoch 12788/20000 | Train Loss 0.017574
Epoch 12789/20000 | Train Loss 0.017424
Epoch 12790/20000 | Train Loss 0.017608
Epoch 12791/20000 | Train Loss 0.015956
Epoch 12792/20000 | Train Loss 0.015463
Epoch 12793/20000 | Train Loss 0.019547
Epoch 12794/20000 | Train Loss 0.009408
Epoch 12795/20000 | Train Loss 0.013289
Epoch 12796/20000 | Train Loss 0.009470
Epoch 12797/20000 | Train Loss 0.016592
Epoch 12798/20000 | Train Loss 0.024403
Epoch 12799/20000 | Train Loss 0.030384
Epoch 12800/20000 | Train Loss 0.022626
Epoch 12801/20000 | Train Loss 0.021715
Epoch 12802/20000 | Train Loss 0.015404
Epoch 12803/20000 | Train Loss 0.009038
Epoch 12804/20000 | Train Loss 0.011937
Epoch 12805/20000 | Train Loss 0.015566
Epoch 12806/20000 | Train Loss 0.021098
Epoch 12807/20000 | Train Loss 0.021312
Epoch 12808/20000 | Train Loss 0.027770
Epoch 12809/20000 | Train Loss 0.019844
Epoch 12810/20000 | Train Loss 0.020235
Epoch 12811/20000 | Train Loss 0.018462
Epoch 12812/20000 | Train Loss 0.016425
Epoch 12813/20000 | Train Loss 0.027242
Epoch 12814/20000 | Train Loss 0.015724
Epoch 12815/20000 | Train Loss 0.013970
Epoch 12816/20000 | Train Loss 0.022538
Epoch 12817/20000 | Train Loss 0.014125
Epoch 12818/20000 | Train Loss 0.011224
Epoch 12819/20000 | Train Loss 0.009715
Epoch 12820/20000 | Train Loss 0.020563
Epoch 12821/20000 | Train Loss 0.015594
Epoch 12822/20000 | Train Loss 0.017051
Epoch 12823/20000 | Train Loss 0.015779
Epoch 12824/20000 | Train Loss 0.014979
Epoch 12825/20000 | Train Loss 0.014467
Epoch 12826/20000 | Train Loss 0.018794
Epoch 12827/20000 | Train Loss 0.016453
Epoch 12828/20000 | Train Loss 0.015723
Epoch 12829/20000 | Train Loss 0.014444
Epoch 12830/20000 | Train Loss 0.016701
Epoch 12831/20000 | Train Loss 0.015238
Epoch 12832/20000 | Train Loss 0.025734
Epoch 12833/20000 | Train Loss 0.026023
Epoch 12834/20000 | Train Loss 0.019733
Epoch 12835/20000 | Train Loss 0.013100
Epoch 12836/20000 | Train Loss 0.013918
Epoch 12837/20000 | Train Loss 0.016335
Epoch 12838/20000 | Train Loss 0.024295
Epoch 12839/20000 | Train Loss 0.034136
Epoch 12840/20000 | Train Loss 0.048128
Epoch 12841/20000 | Train Loss 0.034461
Epoch 12842/20000 | Train Loss 0.030768
Epoch 12843/20000 | Train Loss 0.038173
Epoch 12844/20000 | Train Loss 0.044459
Epoch 12845/20000 | Train Loss 0.034366
Epoch 12846/20000 | Train Loss 0.023283
Epoch 12847/20000 | Train Loss 0.018269
Epoch 12848/20000 | Train Loss 0.020381
Epoch 12849/20000 | Train Loss 0.028671
Epoch 12850/20000 | Train Loss 0.023033
Epoch 12851/20000 | Train Loss 0.016221
Epoch 12852/20000 | Train Loss 0.013791
Epoch 12853/20000 | Train Loss 0.016044
Epoch 12854/20000 | Train Loss 0.012167
Epoch 12855/20000 | Train Loss 0.012579
Epoch 12856/20000 | Train Loss 0.013017
Epoch 12857/20000 | Train Loss 0.014062
Epoch 12858/20000 | Train Loss 0.014027
Epoch 12859/20000 | Train Loss 0.009357
Epoch 12860/20000 | Train Loss 0.010131
Epoch 12861/20000 | Train Loss 0.019625
Epoch 12862/20000 | Train Loss 0.024856
Epoch 12863/20000 | Train Loss 0.034195
Epoch 12864/20000 | Train Loss 0.020506
Epoch 12865/20000 | Train Loss 0.018865
Epoch 12866/20000 | Train Loss 0.016928
Epoch 12867/20000 | Train Loss 0.027673
Epoch 12868/20000 | Train Loss 0.028587
Epoch 12869/20000 | Train Loss 0.021186
Epoch 12870/20000 | Train Loss 0.025669
Epoch 12871/20000 | Train Loss 0.025669
Epoch 12872/20000 | Train Loss 0.024867
Epoch 12873/20000 | Train Loss 0.016264
Epoch 12874/20000 | Train Loss 0.013960
Epoch 12875/20000 | Train Loss 0.013703
Epoch 12876/20000 | Train Loss 0.014869
Epoch 12877/20000 | Train Loss 0.017883
Epoch 12878/20000 | Train Loss 0.014687
Epoch 12879/20000 | Train Loss 0.017940
Epoch 12880/20000 | Train Loss 0.014765
Epoch 12881/20000 | Train Loss 0.011312
Epoch 12882/20000 | Train Loss 0.017969
Epoch 12883/20000 | Train Loss 0.013249
Epoch 12884/20000 | Train Loss 0.012665
Epoch 12885/20000 | Train Loss 0.016084
Epoch 12886/20000 | Train Loss 0.027539
Epoch 12887/20000 | Train Loss 0.041197
Epoch 12888/20000 | Train Loss 0.033250
Epoch 12889/20000 | Train Loss 0.019805
Epoch 12890/20000 | Train Loss 0.017538
Epoch 12891/20000 | Train Loss 0.022770
Epoch 12892/20000 | Train Loss 0.017398
Epoch 12893/20000 | Train Loss 0.019318
Epoch 12894/20000 | Train Loss 0.012370
Epoch 12895/20000 | Train Loss 0.016658
Epoch 12896/20000 | Train Loss 0.015833
Epoch 12897/20000 | Train Loss 0.017257
Epoch 12898/20000 | Train Loss 0.022689
Epoch 12899/20000 | Train Loss 0.022947
Epoch 12900/20000 | Train Loss 0.016467
Epoch 12901/20000 | Train Loss 0.020947
Epoch 12902/20000 | Train Loss 0.023411
Epoch 12903/20000 | Train Loss 0.016988
Epoch 12904/20000 | Train Loss 0.018046
Epoch 12905/20000 | Train Loss 0.032881
Epoch 12906/20000 | Train Loss 0.023221
Epoch 12907/20000 | Train Loss 0.022183
Epoch 12908/20000 | Train Loss 0.023298
Epoch 12909/20000 | Train Loss 0.017082
Epoch 12910/20000 | Train Loss 0.013842
Epoch 12911/20000 | Train Loss 0.022220
Epoch 12912/20000 | Train Loss 0.022722
Epoch 12913/20000 | Train Loss 0.015075
Epoch 12914/20000 | Train Loss 0.015524
Epoch 12915/20000 | Train Loss 0.013671
Epoch 12916/20000 | Train Loss 0.013503
Epoch 12917/20000 | Train Loss 0.015737
Epoch 12918/20000 | Train Loss 0.020565
Epoch 12919/20000 | Train Loss 0.025326
Epoch 12920/20000 | Train Loss 0.019794
Epoch 12921/20000 | Train Loss 0.022633
Epoch 12922/20000 | Train Loss 0.016278
Epoch 12923/20000 | Train Loss 0.017718
Epoch 12924/20000 | Train Loss 0.011725
Epoch 12925/20000 | Train Loss 0.013910
Epoch 12926/20000 | Train Loss 0.018260
Epoch 12927/20000 | Train Loss 0.019832
Epoch 12928/20000 | Train Loss 0.019225
Epoch 12929/20000 | Train Loss 0.017349
Epoch 12930/20000 | Train Loss 0.015805
Epoch 12931/20000 | Train Loss 0.011981
Epoch 12932/20000 | Train Loss 0.010067
Epoch 12933/20000 | Train Loss 0.011764
Epoch 12934/20000 | Train Loss 0.012428
Epoch 12935/20000 | Train Loss 0.014087
Epoch 12936/20000 | Train Loss 0.016493
Epoch 12937/20000 | Train Loss 0.021004
Epoch 12938/20000 | Train Loss 0.017317
Epoch 12939/20000 | Train Loss 0.017560
Epoch 12940/20000 | Train Loss 0.015704
Epoch 12941/20000 | Train Loss 0.025678
Epoch 12942/20000 | Train Loss 0.015266
Epoch 12943/20000 | Train Loss 0.017408
Epoch 12944/20000 | Train Loss 0.020097
Epoch 12945/20000 | Train Loss 0.015619
Epoch 12946/20000 | Train Loss 0.014755
Epoch 12947/20000 | Train Loss 0.009631
Epoch 12948/20000 | Train Loss 0.015255
Epoch 12949/20000 | Train Loss 0.025990
Epoch 12950/20000 | Train Loss 0.038494
Epoch 12951/20000 | Train Loss 0.032115
Epoch 12952/20000 | Train Loss 0.017485
Epoch 12953/20000 | Train Loss 0.014341
Epoch 12954/20000 | Train Loss 0.022231
Epoch 12955/20000 | Train Loss 0.024669
Epoch 12956/20000 | Train Loss 0.019953
Epoch 12957/20000 | Train Loss 0.023751
Epoch 12958/20000 | Train Loss 0.018489
Epoch 12959/20000 | Train Loss 0.015804
Epoch 12960/20000 | Train Loss 0.020824
Epoch 12961/20000 | Train Loss 0.013335
Epoch 12962/20000 | Train Loss 0.011464
Epoch 12963/20000 | Train Loss 0.013208
Epoch 12964/20000 | Train Loss 0.017302
Epoch 12965/20000 | Train Loss 0.017187
Epoch 12966/20000 | Train Loss 0.012021
Epoch 12967/20000 | Train Loss 0.014562
Epoch 12968/20000 | Train Loss 0.013399
Epoch 12969/20000 | Train Loss 0.021926
Epoch 12970/20000 | Train Loss 0.038882
Epoch 12971/20000 | Train Loss 0.070299
Epoch 12972/20000 | Train Loss 0.048621
Epoch 12973/20000 | Train Loss 0.031347
Epoch 12974/20000 | Train Loss 0.036193
Epoch 12975/20000 | Train Loss 0.027691
Epoch 12976/20000 | Train Loss 0.025002
Epoch 12977/20000 | Train Loss 0.027615
Epoch 12978/20000 | Train Loss 0.024777
Epoch 12979/20000 | Train Loss 0.017530
Epoch 12980/20000 | Train Loss 0.015275
Epoch 12981/20000 | Train Loss 0.015142
Epoch 12982/20000 | Train Loss 0.020725
Epoch 12983/20000 | Train Loss 0.033206
Epoch 12984/20000 | Train Loss 0.040014
Epoch 12985/20000 | Train Loss 0.044822
Epoch 12986/20000 | Train Loss 0.031627
Epoch 12987/20000 | Train Loss 0.031679
Epoch 12988/20000 | Train Loss 0.020010
Epoch 12989/20000 | Train Loss 0.016874
Epoch 12990/20000 | Train Loss 0.017879
Epoch 12991/20000 | Train Loss 0.016865
Epoch 12992/20000 | Train Loss 0.011036
Epoch 12993/20000 | Train Loss 0.012941
Epoch 12994/20000 | Train Loss 0.013220
Epoch 12995/20000 | Train Loss 0.013107
Epoch 12996/20000 | Train Loss 0.017249
Epoch 12997/20000 | Train Loss 0.023374
Epoch 12998/20000 | Train Loss 0.036686
Epoch 12999/20000 | Train Loss 0.033492
Epoch 13000/20000 | Train Loss 0.029449
  --> Checkpoint saved at epoch 13000.
Epoch 13001/20000 | Train Loss 0.030050
Epoch 13002/20000 | Train Loss 0.031715
Epoch 13003/20000 | Train Loss 0.022915
Epoch 13004/20000 | Train Loss 0.015867
Epoch 13005/20000 | Train Loss 0.019199
Epoch 13006/20000 | Train Loss 0.017032
Epoch 13007/20000 | Train Loss 0.015825
Epoch 13008/20000 | Train Loss 0.021715
Epoch 13009/20000 | Train Loss 0.029388
Epoch 13010/20000 | Train Loss 0.014204
Epoch 13011/20000 | Train Loss 0.016972
Epoch 13012/20000 | Train Loss 0.018877
Epoch 13013/20000 | Train Loss 0.017370
Epoch 13014/20000 | Train Loss 0.016532
Epoch 13015/20000 | Train Loss 0.016015
Epoch 13016/20000 | Train Loss 0.015281
Epoch 13017/20000 | Train Loss 0.018425
Epoch 13018/20000 | Train Loss 0.014262
Epoch 13019/20000 | Train Loss 0.014076
Epoch 13020/20000 | Train Loss 0.014450
Epoch 13021/20000 | Train Loss 0.014157
Epoch 13022/20000 | Train Loss 0.015332
Epoch 13023/20000 | Train Loss 0.012596
Epoch 13024/20000 | Train Loss 0.010965
Epoch 13025/20000 | Train Loss 0.014240
Epoch 13026/20000 | Train Loss 0.009517
Epoch 13027/20000 | Train Loss 0.013624
Epoch 13028/20000 | Train Loss 0.017593
Epoch 13029/20000 | Train Loss 0.012588
Epoch 13030/20000 | Train Loss 0.017259
Epoch 13031/20000 | Train Loss 0.021739
Epoch 13032/20000 | Train Loss 0.029596
Epoch 13033/20000 | Train Loss 0.030923
Epoch 13034/20000 | Train Loss 0.028519
Epoch 13035/20000 | Train Loss 0.023799
Epoch 13036/20000 | Train Loss 0.017344
Epoch 13037/20000 | Train Loss 0.023505
Epoch 13038/20000 | Train Loss 0.016812
Epoch 13039/20000 | Train Loss 0.018771
Epoch 13040/20000 | Train Loss 0.018194
Epoch 13041/20000 | Train Loss 0.023311
Epoch 13042/20000 | Train Loss 0.023306
Epoch 13043/20000 | Train Loss 0.015607
Epoch 13044/20000 | Train Loss 0.017830
Epoch 13045/20000 | Train Loss 0.019554
Epoch 13046/20000 | Train Loss 0.020431
Epoch 13047/20000 | Train Loss 0.014351
Epoch 13048/20000 | Train Loss 0.015085
Epoch 13049/20000 | Train Loss 0.021742
Epoch 13050/20000 | Train Loss 0.027525
Epoch 13051/20000 | Train Loss 0.016332
Epoch 13052/20000 | Train Loss 0.018960
Epoch 13053/20000 | Train Loss 0.035546
Epoch 13054/20000 | Train Loss 0.029346
Epoch 13055/20000 | Train Loss 0.020640
Epoch 13056/20000 | Train Loss 0.020640
Epoch 13057/20000 | Train Loss 0.018025
Epoch 13058/20000 | Train Loss 0.018903
Epoch 13059/20000 | Train Loss 0.015851
Epoch 13060/20000 | Train Loss 0.017162
Epoch 13061/20000 | Train Loss 0.025643
Epoch 13062/20000 | Train Loss 0.030011
Epoch 13063/20000 | Train Loss 0.018037
Epoch 13064/20000 | Train Loss 0.016474
Epoch 13065/20000 | Train Loss 0.017190
Epoch 13066/20000 | Train Loss 0.019163
Epoch 13067/20000 | Train Loss 0.021765
Epoch 13068/20000 | Train Loss 0.009794
Epoch 13069/20000 | Train Loss 0.014524
Epoch 13070/20000 | Train Loss 0.013886
Epoch 13071/20000 | Train Loss 0.011076
Epoch 13072/20000 | Train Loss 0.017367
Epoch 13073/20000 | Train Loss 0.017313
Epoch 13074/20000 | Train Loss 0.009715
Epoch 13075/20000 | Train Loss 0.011243
Epoch 13076/20000 | Train Loss 0.015950
Epoch 13077/20000 | Train Loss 0.017918
Epoch 13078/20000 | Train Loss 0.017541
Epoch 13079/20000 | Train Loss 0.019373
Epoch 13080/20000 | Train Loss 0.016545
Epoch 13081/20000 | Train Loss 0.018429
Epoch 13082/20000 | Train Loss 0.027186
Epoch 13083/20000 | Train Loss 0.018277
Epoch 13084/20000 | Train Loss 0.016471
Epoch 13085/20000 | Train Loss 0.017514
Epoch 13086/20000 | Train Loss 0.017417
Epoch 13087/20000 | Train Loss 0.026578
Epoch 13088/20000 | Train Loss 0.023512
Epoch 13089/20000 | Train Loss 0.040164
Epoch 13090/20000 | Train Loss 0.050134
Epoch 13091/20000 | Train Loss 0.037520
Epoch 13092/20000 | Train Loss 0.022339
Epoch 13093/20000 | Train Loss 0.016677
Epoch 13094/20000 | Train Loss 0.015022
Epoch 13095/20000 | Train Loss 0.012735
Epoch 13096/20000 | Train Loss 0.011274
Epoch 13097/20000 | Train Loss 0.011958
Epoch 13098/20000 | Train Loss 0.012282
Epoch 13099/20000 | Train Loss 0.012214
Epoch 13100/20000 | Train Loss 0.011385
Epoch 13101/20000 | Train Loss 0.013331
Epoch 13102/20000 | Train Loss 0.015774
Epoch 13103/20000 | Train Loss 0.011473
Epoch 13104/20000 | Train Loss 0.016515
Epoch 13105/20000 | Train Loss 0.019665
Epoch 13106/20000 | Train Loss 0.023444
Epoch 13107/20000 | Train Loss 0.016114
Epoch 13108/20000 | Train Loss 0.018268
Epoch 13109/20000 | Train Loss 0.014195
Epoch 13110/20000 | Train Loss 0.018079
Epoch 13111/20000 | Train Loss 0.020707
Epoch 13112/20000 | Train Loss 0.017898
Epoch 13113/20000 | Train Loss 0.009468
Epoch 13114/20000 | Train Loss 0.013070
Epoch 13115/20000 | Train Loss 0.017233
Epoch 13116/20000 | Train Loss 0.009908
Epoch 13117/20000 | Train Loss 0.013058
Epoch 13118/20000 | Train Loss 0.021714
Epoch 13119/20000 | Train Loss 0.024604
Epoch 13120/20000 | Train Loss 0.022344
Epoch 13121/20000 | Train Loss 0.013443
Epoch 13122/20000 | Train Loss 0.014940
Epoch 13123/20000 | Train Loss 0.019685
Epoch 13124/20000 | Train Loss 0.015836
Epoch 13125/20000 | Train Loss 0.013027
Epoch 13126/20000 | Train Loss 0.019726
Epoch 13127/20000 | Train Loss 0.018288
Epoch 13128/20000 | Train Loss 0.015215
Epoch 13129/20000 | Train Loss 0.027232
Epoch 13130/20000 | Train Loss 0.031675
Epoch 13131/20000 | Train Loss 0.046673
Epoch 13132/20000 | Train Loss 0.042994
Epoch 13133/20000 | Train Loss 0.045172
Epoch 13134/20000 | Train Loss 0.027490
Epoch 13135/20000 | Train Loss 0.027541
Epoch 13136/20000 | Train Loss 0.028155
Epoch 13137/20000 | Train Loss 0.024447
Epoch 13138/20000 | Train Loss 0.020232
Epoch 13139/20000 | Train Loss 0.019531
Epoch 13140/20000 | Train Loss 0.031558
Epoch 13141/20000 | Train Loss 0.020677
Epoch 13142/20000 | Train Loss 0.015547
Epoch 13143/20000 | Train Loss 0.015200
Epoch 13144/20000 | Train Loss 0.019689
Epoch 13145/20000 | Train Loss 0.017425
Epoch 13146/20000 | Train Loss 0.015386
Epoch 13147/20000 | Train Loss 0.018844
Epoch 13148/20000 | Train Loss 0.019739
Epoch 13149/20000 | Train Loss 0.015651
Epoch 13150/20000 | Train Loss 0.016870
Epoch 13151/20000 | Train Loss 0.016308
Epoch 13152/20000 | Train Loss 0.013702
Epoch 13153/20000 | Train Loss 0.015620
Epoch 13154/20000 | Train Loss 0.015775
Epoch 13155/20000 | Train Loss 0.024479
Epoch 13156/20000 | Train Loss 0.020724
Epoch 13157/20000 | Train Loss 0.018482
Epoch 13158/20000 | Train Loss 0.016302
Epoch 13159/20000 | Train Loss 0.017553
Epoch 13160/20000 | Train Loss 0.021323
Epoch 13161/20000 | Train Loss 0.024022
Epoch 13162/20000 | Train Loss 0.023281
Epoch 13163/20000 | Train Loss 0.021475
Epoch 13164/20000 | Train Loss 0.024423
Epoch 13165/20000 | Train Loss 0.020224
Epoch 13166/20000 | Train Loss 0.029485
Epoch 13167/20000 | Train Loss 0.022911
Epoch 13168/20000 | Train Loss 0.020756
Epoch 13169/20000 | Train Loss 0.011451
Epoch 13170/20000 | Train Loss 0.017241
Epoch 13171/20000 | Train Loss 0.011740
Epoch 13172/20000 | Train Loss 0.016553
Epoch 13173/20000 | Train Loss 0.017056
Epoch 13174/20000 | Train Loss 0.015136
Epoch 13175/20000 | Train Loss 0.014965
Epoch 13176/20000 | Train Loss 0.019408
Epoch 13177/20000 | Train Loss 0.018041
Epoch 13178/20000 | Train Loss 0.014364
Epoch 13179/20000 | Train Loss 0.018948
Epoch 13180/20000 | Train Loss 0.017778
Epoch 13181/20000 | Train Loss 0.032847
Epoch 13182/20000 | Train Loss 0.030672
Epoch 13183/20000 | Train Loss 0.032005
Epoch 13184/20000 | Train Loss 0.021490
Epoch 13185/20000 | Train Loss 0.023840
Epoch 13186/20000 | Train Loss 0.014448
Epoch 13187/20000 | Train Loss 0.017928
Epoch 13188/20000 | Train Loss 0.018852
Epoch 13189/20000 | Train Loss 0.016378
Epoch 13190/20000 | Train Loss 0.027913
Epoch 13191/20000 | Train Loss 0.030060
Epoch 13192/20000 | Train Loss 0.023095
Epoch 13193/20000 | Train Loss 0.025494
Epoch 13194/20000 | Train Loss 0.016118
Epoch 13195/20000 | Train Loss 0.017223
Epoch 13196/20000 | Train Loss 0.021865
Epoch 13197/20000 | Train Loss 0.018521
Epoch 13198/20000 | Train Loss 0.019135
Epoch 13199/20000 | Train Loss 0.013846
Epoch 13200/20000 | Train Loss 0.018588
Epoch 13201/20000 | Train Loss 0.014020
Epoch 13202/20000 | Train Loss 0.016338
Epoch 13203/20000 | Train Loss 0.018196
Epoch 13204/20000 | Train Loss 0.013166
Epoch 13205/20000 | Train Loss 0.014881
Epoch 13206/20000 | Train Loss 0.013162
Epoch 13207/20000 | Train Loss 0.022714
Epoch 13208/20000 | Train Loss 0.033760
Epoch 13209/20000 | Train Loss 0.024570
Epoch 13210/20000 | Train Loss 0.025150
Epoch 13211/20000 | Train Loss 0.017255
Epoch 13212/20000 | Train Loss 0.016796
Epoch 13213/20000 | Train Loss 0.018446
Epoch 13214/20000 | Train Loss 0.012483
Epoch 13215/20000 | Train Loss 0.015517
Epoch 13216/20000 | Train Loss 0.010403
Epoch 13217/20000 | Train Loss 0.017219
Epoch 13218/20000 | Train Loss 0.017563
Epoch 13219/20000 | Train Loss 0.016416
Epoch 13220/20000 | Train Loss 0.018595
Epoch 13221/20000 | Train Loss 0.012985
Epoch 13222/20000 | Train Loss 0.012227
Epoch 13223/20000 | Train Loss 0.017278
Epoch 13224/20000 | Train Loss 0.012581
Epoch 13225/20000 | Train Loss 0.012543
Epoch 13226/20000 | Train Loss 0.013408
Epoch 13227/20000 | Train Loss 0.011542
Epoch 13228/20000 | Train Loss 0.010140
Epoch 13229/20000 | Train Loss 0.016258
Epoch 13230/20000 | Train Loss 0.011653
Epoch 13231/20000 | Train Loss 0.011590
Epoch 13232/20000 | Train Loss 0.008989
Epoch 13233/20000 | Train Loss 0.012329
Epoch 13234/20000 | Train Loss 0.012373
Epoch 13235/20000 | Train Loss 0.016243
Epoch 13236/20000 | Train Loss 0.018011
Epoch 13237/20000 | Train Loss 0.017274
Epoch 13238/20000 | Train Loss 0.016971
Epoch 13239/20000 | Train Loss 0.022798
Epoch 13240/20000 | Train Loss 0.020942
Epoch 13241/20000 | Train Loss 0.023281
Epoch 13242/20000 | Train Loss 0.027432
Epoch 13243/20000 | Train Loss 0.022210
Epoch 13244/20000 | Train Loss 0.024328
Epoch 13245/20000 | Train Loss 0.013541
Epoch 13246/20000 | Train Loss 0.013089
Epoch 13247/20000 | Train Loss 0.017823
Epoch 13248/20000 | Train Loss 0.020862
Epoch 13249/20000 | Train Loss 0.031249
Epoch 13250/20000 | Train Loss 0.020727
Epoch 13251/20000 | Train Loss 0.017189
Epoch 13252/20000 | Train Loss 0.018855
Epoch 13253/20000 | Train Loss 0.022279
Epoch 13254/20000 | Train Loss 0.016605
Epoch 13255/20000 | Train Loss 0.021709
Epoch 13256/20000 | Train Loss 0.015764
Epoch 13257/20000 | Train Loss 0.009894
Epoch 13258/20000 | Train Loss 0.021206
Epoch 13259/20000 | Train Loss 0.027420
Epoch 13260/20000 | Train Loss 0.027012
Epoch 13261/20000 | Train Loss 0.036239
Epoch 13262/20000 | Train Loss 0.155178
Epoch 13263/20000 | Train Loss 0.430676
Epoch 13264/20000 | Train Loss 0.199543
Epoch 13265/20000 | Train Loss 0.243734
Epoch 13266/20000 | Train Loss 0.183465
Epoch 13267/20000 | Train Loss 0.178588
Epoch 13268/20000 | Train Loss 0.172612
Epoch 13269/20000 | Train Loss 0.135726
Epoch 13270/20000 | Train Loss 0.107751
Epoch 13271/20000 | Train Loss 0.123484
Epoch 13272/20000 | Train Loss 0.101845
Epoch 13273/20000 | Train Loss 0.125247
Epoch 13274/20000 | Train Loss 0.083615
Epoch 13275/20000 | Train Loss 0.092301
Epoch 13276/20000 | Train Loss 0.086130
Epoch 13277/20000 | Train Loss 0.070725
Epoch 13278/20000 | Train Loss 0.084761
Epoch 13279/20000 | Train Loss 0.060349
Epoch 13280/20000 | Train Loss 0.057639
Epoch 13281/20000 | Train Loss 0.049076
Epoch 13282/20000 | Train Loss 0.046418
Epoch 13283/20000 | Train Loss 0.035960
Epoch 13284/20000 | Train Loss 0.051601
Epoch 13285/20000 | Train Loss 0.054698
Epoch 13286/20000 | Train Loss 0.030562
Epoch 13287/20000 | Train Loss 0.033384
Epoch 13288/20000 | Train Loss 0.030872
Epoch 13289/20000 | Train Loss 0.032687
Epoch 13290/20000 | Train Loss 0.020922
Epoch 13291/20000 | Train Loss 0.023365
Epoch 13292/20000 | Train Loss 0.017799
Epoch 13293/20000 | Train Loss 0.027982
Epoch 13294/20000 | Train Loss 0.017434
Epoch 13295/20000 | Train Loss 0.017557
Epoch 13296/20000 | Train Loss 0.018230
Epoch 13297/20000 | Train Loss 0.023502
Epoch 13298/20000 | Train Loss 0.018369
Epoch 13299/20000 | Train Loss 0.026113
Epoch 13300/20000 | Train Loss 0.014925
Epoch 13301/20000 | Train Loss 0.020734
Epoch 13302/20000 | Train Loss 0.011657
Epoch 13303/20000 | Train Loss 0.015819
Epoch 13304/20000 | Train Loss 0.021488
Epoch 13305/20000 | Train Loss 0.019191
Epoch 13306/20000 | Train Loss 0.018014
Epoch 13307/20000 | Train Loss 0.024076
Epoch 13308/20000 | Train Loss 0.015005
Epoch 13309/20000 | Train Loss 0.017116
Epoch 13310/20000 | Train Loss 0.016636
Epoch 13311/20000 | Train Loss 0.015076
Epoch 13312/20000 | Train Loss 0.020021
Epoch 13313/20000 | Train Loss 0.016761
Epoch 13314/20000 | Train Loss 0.013493
Epoch 13315/20000 | Train Loss 0.013784
Epoch 13316/20000 | Train Loss 0.018775
Epoch 13317/20000 | Train Loss 0.014201
Epoch 13318/20000 | Train Loss 0.010815
Epoch 13319/20000 | Train Loss 0.014710
Epoch 13320/20000 | Train Loss 0.013204
Epoch 13321/20000 | Train Loss 0.013585
Epoch 13322/20000 | Train Loss 0.017849
Epoch 13323/20000 | Train Loss 0.021850
Epoch 13324/20000 | Train Loss 0.019632
Epoch 13325/20000 | Train Loss 0.022377
Epoch 13326/20000 | Train Loss 0.017176
Epoch 13327/20000 | Train Loss 0.018950
Epoch 13328/20000 | Train Loss 0.014540
Epoch 13329/20000 | Train Loss 0.013762
Epoch 13330/20000 | Train Loss 0.023399
Epoch 13331/20000 | Train Loss 0.020755
Epoch 13332/20000 | Train Loss 0.015118
Epoch 13333/20000 | Train Loss 0.013825
Epoch 13334/20000 | Train Loss 0.015752
Epoch 13335/20000 | Train Loss 0.022851
Epoch 13336/20000 | Train Loss 0.024822
Epoch 13337/20000 | Train Loss 0.012107
Epoch 13338/20000 | Train Loss 0.018261
Epoch 13339/20000 | Train Loss 0.014112
Epoch 13340/20000 | Train Loss 0.023004
Epoch 13341/20000 | Train Loss 0.015398
Epoch 13342/20000 | Train Loss 0.018841
Epoch 13343/20000 | Train Loss 0.029083
Epoch 13344/20000 | Train Loss 0.041107
Epoch 13345/20000 | Train Loss 0.028479
Epoch 13346/20000 | Train Loss 0.023526
Epoch 13347/20000 | Train Loss 0.019814
Epoch 13348/20000 | Train Loss 0.027457
Epoch 13349/20000 | Train Loss 0.029731
Epoch 13350/20000 | Train Loss 0.041404
Epoch 13351/20000 | Train Loss 0.033775
Epoch 13352/20000 | Train Loss 0.015110
Epoch 13353/20000 | Train Loss 0.015059
Epoch 13354/20000 | Train Loss 0.015313
Epoch 13355/20000 | Train Loss 0.012954
Epoch 13356/20000 | Train Loss 0.020048
Epoch 13357/20000 | Train Loss 0.018715
Epoch 13358/20000 | Train Loss 0.015717
Epoch 13359/20000 | Train Loss 0.014822
Epoch 13360/20000 | Train Loss 0.014134
Epoch 13361/20000 | Train Loss 0.010856
Epoch 13362/20000 | Train Loss 0.018059
Epoch 13363/20000 | Train Loss 0.011268
Epoch 13364/20000 | Train Loss 0.014628
Epoch 13365/20000 | Train Loss 0.010376
Epoch 13366/20000 | Train Loss 0.010398
Epoch 13367/20000 | Train Loss 0.016973
Epoch 13368/20000 | Train Loss 0.016899
Epoch 13369/20000 | Train Loss 0.013837
Epoch 13370/20000 | Train Loss 0.019677
Epoch 13371/20000 | Train Loss 0.015410
Epoch 13372/20000 | Train Loss 0.014125
Epoch 13373/20000 | Train Loss 0.015549
Epoch 13374/20000 | Train Loss 0.016597
Epoch 13375/20000 | Train Loss 0.013186
Epoch 13376/20000 | Train Loss 0.017203
Epoch 13377/20000 | Train Loss 0.016407
Epoch 13378/20000 | Train Loss 0.018984
Epoch 13379/20000 | Train Loss 0.016327
Epoch 13380/20000 | Train Loss 0.017724
Epoch 13381/20000 | Train Loss 0.023814
Epoch 13382/20000 | Train Loss 0.027563
Epoch 13383/20000 | Train Loss 0.049237
Epoch 13384/20000 | Train Loss 0.037353
Epoch 13385/20000 | Train Loss 0.024981
Epoch 13386/20000 | Train Loss 0.013812
Epoch 13387/20000 | Train Loss 0.019142
Epoch 13388/20000 | Train Loss 0.015079
Epoch 13389/20000 | Train Loss 0.012558
Epoch 13390/20000 | Train Loss 0.008795
Epoch 13391/20000 | Train Loss 0.012917
Epoch 13392/20000 | Train Loss 0.012251
Epoch 13393/20000 | Train Loss 0.018349
Epoch 13394/20000 | Train Loss 0.012811
Epoch 13395/20000 | Train Loss 0.014460
Epoch 13396/20000 | Train Loss 0.016055
Epoch 13397/20000 | Train Loss 0.020481
Epoch 13398/20000 | Train Loss 0.016359
Epoch 13399/20000 | Train Loss 0.023528
Epoch 13400/20000 | Train Loss 0.023801
Epoch 13401/20000 | Train Loss 0.025150
Epoch 13402/20000 | Train Loss 0.019132
Epoch 13403/20000 | Train Loss 0.022280
Epoch 13404/20000 | Train Loss 0.016588
Epoch 13405/20000 | Train Loss 0.017065
Epoch 13406/20000 | Train Loss 0.021361
Epoch 13407/20000 | Train Loss 0.015894
Epoch 13408/20000 | Train Loss 0.017785
Epoch 13409/20000 | Train Loss 0.013364
Epoch 13410/20000 | Train Loss 0.011698
Epoch 13411/20000 | Train Loss 0.014027
Epoch 13412/20000 | Train Loss 0.021675
Epoch 13413/20000 | Train Loss 0.016899
Epoch 13414/20000 | Train Loss 0.014824
Epoch 13415/20000 | Train Loss 0.018121
Epoch 13416/20000 | Train Loss 0.026494
Epoch 13417/20000 | Train Loss 0.027985
Epoch 13418/20000 | Train Loss 0.025127
Epoch 13419/20000 | Train Loss 0.031338
Epoch 13420/20000 | Train Loss 0.033191
Epoch 13421/20000 | Train Loss 0.037965
Epoch 13422/20000 | Train Loss 0.021668
Epoch 13423/20000 | Train Loss 0.022592
Epoch 13424/20000 | Train Loss 0.010063
Epoch 13425/20000 | Train Loss 0.012945
Epoch 13426/20000 | Train Loss 0.012297
Epoch 13427/20000 | Train Loss 0.016430
Epoch 13428/20000 | Train Loss 0.016083
Epoch 13429/20000 | Train Loss 0.015904
Epoch 13430/20000 | Train Loss 0.021855
Epoch 13431/20000 | Train Loss 0.030113
Epoch 13432/20000 | Train Loss 0.041955
Epoch 13433/20000 | Train Loss 0.038808
Epoch 13434/20000 | Train Loss 0.035721
Epoch 13435/20000 | Train Loss 0.025767
Epoch 13436/20000 | Train Loss 0.044203
Epoch 13437/20000 | Train Loss 0.045878
Epoch 13438/20000 | Train Loss 0.030676
Epoch 13439/20000 | Train Loss 0.026828
Epoch 13440/20000 | Train Loss 0.024629
Epoch 13441/20000 | Train Loss 0.026236
Epoch 13442/20000 | Train Loss 0.027919
Epoch 13443/20000 | Train Loss 0.017684
Epoch 13444/20000 | Train Loss 0.021210
Epoch 13445/20000 | Train Loss 0.018958
Epoch 13446/20000 | Train Loss 0.021683
Epoch 13447/20000 | Train Loss 0.016728
Epoch 13448/20000 | Train Loss 0.012190
Epoch 13449/20000 | Train Loss 0.012317
Epoch 13450/20000 | Train Loss 0.012795
Epoch 13451/20000 | Train Loss 0.016261
Epoch 13452/20000 | Train Loss 0.013567
Epoch 13453/20000 | Train Loss 0.021791
Epoch 13454/20000 | Train Loss 0.013518
Epoch 13455/20000 | Train Loss 0.016385
Epoch 13456/20000 | Train Loss 0.015443
Epoch 13457/20000 | Train Loss 0.013065
Epoch 13458/20000 | Train Loss 0.013467
Epoch 13459/20000 | Train Loss 0.016952
Epoch 13460/20000 | Train Loss 0.021440
Epoch 13461/20000 | Train Loss 0.023909
Epoch 13462/20000 | Train Loss 0.022220
Epoch 13463/20000 | Train Loss 0.016405
Epoch 13464/20000 | Train Loss 0.016361
Epoch 13465/20000 | Train Loss 0.009541
Epoch 13466/20000 | Train Loss 0.017138
Epoch 13467/20000 | Train Loss 0.017766
Epoch 13468/20000 | Train Loss 0.020195
Epoch 13469/20000 | Train Loss 0.024013
Epoch 13470/20000 | Train Loss 0.020499
Epoch 13471/20000 | Train Loss 0.020042
Epoch 13472/20000 | Train Loss 0.022390
Epoch 13473/20000 | Train Loss 0.010825
Epoch 13474/20000 | Train Loss 0.011613
Epoch 13475/20000 | Train Loss 0.015149
Epoch 13476/20000 | Train Loss 0.015983
Epoch 13477/20000 | Train Loss 0.020290
Epoch 13478/20000 | Train Loss 0.023919
Epoch 13479/20000 | Train Loss 0.021741
Epoch 13480/20000 | Train Loss 0.012939
Epoch 13481/20000 | Train Loss 0.017412
Epoch 13482/20000 | Train Loss 0.018179
Epoch 13483/20000 | Train Loss 0.017171
Epoch 13484/20000 | Train Loss 0.026155
Epoch 13485/20000 | Train Loss 0.024045
Epoch 13486/20000 | Train Loss 0.017583
Epoch 13487/20000 | Train Loss 0.015973
Epoch 13488/20000 | Train Loss 0.013349
Epoch 13489/20000 | Train Loss 0.017752
Epoch 13490/20000 | Train Loss 0.027724
Epoch 13491/20000 | Train Loss 0.031074
Epoch 13492/20000 | Train Loss 0.016651
Epoch 13493/20000 | Train Loss 0.016145
Epoch 13494/20000 | Train Loss 0.021910
Epoch 13495/20000 | Train Loss 0.023018
Epoch 13496/20000 | Train Loss 0.020477
Epoch 13497/20000 | Train Loss 0.018590
Epoch 13498/20000 | Train Loss 0.012883
Epoch 13499/20000 | Train Loss 0.019469
Epoch 13500/20000 | Train Loss 0.015326
  --> Checkpoint saved at epoch 13500.
Epoch 13501/20000 | Train Loss 0.021317
Epoch 13502/20000 | Train Loss 0.021543
Epoch 13503/20000 | Train Loss 0.014455
Epoch 13504/20000 | Train Loss 0.016496
Epoch 13505/20000 | Train Loss 0.011967
Epoch 13506/20000 | Train Loss 0.017757
Epoch 13507/20000 | Train Loss 0.010434
Epoch 13508/20000 | Train Loss 0.020199
Epoch 13509/20000 | Train Loss 0.021299
Epoch 13510/20000 | Train Loss 0.021998
Epoch 13511/20000 | Train Loss 0.021964
Epoch 13512/20000 | Train Loss 0.011285
Epoch 13513/20000 | Train Loss 0.018595
Epoch 13514/20000 | Train Loss 0.015546
Epoch 13515/20000 | Train Loss 0.013582
Epoch 13516/20000 | Train Loss 0.012791
Epoch 13517/20000 | Train Loss 0.016481
Epoch 13518/20000 | Train Loss 0.020142
Epoch 13519/20000 | Train Loss 0.017118
Epoch 13520/20000 | Train Loss 0.018720
Epoch 13521/20000 | Train Loss 0.013530
Epoch 13522/20000 | Train Loss 0.015356
Epoch 13523/20000 | Train Loss 0.014228
Epoch 13524/20000 | Train Loss 0.007918
Epoch 13525/20000 | Train Loss 0.018788
Epoch 13526/20000 | Train Loss 0.018869
Epoch 13527/20000 | Train Loss 0.016698
Epoch 13528/20000 | Train Loss 0.014341
Epoch 13529/20000 | Train Loss 0.024740
Epoch 13530/20000 | Train Loss 0.022213
Epoch 13531/20000 | Train Loss 0.021131
Epoch 13532/20000 | Train Loss 0.027046
Epoch 13533/20000 | Train Loss 0.016018
Epoch 13534/20000 | Train Loss 0.019196
Epoch 13535/20000 | Train Loss 0.010786
Epoch 13536/20000 | Train Loss 0.015696
Epoch 13537/20000 | Train Loss 0.017270
Epoch 13538/20000 | Train Loss 0.016898
Epoch 13539/20000 | Train Loss 0.012213
Epoch 13540/20000 | Train Loss 0.011332
Epoch 13541/20000 | Train Loss 0.016706
Epoch 13542/20000 | Train Loss 0.014091
Epoch 13543/20000 | Train Loss 0.013199
Epoch 13544/20000 | Train Loss 0.014499
Epoch 13545/20000 | Train Loss 0.020808
Epoch 13546/20000 | Train Loss 0.035788
Epoch 13547/20000 | Train Loss 0.051618
Epoch 13548/20000 | Train Loss 0.034431
Epoch 13549/20000 | Train Loss 0.063727
Epoch 13550/20000 | Train Loss 0.037310
Epoch 13551/20000 | Train Loss 0.027731
Epoch 13552/20000 | Train Loss 0.019742
Epoch 13553/20000 | Train Loss 0.021891
Epoch 13554/20000 | Train Loss 0.030481
Epoch 13555/20000 | Train Loss 0.015453
Epoch 13556/20000 | Train Loss 0.012677
Epoch 13557/20000 | Train Loss 0.027267
Epoch 13558/20000 | Train Loss 0.042054
Epoch 13559/20000 | Train Loss 0.024480
Epoch 13560/20000 | Train Loss 0.019143
Epoch 13561/20000 | Train Loss 0.035765
Epoch 13562/20000 | Train Loss 0.023798
Epoch 13563/20000 | Train Loss 0.025092
Epoch 13564/20000 | Train Loss 0.034079
Epoch 13565/20000 | Train Loss 0.029455
Epoch 13566/20000 | Train Loss 0.031251
Epoch 13567/20000 | Train Loss 0.021272
Epoch 13568/20000 | Train Loss 0.015130
Epoch 13569/20000 | Train Loss 0.018348
Epoch 13570/20000 | Train Loss 0.015895
Epoch 13571/20000 | Train Loss 0.031644
Epoch 13572/20000 | Train Loss 0.020394
Epoch 13573/20000 | Train Loss 0.015360
Epoch 13574/20000 | Train Loss 0.014115
Epoch 13575/20000 | Train Loss 0.014906
Epoch 13576/20000 | Train Loss 0.013622
Epoch 13577/20000 | Train Loss 0.012066
Epoch 13578/20000 | Train Loss 0.012764
Epoch 13579/20000 | Train Loss 0.017880
Epoch 13580/20000 | Train Loss 0.015667
Epoch 13581/20000 | Train Loss 0.019867
Epoch 13582/20000 | Train Loss 0.017887
Epoch 13583/20000 | Train Loss 0.022108
Epoch 13584/20000 | Train Loss 0.024709
Epoch 13585/20000 | Train Loss 0.014494
Epoch 13586/20000 | Train Loss 0.021146
Epoch 13587/20000 | Train Loss 0.025520
Epoch 13588/20000 | Train Loss 0.020894
Epoch 13589/20000 | Train Loss 0.013398
Epoch 13590/20000 | Train Loss 0.015995
Epoch 13591/20000 | Train Loss 0.014329
Epoch 13592/20000 | Train Loss 0.013096
Epoch 13593/20000 | Train Loss 0.012257
Epoch 13594/20000 | Train Loss 0.015114
Epoch 13595/20000 | Train Loss 0.016447
Epoch 13596/20000 | Train Loss 0.028765
Epoch 13597/20000 | Train Loss 0.019830
Epoch 13598/20000 | Train Loss 0.021425
Epoch 13599/20000 | Train Loss 0.014309
Epoch 13600/20000 | Train Loss 0.015307
Epoch 13601/20000 | Train Loss 0.016901
Epoch 13602/20000 | Train Loss 0.014174
Epoch 13603/20000 | Train Loss 0.022112
Epoch 13604/20000 | Train Loss 0.024652
Epoch 13605/20000 | Train Loss 0.022045
Epoch 13606/20000 | Train Loss 0.027038
Epoch 13607/20000 | Train Loss 0.051695
Epoch 13608/20000 | Train Loss 0.056832
Epoch 13609/20000 | Train Loss 0.026942
Epoch 13610/20000 | Train Loss 0.023038
Epoch 13611/20000 | Train Loss 0.027491
Epoch 13612/20000 | Train Loss 0.022033
Epoch 13613/20000 | Train Loss 0.027660
Epoch 13614/20000 | Train Loss 0.024656
Epoch 13615/20000 | Train Loss 0.031177
Epoch 13616/20000 | Train Loss 0.020085
Epoch 13617/20000 | Train Loss 0.017507
Epoch 13618/20000 | Train Loss 0.019711
Epoch 13619/20000 | Train Loss 0.014658
Epoch 13620/20000 | Train Loss 0.011633
Epoch 13621/20000 | Train Loss 0.017167
Epoch 13622/20000 | Train Loss 0.020123
Epoch 13623/20000 | Train Loss 0.009883
Epoch 13624/20000 | Train Loss 0.010344
Epoch 13625/20000 | Train Loss 0.009901
Epoch 13626/20000 | Train Loss 0.012722
Epoch 13627/20000 | Train Loss 0.009902
Epoch 13628/20000 | Train Loss 0.014142
Epoch 13629/20000 | Train Loss 0.013689
Epoch 13630/20000 | Train Loss 0.014931
Epoch 13631/20000 | Train Loss 0.014388
Epoch 13632/20000 | Train Loss 0.014193
Epoch 13633/20000 | Train Loss 0.013978
Epoch 13634/20000 | Train Loss 0.018493
Epoch 13635/20000 | Train Loss 0.017540
Epoch 13636/20000 | Train Loss 0.012780
Epoch 13637/20000 | Train Loss 0.010944
Epoch 13638/20000 | Train Loss 0.012893
Epoch 13639/20000 | Train Loss 0.015936
Epoch 13640/20000 | Train Loss 0.010373
Epoch 13641/20000 | Train Loss 0.015735
Epoch 13642/20000 | Train Loss 0.014960
Epoch 13643/20000 | Train Loss 0.014189
Epoch 13644/20000 | Train Loss 0.018432
Epoch 13645/20000 | Train Loss 0.016315
Epoch 13646/20000 | Train Loss 0.012810
Epoch 13647/20000 | Train Loss 0.010330
Epoch 13648/20000 | Train Loss 0.015655
Epoch 13649/20000 | Train Loss 0.014881
Epoch 13650/20000 | Train Loss 0.020277
Epoch 13651/20000 | Train Loss 0.027272
Epoch 13652/20000 | Train Loss 0.033938
Epoch 13653/20000 | Train Loss 0.057509
Epoch 13654/20000 | Train Loss 0.063744
Epoch 13655/20000 | Train Loss 0.047005
Epoch 13656/20000 | Train Loss 0.024470
Epoch 13657/20000 | Train Loss 0.037832
Epoch 13658/20000 | Train Loss 0.017858
Epoch 13659/20000 | Train Loss 0.027441
Epoch 13660/20000 | Train Loss 0.020260
Epoch 13661/20000 | Train Loss 0.015358
Epoch 13662/20000 | Train Loss 0.014882
Epoch 13663/20000 | Train Loss 0.013635
Epoch 13664/20000 | Train Loss 0.007853
Epoch 13665/20000 | Train Loss 0.010790
Epoch 13666/20000 | Train Loss 0.016133
Epoch 13667/20000 | Train Loss 0.013569
Epoch 13668/20000 | Train Loss 0.018048
Epoch 13669/20000 | Train Loss 0.023009
Epoch 13670/20000 | Train Loss 0.041254
Epoch 13671/20000 | Train Loss 0.037947
Epoch 13672/20000 | Train Loss 0.024194
Epoch 13673/20000 | Train Loss 0.020315
Epoch 13674/20000 | Train Loss 0.020076
Epoch 13675/20000 | Train Loss 0.017795
Epoch 13676/20000 | Train Loss 0.013010
Epoch 13677/20000 | Train Loss 0.010626
Epoch 13678/20000 | Train Loss 0.008802
Epoch 13679/20000 | Train Loss 0.008137
Epoch 13680/20000 | Train Loss 0.011332
Epoch 13681/20000 | Train Loss 0.013997
Epoch 13682/20000 | Train Loss 0.014175
Epoch 13683/20000 | Train Loss 0.012963
Epoch 13684/20000 | Train Loss 0.016956
Epoch 13685/20000 | Train Loss 0.024858
Epoch 13686/20000 | Train Loss 0.026585
Epoch 13687/20000 | Train Loss 0.028016
Epoch 13688/20000 | Train Loss 0.016896
Epoch 13689/20000 | Train Loss 0.015518
Epoch 13690/20000 | Train Loss 0.027004
Epoch 13691/20000 | Train Loss 0.040243
Epoch 13692/20000 | Train Loss 0.027270
Epoch 13693/20000 | Train Loss 0.014859
Epoch 13694/20000 | Train Loss 0.021053
Epoch 13695/20000 | Train Loss 0.018249
Epoch 13696/20000 | Train Loss 0.015905
Epoch 13697/20000 | Train Loss 0.023540
Epoch 13698/20000 | Train Loss 0.019238
Epoch 13699/20000 | Train Loss 0.020225
Epoch 13700/20000 | Train Loss 0.008717
Epoch 13701/20000 | Train Loss 0.011354
Epoch 13702/20000 | Train Loss 0.014734
Epoch 13703/20000 | Train Loss 0.021876
Epoch 13704/20000 | Train Loss 0.014641
Epoch 13705/20000 | Train Loss 0.015367
Epoch 13706/20000 | Train Loss 0.010293
Epoch 13707/20000 | Train Loss 0.010805
Epoch 13708/20000 | Train Loss 0.007306
Epoch 13709/20000 | Train Loss 0.016302
Epoch 13710/20000 | Train Loss 0.011205
Epoch 13711/20000 | Train Loss 0.012204
Epoch 13712/20000 | Train Loss 0.012131
Epoch 13713/20000 | Train Loss 0.019868
Epoch 13714/20000 | Train Loss 0.026929
Epoch 13715/20000 | Train Loss 0.014669
Epoch 13716/20000 | Train Loss 0.013596
Epoch 13717/20000 | Train Loss 0.014392
Epoch 13718/20000 | Train Loss 0.012523
Epoch 13719/20000 | Train Loss 0.013434
Epoch 13720/20000 | Train Loss 0.015109
Epoch 13721/20000 | Train Loss 0.013244
Epoch 13722/20000 | Train Loss 0.017297
Epoch 13723/20000 | Train Loss 0.015599
Epoch 13724/20000 | Train Loss 0.011300
Epoch 13725/20000 | Train Loss 0.008315
Epoch 13726/20000 | Train Loss 0.017576
Epoch 13727/20000 | Train Loss 0.013921
Epoch 13728/20000 | Train Loss 0.016197
Epoch 13729/20000 | Train Loss 0.028110
Epoch 13730/20000 | Train Loss 0.044616
Epoch 13731/20000 | Train Loss 0.045156
Epoch 13732/20000 | Train Loss 0.024073
Epoch 13733/20000 | Train Loss 0.016049
Epoch 13734/20000 | Train Loss 0.018771
Epoch 13735/20000 | Train Loss 0.018411
Epoch 13736/20000 | Train Loss 0.028836
Epoch 13737/20000 | Train Loss 0.027598
Epoch 13738/20000 | Train Loss 0.021317
Epoch 13739/20000 | Train Loss 0.022916
Epoch 13740/20000 | Train Loss 0.020511
Epoch 13741/20000 | Train Loss 0.020256
Epoch 13742/20000 | Train Loss 0.016673
Epoch 13743/20000 | Train Loss 0.019524
Epoch 13744/20000 | Train Loss 0.014121
Epoch 13745/20000 | Train Loss 0.018015
Epoch 13746/20000 | Train Loss 0.012016
Epoch 13747/20000 | Train Loss 0.014956
Epoch 13748/20000 | Train Loss 0.016585
Epoch 13749/20000 | Train Loss 0.014391
Epoch 13750/20000 | Train Loss 0.012186
Epoch 13751/20000 | Train Loss 0.017973
Epoch 13752/20000 | Train Loss 0.015020
Epoch 13753/20000 | Train Loss 0.017882
Epoch 13754/20000 | Train Loss 0.022534
Epoch 13755/20000 | Train Loss 0.020423
Epoch 13756/20000 | Train Loss 0.013447
Epoch 13757/20000 | Train Loss 0.014457
Epoch 13758/20000 | Train Loss 0.015174
Epoch 13759/20000 | Train Loss 0.010220
Epoch 13760/20000 | Train Loss 0.018815
Epoch 13761/20000 | Train Loss 0.014972
Epoch 13762/20000 | Train Loss 0.017496
Epoch 13763/20000 | Train Loss 0.019310
Epoch 13764/20000 | Train Loss 0.018386
Epoch 13765/20000 | Train Loss 0.019686
Epoch 13766/20000 | Train Loss 0.022143
Epoch 13767/20000 | Train Loss 0.021591
Epoch 13768/20000 | Train Loss 0.014264
Epoch 13769/20000 | Train Loss 0.015343
Epoch 13770/20000 | Train Loss 0.015219
Epoch 13771/20000 | Train Loss 0.015023
Epoch 13772/20000 | Train Loss 0.016232
Epoch 13773/20000 | Train Loss 0.014507
Epoch 13774/20000 | Train Loss 0.013035
Epoch 13775/20000 | Train Loss 0.009497
Epoch 13776/20000 | Train Loss 0.013358
Epoch 13777/20000 | Train Loss 0.013365
Epoch 13778/20000 | Train Loss 0.019220
Epoch 13779/20000 | Train Loss 0.024522
Epoch 13780/20000 | Train Loss 0.033043
Epoch 13781/20000 | Train Loss 0.028533
Epoch 13782/20000 | Train Loss 0.017370
Epoch 13783/20000 | Train Loss 0.020637
Epoch 13784/20000 | Train Loss 0.011703
Epoch 13785/20000 | Train Loss 0.011353
Epoch 13786/20000 | Train Loss 0.019705
Epoch 13787/20000 | Train Loss 0.025344
Epoch 13788/20000 | Train Loss 0.016899
Epoch 13789/20000 | Train Loss 0.016267
Epoch 13790/20000 | Train Loss 0.017646
Epoch 13791/20000 | Train Loss 0.015264
Epoch 13792/20000 | Train Loss 0.013893
Epoch 13793/20000 | Train Loss 0.017977
Epoch 13794/20000 | Train Loss 0.024784
Epoch 13795/20000 | Train Loss 0.029796
Epoch 13796/20000 | Train Loss 0.035656
Epoch 13797/20000 | Train Loss 0.026416
Epoch 13798/20000 | Train Loss 0.016016
Epoch 13799/20000 | Train Loss 0.015251
Epoch 13800/20000 | Train Loss 0.020434
Epoch 13801/20000 | Train Loss 0.016748
Epoch 13802/20000 | Train Loss 0.024449
Epoch 13803/20000 | Train Loss 0.047832
Epoch 13804/20000 | Train Loss 0.130450
Epoch 13805/20000 | Train Loss 0.144917
Epoch 13806/20000 | Train Loss 0.112110
Epoch 13807/20000 | Train Loss 0.079549
Epoch 13808/20000 | Train Loss 0.070501
Epoch 13809/20000 | Train Loss 0.049223
Epoch 13810/20000 | Train Loss 0.046452
Epoch 13811/20000 | Train Loss 0.032548
Epoch 13812/20000 | Train Loss 0.047005
Epoch 13813/20000 | Train Loss 0.024112
Epoch 13814/20000 | Train Loss 0.019909
Epoch 13815/20000 | Train Loss 0.021980
Epoch 13816/20000 | Train Loss 0.020010
Epoch 13817/20000 | Train Loss 0.020600
Epoch 13818/20000 | Train Loss 0.017177
Epoch 13819/20000 | Train Loss 0.015693
Epoch 13820/20000 | Train Loss 0.017882
Epoch 13821/20000 | Train Loss 0.018146
Epoch 13822/20000 | Train Loss 0.015987
Epoch 13823/20000 | Train Loss 0.014837
Epoch 13824/20000 | Train Loss 0.015243
Epoch 13825/20000 | Train Loss 0.008872
Epoch 13826/20000 | Train Loss 0.010270
Epoch 13827/20000 | Train Loss 0.013256
Epoch 13828/20000 | Train Loss 0.014191
Epoch 13829/20000 | Train Loss 0.018368
Epoch 13830/20000 | Train Loss 0.016219
Epoch 13831/20000 | Train Loss 0.013602
Epoch 13832/20000 | Train Loss 0.019571
Epoch 13833/20000 | Train Loss 0.019289
Epoch 13834/20000 | Train Loss 0.016838
Epoch 13835/20000 | Train Loss 0.012149
Epoch 13836/20000 | Train Loss 0.013281
Epoch 13837/20000 | Train Loss 0.015104
Epoch 13838/20000 | Train Loss 0.010574
Epoch 13839/20000 | Train Loss 0.011563
Epoch 13840/20000 | Train Loss 0.015883
Epoch 13841/20000 | Train Loss 0.010023
Epoch 13842/20000 | Train Loss 0.013446
Epoch 13843/20000 | Train Loss 0.013566
Epoch 13844/20000 | Train Loss 0.016089
Epoch 13845/20000 | Train Loss 0.017382
Epoch 13846/20000 | Train Loss 0.012919
Epoch 13847/20000 | Train Loss 0.011295
Epoch 13848/20000 | Train Loss 0.010588
Epoch 13849/20000 | Train Loss 0.013711
Epoch 13850/20000 | Train Loss 0.012872
Epoch 13851/20000 | Train Loss 0.027427
Epoch 13852/20000 | Train Loss 0.014966
Epoch 13853/20000 | Train Loss 0.017453
Epoch 13854/20000 | Train Loss 0.016465
Epoch 13855/20000 | Train Loss 0.014601
Epoch 13856/20000 | Train Loss 0.021240
Epoch 13857/20000 | Train Loss 0.024958
Epoch 13858/20000 | Train Loss 0.031265
Epoch 13859/20000 | Train Loss 0.027309
Epoch 13860/20000 | Train Loss 0.020379
Epoch 13861/20000 | Train Loss 0.012121
Epoch 13862/20000 | Train Loss 0.009307
Epoch 13863/20000 | Train Loss 0.015034
Epoch 13864/20000 | Train Loss 0.017322
Epoch 13865/20000 | Train Loss 0.014780
Epoch 13866/20000 | Train Loss 0.017332
Epoch 13867/20000 | Train Loss 0.022622
Epoch 13868/20000 | Train Loss 0.023603
Epoch 13869/20000 | Train Loss 0.022384
Epoch 13870/20000 | Train Loss 0.020898
Epoch 13871/20000 | Train Loss 0.030287
Epoch 13872/20000 | Train Loss 0.023650
Epoch 13873/20000 | Train Loss 0.029705
Epoch 13874/20000 | Train Loss 0.016444
Epoch 13875/20000 | Train Loss 0.015519
Epoch 13876/20000 | Train Loss 0.016756
Epoch 13877/20000 | Train Loss 0.016386
Epoch 13878/20000 | Train Loss 0.016077
Epoch 13879/20000 | Train Loss 0.016714
Epoch 13880/20000 | Train Loss 0.019875
Epoch 13881/20000 | Train Loss 0.013695
Epoch 13882/20000 | Train Loss 0.013173
Epoch 13883/20000 | Train Loss 0.015999
Epoch 13884/20000 | Train Loss 0.031024
Epoch 13885/20000 | Train Loss 0.041472
Epoch 13886/20000 | Train Loss 0.031364
Epoch 13887/20000 | Train Loss 0.021448
Epoch 13888/20000 | Train Loss 0.018206
Epoch 13889/20000 | Train Loss 0.017946
Epoch 13890/20000 | Train Loss 0.013704
Epoch 13891/20000 | Train Loss 0.010524
Epoch 13892/20000 | Train Loss 0.011748
Epoch 13893/20000 | Train Loss 0.009173
Epoch 13894/20000 | Train Loss 0.017526
Epoch 13895/20000 | Train Loss 0.020290
Epoch 13896/20000 | Train Loss 0.016137
Epoch 13897/20000 | Train Loss 0.011135
Epoch 13898/20000 | Train Loss 0.014544
Epoch 13899/20000 | Train Loss 0.017260
Epoch 13900/20000 | Train Loss 0.014086
Epoch 13901/20000 | Train Loss 0.015339
Epoch 13902/20000 | Train Loss 0.016955
Epoch 13903/20000 | Train Loss 0.021688
Epoch 13904/20000 | Train Loss 0.017019
Epoch 13905/20000 | Train Loss 0.015542
Epoch 13906/20000 | Train Loss 0.024249
Epoch 13907/20000 | Train Loss 0.028306
Epoch 13908/20000 | Train Loss 0.033821
Epoch 13909/20000 | Train Loss 0.019955
Epoch 13910/20000 | Train Loss 0.024015
Epoch 13911/20000 | Train Loss 0.020682
Epoch 13912/20000 | Train Loss 0.035680
Epoch 13913/20000 | Train Loss 0.027531
Epoch 13914/20000 | Train Loss 0.019532
Epoch 13915/20000 | Train Loss 0.015546
Epoch 13916/20000 | Train Loss 0.019632
Epoch 13917/20000 | Train Loss 0.020827
Epoch 13918/20000 | Train Loss 0.027406
Epoch 13919/20000 | Train Loss 0.027417
Epoch 13920/20000 | Train Loss 0.018706
Epoch 13921/20000 | Train Loss 0.017227
Epoch 13922/20000 | Train Loss 0.017415
Epoch 13923/20000 | Train Loss 0.007541
Epoch 13924/20000 | Train Loss 0.013094
Epoch 13925/20000 | Train Loss 0.017366
Epoch 13926/20000 | Train Loss 0.016485
Epoch 13927/20000 | Train Loss 0.019325
Epoch 13928/20000 | Train Loss 0.012125
Epoch 13929/20000 | Train Loss 0.012932
Epoch 13930/20000 | Train Loss 0.032192
Epoch 13931/20000 | Train Loss 0.033154
Epoch 13932/20000 | Train Loss 0.029408
Epoch 13933/20000 | Train Loss 0.037896
Epoch 13934/20000 | Train Loss 0.027002
Epoch 13935/20000 | Train Loss 0.032089
Epoch 13936/20000 | Train Loss 0.028097
Epoch 13937/20000 | Train Loss 0.038511
Epoch 13938/20000 | Train Loss 0.027678
Epoch 13939/20000 | Train Loss 0.032206
Epoch 13940/20000 | Train Loss 0.021531
Epoch 13941/20000 | Train Loss 0.027889
Epoch 13942/20000 | Train Loss 0.018632
Epoch 13943/20000 | Train Loss 0.016043
Epoch 13944/20000 | Train Loss 0.020327
Epoch 13945/20000 | Train Loss 0.019225
Epoch 13946/20000 | Train Loss 0.012774
Epoch 13947/20000 | Train Loss 0.019036
Epoch 13948/20000 | Train Loss 0.018990
Epoch 13949/20000 | Train Loss 0.017911
Epoch 13950/20000 | Train Loss 0.018480
Epoch 13951/20000 | Train Loss 0.015809
Epoch 13952/20000 | Train Loss 0.013484
Epoch 13953/20000 | Train Loss 0.014968
Epoch 13954/20000 | Train Loss 0.021401
Epoch 13955/20000 | Train Loss 0.024358
Epoch 13956/20000 | Train Loss 0.028163
Epoch 13957/20000 | Train Loss 0.024749
Epoch 13958/20000 | Train Loss 0.035209
Epoch 13959/20000 | Train Loss 0.024259
Epoch 13960/20000 | Train Loss 0.021480
Epoch 13961/20000 | Train Loss 0.022633
Epoch 13962/20000 | Train Loss 0.021036
Epoch 13963/20000 | Train Loss 0.016299
Epoch 13964/20000 | Train Loss 0.017281
Epoch 13965/20000 | Train Loss 0.012748
Epoch 13966/20000 | Train Loss 0.013387
Epoch 13967/20000 | Train Loss 0.014810
Epoch 13968/20000 | Train Loss 0.007735
Epoch 13969/20000 | Train Loss 0.014419
Epoch 13970/20000 | Train Loss 0.011665
Epoch 13971/20000 | Train Loss 0.012703
Epoch 13972/20000 | Train Loss 0.008210
Epoch 13973/20000 | Train Loss 0.010058
Epoch 13974/20000 | Train Loss 0.013907
Epoch 13975/20000 | Train Loss 0.012634
Epoch 13976/20000 | Train Loss 0.015334
Epoch 13977/20000 | Train Loss 0.014140
Epoch 13978/20000 | Train Loss 0.016340
Epoch 13979/20000 | Train Loss 0.015277
Epoch 13980/20000 | Train Loss 0.012537
Epoch 13981/20000 | Train Loss 0.014671
Epoch 13982/20000 | Train Loss 0.019225
Epoch 13983/20000 | Train Loss 0.022873
Epoch 13984/20000 | Train Loss 0.026140
Epoch 13985/20000 | Train Loss 0.016562
Epoch 13986/20000 | Train Loss 0.013444
Epoch 13987/20000 | Train Loss 0.015182
Epoch 13988/20000 | Train Loss 0.016501
Epoch 13989/20000 | Train Loss 0.017704
Epoch 13990/20000 | Train Loss 0.021978
Epoch 13991/20000 | Train Loss 0.027599
Epoch 13992/20000 | Train Loss 0.034515
Epoch 13993/20000 | Train Loss 0.041675
Epoch 13994/20000 | Train Loss 0.034463
Epoch 13995/20000 | Train Loss 0.024426
Epoch 13996/20000 | Train Loss 0.024167
Epoch 13997/20000 | Train Loss 0.019236
Epoch 13998/20000 | Train Loss 0.021046
Epoch 13999/20000 | Train Loss 0.020292
Epoch 14000/20000 | Train Loss 0.025005
  --> Checkpoint saved at epoch 14000.
Epoch 14001/20000 | Train Loss 0.015644
Epoch 14002/20000 | Train Loss 0.020461
Epoch 14003/20000 | Train Loss 0.018525
Epoch 14004/20000 | Train Loss 0.030087
Epoch 14005/20000 | Train Loss 0.041463
Epoch 14006/20000 | Train Loss 0.029538
Epoch 14007/20000 | Train Loss 0.028711
Epoch 14008/20000 | Train Loss 0.030056
Epoch 14009/20000 | Train Loss 0.018142
Epoch 14010/20000 | Train Loss 0.017385
Epoch 14011/20000 | Train Loss 0.014945
Epoch 14012/20000 | Train Loss 0.012704
Epoch 14013/20000 | Train Loss 0.021460
Epoch 14014/20000 | Train Loss 0.022784
Epoch 14015/20000 | Train Loss 0.014019
Epoch 14016/20000 | Train Loss 0.018410
Epoch 14017/20000 | Train Loss 0.015357
Epoch 14018/20000 | Train Loss 0.012558
Epoch 14019/20000 | Train Loss 0.017651
Epoch 14020/20000 | Train Loss 0.018089
Epoch 14021/20000 | Train Loss 0.019376
Epoch 14022/20000 | Train Loss 0.016058
Epoch 14023/20000 | Train Loss 0.012976
Epoch 14024/20000 | Train Loss 0.023871
Epoch 14025/20000 | Train Loss 0.012675
Epoch 14026/20000 | Train Loss 0.014787
Epoch 14027/20000 | Train Loss 0.022414
Epoch 14028/20000 | Train Loss 0.017306
Epoch 14029/20000 | Train Loss 0.013468
Epoch 14030/20000 | Train Loss 0.022206
Epoch 14031/20000 | Train Loss 0.016816
Epoch 14032/20000 | Train Loss 0.014203
Epoch 14033/20000 | Train Loss 0.020224
Epoch 14034/20000 | Train Loss 0.024873
Epoch 14035/20000 | Train Loss 0.018510
Epoch 14036/20000 | Train Loss 0.009475
Epoch 14037/20000 | Train Loss 0.011568
Epoch 14038/20000 | Train Loss 0.014694
Epoch 14039/20000 | Train Loss 0.013580
Epoch 14040/20000 | Train Loss 0.016459
Epoch 14041/20000 | Train Loss 0.019730
Epoch 14042/20000 | Train Loss 0.021983
Epoch 14043/20000 | Train Loss 0.019026
Epoch 14044/20000 | Train Loss 0.022269
Epoch 14045/20000 | Train Loss 0.020415
Epoch 14046/20000 | Train Loss 0.017624
Epoch 14047/20000 | Train Loss 0.016237
Epoch 14048/20000 | Train Loss 0.014418
Epoch 14049/20000 | Train Loss 0.015234
Epoch 14050/20000 | Train Loss 0.016282
Epoch 14051/20000 | Train Loss 0.027108
Epoch 14052/20000 | Train Loss 0.014069
Epoch 14053/20000 | Train Loss 0.017047
Epoch 14054/20000 | Train Loss 0.018056
Epoch 14055/20000 | Train Loss 0.016830
Epoch 14056/20000 | Train Loss 0.018721
Epoch 14057/20000 | Train Loss 0.011675
Epoch 14058/20000 | Train Loss 0.015862
Epoch 14059/20000 | Train Loss 0.015885
Epoch 14060/20000 | Train Loss 0.016216
Epoch 14061/20000 | Train Loss 0.014931
Epoch 14062/20000 | Train Loss 0.014310
Epoch 14063/20000 | Train Loss 0.021291
Epoch 14064/20000 | Train Loss 0.011566
Epoch 14065/20000 | Train Loss 0.012740
Epoch 14066/20000 | Train Loss 0.009173
Epoch 14067/20000 | Train Loss 0.017114
Epoch 14068/20000 | Train Loss 0.016806
Epoch 14069/20000 | Train Loss 0.017372
Epoch 14070/20000 | Train Loss 0.012412
Epoch 14071/20000 | Train Loss 0.014135
Epoch 14072/20000 | Train Loss 0.014520
Epoch 14073/20000 | Train Loss 0.009731
Epoch 14074/20000 | Train Loss 0.015754
Epoch 14075/20000 | Train Loss 0.012150
Epoch 14076/20000 | Train Loss 0.013464
Epoch 14077/20000 | Train Loss 0.014076
Epoch 14078/20000 | Train Loss 0.016167
Epoch 14079/20000 | Train Loss 0.019597
Epoch 14080/20000 | Train Loss 0.034126
Epoch 14081/20000 | Train Loss 0.036181
Epoch 14082/20000 | Train Loss 0.018080
Epoch 14083/20000 | Train Loss 0.020183
Epoch 14084/20000 | Train Loss 0.022022
Epoch 14085/20000 | Train Loss 0.016907
Epoch 14086/20000 | Train Loss 0.019175
Epoch 14087/20000 | Train Loss 0.018734
Epoch 14088/20000 | Train Loss 0.017057
Epoch 14089/20000 | Train Loss 0.025615
Epoch 14090/20000 | Train Loss 0.017625
Epoch 14091/20000 | Train Loss 0.013352
Epoch 14092/20000 | Train Loss 0.012165
Epoch 14093/20000 | Train Loss 0.012107
Epoch 14094/20000 | Train Loss 0.012453
Epoch 14095/20000 | Train Loss 0.012440
Epoch 14096/20000 | Train Loss 0.012793
Epoch 14097/20000 | Train Loss 0.018843
Epoch 14098/20000 | Train Loss 0.017256
Epoch 14099/20000 | Train Loss 0.016864
Epoch 14100/20000 | Train Loss 0.013438
Epoch 14101/20000 | Train Loss 0.012331
Epoch 14102/20000 | Train Loss 0.013707
Epoch 14103/20000 | Train Loss 0.017818
Epoch 14104/20000 | Train Loss 0.015229
Epoch 14105/20000 | Train Loss 0.015062
Epoch 14106/20000 | Train Loss 0.012973
Epoch 14107/20000 | Train Loss 0.017410
Epoch 14108/20000 | Train Loss 0.024205
Epoch 14109/20000 | Train Loss 0.027013
Epoch 14110/20000 | Train Loss 0.032189
Epoch 14111/20000 | Train Loss 0.013264
Epoch 14112/20000 | Train Loss 0.017534
Epoch 14113/20000 | Train Loss 0.024425
Epoch 14114/20000 | Train Loss 0.019567
Epoch 14115/20000 | Train Loss 0.017901
Epoch 14116/20000 | Train Loss 0.012298
Epoch 14117/20000 | Train Loss 0.012252
Epoch 14118/20000 | Train Loss 0.008665
Epoch 14119/20000 | Train Loss 0.012997
Epoch 14120/20000 | Train Loss 0.015652
Epoch 14121/20000 | Train Loss 0.015337
Epoch 14122/20000 | Train Loss 0.012879
Epoch 14123/20000 | Train Loss 0.019623
Epoch 14124/20000 | Train Loss 0.018331
Epoch 14125/20000 | Train Loss 0.023291
Epoch 14126/20000 | Train Loss 0.019988
Epoch 14127/20000 | Train Loss 0.031904
Epoch 14128/20000 | Train Loss 0.032415
Epoch 14129/20000 | Train Loss 0.018054
Epoch 14130/20000 | Train Loss 0.020749
Epoch 14131/20000 | Train Loss 0.018015
Epoch 14132/20000 | Train Loss 0.018534
Epoch 14133/20000 | Train Loss 0.016587
Epoch 14134/20000 | Train Loss 0.018315
Epoch 14135/20000 | Train Loss 0.022334
Epoch 14136/20000 | Train Loss 0.019884
Epoch 14137/20000 | Train Loss 0.019756
Epoch 14138/20000 | Train Loss 0.019968
Epoch 14139/20000 | Train Loss 0.019522
Epoch 14140/20000 | Train Loss 0.015413
Epoch 14141/20000 | Train Loss 0.017471
Epoch 14142/20000 | Train Loss 0.012816
Epoch 14143/20000 | Train Loss 0.012098
Epoch 14144/20000 | Train Loss 0.021217
Epoch 14145/20000 | Train Loss 0.014983
Epoch 14146/20000 | Train Loss 0.021766
Epoch 14147/20000 | Train Loss 0.018432
Epoch 14148/20000 | Train Loss 0.015010
Epoch 14149/20000 | Train Loss 0.014027
Epoch 14150/20000 | Train Loss 0.013046
Epoch 14151/20000 | Train Loss 0.017171
Epoch 14152/20000 | Train Loss 0.015301
Epoch 14153/20000 | Train Loss 0.030846
Epoch 14154/20000 | Train Loss 0.037268
Epoch 14155/20000 | Train Loss 0.031293
Epoch 14156/20000 | Train Loss 0.039945
Epoch 14157/20000 | Train Loss 0.036197
Epoch 14158/20000 | Train Loss 0.031151
Epoch 14159/20000 | Train Loss 0.047460
Epoch 14160/20000 | Train Loss 0.034662
Epoch 14161/20000 | Train Loss 0.033889
Epoch 14162/20000 | Train Loss 0.030067
Epoch 14163/20000 | Train Loss 0.030877
Epoch 14164/20000 | Train Loss 0.029935
Epoch 14165/20000 | Train Loss 0.032229
Epoch 14166/20000 | Train Loss 0.019379
Epoch 14167/20000 | Train Loss 0.023468
Epoch 14168/20000 | Train Loss 0.015405
Epoch 14169/20000 | Train Loss 0.019248
Epoch 14170/20000 | Train Loss 0.019188
Epoch 14171/20000 | Train Loss 0.020713
Epoch 14172/20000 | Train Loss 0.014977
Epoch 14173/20000 | Train Loss 0.014203
Epoch 14174/20000 | Train Loss 0.013133
Epoch 14175/20000 | Train Loss 0.020971
Epoch 14176/20000 | Train Loss 0.015859
Epoch 14177/20000 | Train Loss 0.017917
Epoch 14178/20000 | Train Loss 0.017733
Epoch 14179/20000 | Train Loss 0.017107
Epoch 14180/20000 | Train Loss 0.017468
Epoch 14181/20000 | Train Loss 0.022295
Epoch 14182/20000 | Train Loss 0.012803
Epoch 14183/20000 | Train Loss 0.022598
Epoch 14184/20000 | Train Loss 0.016302
Epoch 14185/20000 | Train Loss 0.022079
Epoch 14186/20000 | Train Loss 0.015733
Epoch 14187/20000 | Train Loss 0.019311
Epoch 14188/20000 | Train Loss 0.020494
Epoch 14189/20000 | Train Loss 0.024798
Epoch 14190/20000 | Train Loss 0.025035
Epoch 14191/20000 | Train Loss 0.028225
Epoch 14192/20000 | Train Loss 0.053296
Epoch 14193/20000 | Train Loss 0.050215
Epoch 14194/20000 | Train Loss 0.041676
Epoch 14195/20000 | Train Loss 0.020615
Epoch 14196/20000 | Train Loss 0.020849
Epoch 14197/20000 | Train Loss 0.016279
Epoch 14198/20000 | Train Loss 0.016760
Epoch 14199/20000 | Train Loss 0.021870
Epoch 14200/20000 | Train Loss 0.015498
Epoch 14201/20000 | Train Loss 0.018658
Epoch 14202/20000 | Train Loss 0.020651
Epoch 14203/20000 | Train Loss 0.013367
Epoch 14204/20000 | Train Loss 0.011837
Epoch 14205/20000 | Train Loss 0.019808
Epoch 14206/20000 | Train Loss 0.014877
Epoch 14207/20000 | Train Loss 0.016072
Epoch 14208/20000 | Train Loss 0.019236
Epoch 14209/20000 | Train Loss 0.016396
Epoch 14210/20000 | Train Loss 0.017742
Epoch 14211/20000 | Train Loss 0.017444
Epoch 14212/20000 | Train Loss 0.020626
Epoch 14213/20000 | Train Loss 0.016496
Epoch 14214/20000 | Train Loss 0.014140
Epoch 14215/20000 | Train Loss 0.011232
Epoch 14216/20000 | Train Loss 0.013260
Epoch 14217/20000 | Train Loss 0.010776
Epoch 14218/20000 | Train Loss 0.020968
Epoch 14219/20000 | Train Loss 0.016019
Epoch 14220/20000 | Train Loss 0.024328
Epoch 14221/20000 | Train Loss 0.028239
Epoch 14222/20000 | Train Loss 0.019652
Epoch 14223/20000 | Train Loss 0.014998
Epoch 14224/20000 | Train Loss 0.016050
Epoch 14225/20000 | Train Loss 0.020510
Epoch 14226/20000 | Train Loss 0.022110
Epoch 14227/20000 | Train Loss 0.022307
Epoch 14228/20000 | Train Loss 0.025430
Epoch 14229/20000 | Train Loss 0.023557
Epoch 14230/20000 | Train Loss 0.013173
Epoch 14231/20000 | Train Loss 0.020836
Epoch 14232/20000 | Train Loss 0.027919
Epoch 14233/20000 | Train Loss 0.037756
Epoch 14234/20000 | Train Loss 0.031685
Epoch 14235/20000 | Train Loss 0.020287
Epoch 14236/20000 | Train Loss 0.026147
Epoch 14237/20000 | Train Loss 0.018174
Epoch 14238/20000 | Train Loss 0.016163
Epoch 14239/20000 | Train Loss 0.019570
Epoch 14240/20000 | Train Loss 0.013503
Epoch 14241/20000 | Train Loss 0.010196
Epoch 14242/20000 | Train Loss 0.012814
Epoch 14243/20000 | Train Loss 0.019836
Epoch 14244/20000 | Train Loss 0.017107
Epoch 14245/20000 | Train Loss 0.011822
Epoch 14246/20000 | Train Loss 0.016446
Epoch 14247/20000 | Train Loss 0.015098
Epoch 14248/20000 | Train Loss 0.017694
Epoch 14249/20000 | Train Loss 0.011486
Epoch 14250/20000 | Train Loss 0.016569
Epoch 14251/20000 | Train Loss 0.017576
Epoch 14252/20000 | Train Loss 0.015919
Epoch 14253/20000 | Train Loss 0.019577
Epoch 14254/20000 | Train Loss 0.021379
Epoch 14255/20000 | Train Loss 0.027760
Epoch 14256/20000 | Train Loss 0.023821
Epoch 14257/20000 | Train Loss 0.013320
Epoch 14258/20000 | Train Loss 0.016735
Epoch 14259/20000 | Train Loss 0.012509
Epoch 14260/20000 | Train Loss 0.016750
Epoch 14261/20000 | Train Loss 0.010957
Epoch 14262/20000 | Train Loss 0.009165
Epoch 14263/20000 | Train Loss 0.012083
Epoch 14264/20000 | Train Loss 0.012713
Epoch 14265/20000 | Train Loss 0.013809
Epoch 14266/20000 | Train Loss 0.020487
Epoch 14267/20000 | Train Loss 0.020030
Epoch 14268/20000 | Train Loss 0.018541
Epoch 14269/20000 | Train Loss 0.022055
Epoch 14270/20000 | Train Loss 0.024870
Epoch 14271/20000 | Train Loss 0.034653
Epoch 14272/20000 | Train Loss 0.039513
Epoch 14273/20000 | Train Loss 0.044333
Epoch 14274/20000 | Train Loss 0.049451
Epoch 14275/20000 | Train Loss 0.025942
Epoch 14276/20000 | Train Loss 0.022723
Epoch 14277/20000 | Train Loss 0.017510
Epoch 14278/20000 | Train Loss 0.025918
Epoch 14279/20000 | Train Loss 0.023597
Epoch 14280/20000 | Train Loss 0.028248
Epoch 14281/20000 | Train Loss 0.037447
Epoch 14282/20000 | Train Loss 0.030825
Epoch 14283/20000 | Train Loss 0.028177
Epoch 14284/20000 | Train Loss 0.021556
Epoch 14285/20000 | Train Loss 0.018022
Epoch 14286/20000 | Train Loss 0.011479
Epoch 14287/20000 | Train Loss 0.013334
Epoch 14288/20000 | Train Loss 0.022813
Epoch 14289/20000 | Train Loss 0.017784
Epoch 14290/20000 | Train Loss 0.015158
Epoch 14291/20000 | Train Loss 0.024071
Epoch 14292/20000 | Train Loss 0.016681
Epoch 14293/20000 | Train Loss 0.010886
Epoch 14294/20000 | Train Loss 0.014256
Epoch 14295/20000 | Train Loss 0.016457
Epoch 14296/20000 | Train Loss 0.015883
Epoch 14297/20000 | Train Loss 0.017236
Epoch 14298/20000 | Train Loss 0.019807
Epoch 14299/20000 | Train Loss 0.018850
Epoch 14300/20000 | Train Loss 0.010815
Epoch 14301/20000 | Train Loss 0.010324
Epoch 14302/20000 | Train Loss 0.012091
Epoch 14303/20000 | Train Loss 0.018830
Epoch 14304/20000 | Train Loss 0.017349
Epoch 14305/20000 | Train Loss 0.022133
Epoch 14306/20000 | Train Loss 0.033015
Epoch 14307/20000 | Train Loss 0.035426
Epoch 14308/20000 | Train Loss 0.018724
Epoch 14309/20000 | Train Loss 0.015334
Epoch 14310/20000 | Train Loss 0.010691
Epoch 14311/20000 | Train Loss 0.013054
Epoch 14312/20000 | Train Loss 0.011836
Epoch 14313/20000 | Train Loss 0.013669
Epoch 14314/20000 | Train Loss 0.014602
Epoch 14315/20000 | Train Loss 0.025249
Epoch 14316/20000 | Train Loss 0.020151
Epoch 14317/20000 | Train Loss 0.020242
Epoch 14318/20000 | Train Loss 0.025444
Epoch 14319/20000 | Train Loss 0.020283
Epoch 14320/20000 | Train Loss 0.020893
Epoch 14321/20000 | Train Loss 0.024465
Epoch 14322/20000 | Train Loss 0.016661
Epoch 14323/20000 | Train Loss 0.016569
Epoch 14324/20000 | Train Loss 0.014586
Epoch 14325/20000 | Train Loss 0.018443
Epoch 14326/20000 | Train Loss 0.019903
Epoch 14327/20000 | Train Loss 0.017714
Epoch 14328/20000 | Train Loss 0.017888
Epoch 14329/20000 | Train Loss 0.030927
Epoch 14330/20000 | Train Loss 0.033863
Epoch 14331/20000 | Train Loss 0.025252
Epoch 14332/20000 | Train Loss 0.018883
Epoch 14333/20000 | Train Loss 0.017757
Epoch 14334/20000 | Train Loss 0.018949
Epoch 14335/20000 | Train Loss 0.018769
Epoch 14336/20000 | Train Loss 0.020036
Epoch 14337/20000 | Train Loss 0.021754
Epoch 14338/20000 | Train Loss 0.024227
Epoch 14339/20000 | Train Loss 0.024188
Epoch 14340/20000 | Train Loss 0.020174
Epoch 14341/20000 | Train Loss 0.019789
Epoch 14342/20000 | Train Loss 0.017192
Epoch 14343/20000 | Train Loss 0.017053
Epoch 14344/20000 | Train Loss 0.023654
Epoch 14345/20000 | Train Loss 0.023235
Epoch 14346/20000 | Train Loss 0.017457
Epoch 14347/20000 | Train Loss 0.018157
Epoch 14348/20000 | Train Loss 0.016334
Epoch 14349/20000 | Train Loss 0.009435
Epoch 14350/20000 | Train Loss 0.013978
Epoch 14351/20000 | Train Loss 0.016405
Epoch 14352/20000 | Train Loss 0.013098
Epoch 14353/20000 | Train Loss 0.014306
Epoch 14354/20000 | Train Loss 0.018978
Epoch 14355/20000 | Train Loss 0.016283
Epoch 14356/20000 | Train Loss 0.011724
Epoch 14357/20000 | Train Loss 0.010517
Epoch 14358/20000 | Train Loss 0.019257
Epoch 14359/20000 | Train Loss 0.014127
Epoch 14360/20000 | Train Loss 0.009999
Epoch 14361/20000 | Train Loss 0.017918
Epoch 14362/20000 | Train Loss 0.014079
Epoch 14363/20000 | Train Loss 0.012226
Epoch 14364/20000 | Train Loss 0.013343
Epoch 14365/20000 | Train Loss 0.013359
Epoch 14366/20000 | Train Loss 0.016926
Epoch 14367/20000 | Train Loss 0.022854
Epoch 14368/20000 | Train Loss 0.027677
Epoch 14369/20000 | Train Loss 0.021041
Epoch 14370/20000 | Train Loss 0.017015
Epoch 14371/20000 | Train Loss 0.012906
Epoch 14372/20000 | Train Loss 0.021224
Epoch 14373/20000 | Train Loss 0.017294
Epoch 14374/20000 | Train Loss 0.025195
Epoch 14375/20000 | Train Loss 0.022804
Epoch 14376/20000 | Train Loss 0.013449
Epoch 14377/20000 | Train Loss 0.013062
Epoch 14378/20000 | Train Loss 0.013201
Epoch 14379/20000 | Train Loss 0.015779
Epoch 14380/20000 | Train Loss 0.016171
Epoch 14381/20000 | Train Loss 0.018413
Epoch 14382/20000 | Train Loss 0.019733
Epoch 14383/20000 | Train Loss 0.017610
Epoch 14384/20000 | Train Loss 0.020357
Epoch 14385/20000 | Train Loss 0.019873
Epoch 14386/20000 | Train Loss 0.016694
Epoch 14387/20000 | Train Loss 0.014844
Epoch 14388/20000 | Train Loss 0.014244
Epoch 14389/20000 | Train Loss 0.021214
Epoch 14390/20000 | Train Loss 0.013113
Epoch 14391/20000 | Train Loss 0.019218
Epoch 14392/20000 | Train Loss 0.018438
Epoch 14393/20000 | Train Loss 0.018942
Epoch 14394/20000 | Train Loss 0.019819
Epoch 14395/20000 | Train Loss 0.010513
Epoch 14396/20000 | Train Loss 0.023662
Epoch 14397/20000 | Train Loss 0.015767
Epoch 14398/20000 | Train Loss 0.025967
Epoch 14399/20000 | Train Loss 0.041327
Epoch 14400/20000 | Train Loss 0.022034
Epoch 14401/20000 | Train Loss 0.021845
Epoch 14402/20000 | Train Loss 0.026512
Epoch 14403/20000 | Train Loss 0.021775
Epoch 14404/20000 | Train Loss 0.018920
Epoch 14405/20000 | Train Loss 0.018253
Epoch 14406/20000 | Train Loss 0.022071
Epoch 14407/20000 | Train Loss 0.015184
Epoch 14408/20000 | Train Loss 0.010066
Epoch 14409/20000 | Train Loss 0.010563
Epoch 14410/20000 | Train Loss 0.010244
Epoch 14411/20000 | Train Loss 0.016133
Epoch 14412/20000 | Train Loss 0.006367
Epoch 14413/20000 | Train Loss 0.010460
Epoch 14414/20000 | Train Loss 0.015208
Epoch 14415/20000 | Train Loss 0.014765
Epoch 14416/20000 | Train Loss 0.013463
Epoch 14417/20000 | Train Loss 0.017367
Epoch 14418/20000 | Train Loss 0.008347
Epoch 14419/20000 | Train Loss 0.012649
Epoch 14420/20000 | Train Loss 0.016401
Epoch 14421/20000 | Train Loss 0.014222
Epoch 14422/20000 | Train Loss 0.015257
Epoch 14423/20000 | Train Loss 0.017361
Epoch 14424/20000 | Train Loss 0.018055
Epoch 14425/20000 | Train Loss 0.018228
Epoch 14426/20000 | Train Loss 0.012412
Epoch 14427/20000 | Train Loss 0.018586
Epoch 14428/20000 | Train Loss 0.018764
Epoch 14429/20000 | Train Loss 0.016976
Epoch 14430/20000 | Train Loss 0.013662
Epoch 14431/20000 | Train Loss 0.015502
Epoch 14432/20000 | Train Loss 0.011340
Epoch 14433/20000 | Train Loss 0.013842
Epoch 14434/20000 | Train Loss 0.015494
Epoch 14435/20000 | Train Loss 0.017434
Epoch 14436/20000 | Train Loss 0.021328
Epoch 14437/20000 | Train Loss 0.036562
Epoch 14438/20000 | Train Loss 0.028185
Epoch 14439/20000 | Train Loss 0.023589
Epoch 14440/20000 | Train Loss 0.020180
Epoch 14441/20000 | Train Loss 0.019360
Epoch 14442/20000 | Train Loss 0.028545
Epoch 14443/20000 | Train Loss 0.022722
Epoch 14444/20000 | Train Loss 0.020293
Epoch 14445/20000 | Train Loss 0.019483
Epoch 14446/20000 | Train Loss 0.015135
Epoch 14447/20000 | Train Loss 0.016693
Epoch 14448/20000 | Train Loss 0.017966
Epoch 14449/20000 | Train Loss 0.018778
Epoch 14450/20000 | Train Loss 0.019317
Epoch 14451/20000 | Train Loss 0.018742
Epoch 14452/20000 | Train Loss 0.013842
Epoch 14453/20000 | Train Loss 0.010649
Epoch 14454/20000 | Train Loss 0.011597
Epoch 14455/20000 | Train Loss 0.011702
Epoch 14456/20000 | Train Loss 0.013751
Epoch 14457/20000 | Train Loss 0.023195
Epoch 14458/20000 | Train Loss 0.017905
Epoch 14459/20000 | Train Loss 0.017285
Epoch 14460/20000 | Train Loss 0.014509
Epoch 14461/20000 | Train Loss 0.014945
Epoch 14462/20000 | Train Loss 0.011024
Epoch 14463/20000 | Train Loss 0.021425
Epoch 14464/20000 | Train Loss 0.030386
Epoch 14465/20000 | Train Loss 0.024865
Epoch 14466/20000 | Train Loss 0.015374
Epoch 14467/20000 | Train Loss 0.016829
Epoch 14468/20000 | Train Loss 0.018718
Epoch 14469/20000 | Train Loss 0.029989
Epoch 14470/20000 | Train Loss 0.018023
Epoch 14471/20000 | Train Loss 0.012761
Epoch 14472/20000 | Train Loss 0.015135
Epoch 14473/20000 | Train Loss 0.011631
Epoch 14474/20000 | Train Loss 0.011175
Epoch 14475/20000 | Train Loss 0.011531
Epoch 14476/20000 | Train Loss 0.010233
Epoch 14477/20000 | Train Loss 0.012760
Epoch 14478/20000 | Train Loss 0.012533
Epoch 14479/20000 | Train Loss 0.020003
Epoch 14480/20000 | Train Loss 0.027108
Epoch 14481/20000 | Train Loss 0.027459
Epoch 14482/20000 | Train Loss 0.024714
Epoch 14483/20000 | Train Loss 0.021402
Epoch 14484/20000 | Train Loss 0.023998
Epoch 14485/20000 | Train Loss 0.013655
Epoch 14486/20000 | Train Loss 0.017752
Epoch 14487/20000 | Train Loss 0.014242
Epoch 14488/20000 | Train Loss 0.011891
Epoch 14489/20000 | Train Loss 0.017472
Epoch 14490/20000 | Train Loss 0.011075
Epoch 14491/20000 | Train Loss 0.011247
Epoch 14492/20000 | Train Loss 0.016796
Epoch 14493/20000 | Train Loss 0.015299
Epoch 14494/20000 | Train Loss 0.021969
Epoch 14495/20000 | Train Loss 0.024566
Epoch 14496/20000 | Train Loss 0.013954
Epoch 14497/20000 | Train Loss 0.017877
Epoch 14498/20000 | Train Loss 0.016779
Epoch 14499/20000 | Train Loss 0.020911
Epoch 14500/20000 | Train Loss 0.017480
  --> Checkpoint saved at epoch 14500.
Epoch 14501/20000 | Train Loss 0.018424
Epoch 14502/20000 | Train Loss 0.017650
Epoch 14503/20000 | Train Loss 0.020771
Epoch 14504/20000 | Train Loss 0.021245
Epoch 14505/20000 | Train Loss 0.016279
Epoch 14506/20000 | Train Loss 0.016443
Epoch 14507/20000 | Train Loss 0.014299
Epoch 14508/20000 | Train Loss 0.014123
Epoch 14509/20000 | Train Loss 0.017791
Epoch 14510/20000 | Train Loss 0.016114
Epoch 14511/20000 | Train Loss 0.014403
Epoch 14512/20000 | Train Loss 0.013172
Epoch 14513/20000 | Train Loss 0.018669
Epoch 14514/20000 | Train Loss 0.010878
Epoch 14515/20000 | Train Loss 0.018174
Epoch 14516/20000 | Train Loss 0.023945
Epoch 14517/20000 | Train Loss 0.021281
Epoch 14518/20000 | Train Loss 0.019105
Epoch 14519/20000 | Train Loss 0.013660
Epoch 14520/20000 | Train Loss 0.013236
Epoch 14521/20000 | Train Loss 0.011677
Epoch 14522/20000 | Train Loss 0.009376
Epoch 14523/20000 | Train Loss 0.017809
Epoch 14524/20000 | Train Loss 0.023803
Epoch 14525/20000 | Train Loss 0.016115
Epoch 14526/20000 | Train Loss 0.016076
Epoch 14527/20000 | Train Loss 0.018528
Epoch 14528/20000 | Train Loss 0.018942
Epoch 14529/20000 | Train Loss 0.017481
Epoch 14530/20000 | Train Loss 0.014904
Epoch 14531/20000 | Train Loss 0.015122
Epoch 14532/20000 | Train Loss 0.013689
Epoch 14533/20000 | Train Loss 0.023573
Epoch 14534/20000 | Train Loss 0.016895
Epoch 14535/20000 | Train Loss 0.018852
Epoch 14536/20000 | Train Loss 0.019462
Epoch 14537/20000 | Train Loss 0.016902
Epoch 14538/20000 | Train Loss 0.017248
Epoch 14539/20000 | Train Loss 0.020252
Epoch 14540/20000 | Train Loss 0.015166
Epoch 14541/20000 | Train Loss 0.040242
Epoch 14542/20000 | Train Loss 0.095917
Epoch 14543/20000 | Train Loss 0.340052
Epoch 14544/20000 | Train Loss 0.251234
Epoch 14545/20000 | Train Loss 0.197059
Epoch 14546/20000 | Train Loss 0.172402
Epoch 14547/20000 | Train Loss 0.136658
Epoch 14548/20000 | Train Loss 0.123408
Epoch 14549/20000 | Train Loss 0.095065
Epoch 14550/20000 | Train Loss 0.075435
Epoch 14551/20000 | Train Loss 0.060714
Epoch 14552/20000 | Train Loss 0.046831
Epoch 14553/20000 | Train Loss 0.035151
Epoch 14554/20000 | Train Loss 0.039408
Epoch 14555/20000 | Train Loss 0.040199
Epoch 14556/20000 | Train Loss 0.041066
Epoch 14557/20000 | Train Loss 0.033462
Epoch 14558/20000 | Train Loss 0.026071
Epoch 14559/20000 | Train Loss 0.022849
Epoch 14560/20000 | Train Loss 0.020461
Epoch 14561/20000 | Train Loss 0.029725
Epoch 14562/20000 | Train Loss 0.019020
Epoch 14563/20000 | Train Loss 0.023251
Epoch 14564/20000 | Train Loss 0.022065
Epoch 14565/20000 | Train Loss 0.017434
Epoch 14566/20000 | Train Loss 0.020114
Epoch 14567/20000 | Train Loss 0.021131
Epoch 14568/20000 | Train Loss 0.015372
Epoch 14569/20000 | Train Loss 0.010933
Epoch 14570/20000 | Train Loss 0.031950
Epoch 14571/20000 | Train Loss 0.020811
Epoch 14572/20000 | Train Loss 0.017656
Epoch 14573/20000 | Train Loss 0.016214
Epoch 14574/20000 | Train Loss 0.016110
Epoch 14575/20000 | Train Loss 0.014859
Epoch 14576/20000 | Train Loss 0.011440
Epoch 14577/20000 | Train Loss 0.021425
Epoch 14578/20000 | Train Loss 0.015343
Epoch 14579/20000 | Train Loss 0.018397
Epoch 14580/20000 | Train Loss 0.020462
Epoch 14581/20000 | Train Loss 0.024869
Epoch 14582/20000 | Train Loss 0.022191
Epoch 14583/20000 | Train Loss 0.023044
Epoch 14584/20000 | Train Loss 0.013755
Epoch 14585/20000 | Train Loss 0.016096
Epoch 14586/20000 | Train Loss 0.018744
Epoch 14587/20000 | Train Loss 0.017443
Epoch 14588/20000 | Train Loss 0.016993
Epoch 14589/20000 | Train Loss 0.017282
Epoch 14590/20000 | Train Loss 0.011812
Epoch 14591/20000 | Train Loss 0.014539
Epoch 14592/20000 | Train Loss 0.014067
Epoch 14593/20000 | Train Loss 0.009708
Epoch 14594/20000 | Train Loss 0.016264
Epoch 14595/20000 | Train Loss 0.012287
Epoch 14596/20000 | Train Loss 0.015358
Epoch 14597/20000 | Train Loss 0.011723
Epoch 14598/20000 | Train Loss 0.010318
Epoch 14599/20000 | Train Loss 0.015691
Epoch 14600/20000 | Train Loss 0.017880
Epoch 14601/20000 | Train Loss 0.017499
Epoch 14602/20000 | Train Loss 0.020355
Epoch 14603/20000 | Train Loss 0.029738
Epoch 14604/20000 | Train Loss 0.016073
Epoch 14605/20000 | Train Loss 0.019628
Epoch 14606/20000 | Train Loss 0.017270
Epoch 14607/20000 | Train Loss 0.017693
Epoch 14608/20000 | Train Loss 0.015092
Epoch 14609/20000 | Train Loss 0.016815
Epoch 14610/20000 | Train Loss 0.017330
Epoch 14611/20000 | Train Loss 0.019013
Epoch 14612/20000 | Train Loss 0.017379
Epoch 14613/20000 | Train Loss 0.013798
Epoch 14614/20000 | Train Loss 0.011439
Epoch 14615/20000 | Train Loss 0.015820
Epoch 14616/20000 | Train Loss 0.014159
Epoch 14617/20000 | Train Loss 0.011478
Epoch 14618/20000 | Train Loss 0.011694
Epoch 14619/20000 | Train Loss 0.012921
Epoch 14620/20000 | Train Loss 0.009952
Epoch 14621/20000 | Train Loss 0.008241
Epoch 14622/20000 | Train Loss 0.010321
Epoch 14623/20000 | Train Loss 0.009044
Epoch 14624/20000 | Train Loss 0.010639
Epoch 14625/20000 | Train Loss 0.013004
Epoch 14626/20000 | Train Loss 0.007728
Epoch 14627/20000 | Train Loss 0.008913
Epoch 14628/20000 | Train Loss 0.009994
Epoch 14629/20000 | Train Loss 0.019141
Epoch 14630/20000 | Train Loss 0.039041
Epoch 14631/20000 | Train Loss 0.051952
Epoch 14632/20000 | Train Loss 0.036762
Epoch 14633/20000 | Train Loss 0.030122
Epoch 14634/20000 | Train Loss 0.033870
Epoch 14635/20000 | Train Loss 0.025505
Epoch 14636/20000 | Train Loss 0.018767
Epoch 14637/20000 | Train Loss 0.017793
Epoch 14638/20000 | Train Loss 0.015375
Epoch 14639/20000 | Train Loss 0.013146
Epoch 14640/20000 | Train Loss 0.016763
Epoch 14641/20000 | Train Loss 0.017014
Epoch 14642/20000 | Train Loss 0.022608
Epoch 14643/20000 | Train Loss 0.023464
Epoch 14644/20000 | Train Loss 0.017839
Epoch 14645/20000 | Train Loss 0.024767
Epoch 14646/20000 | Train Loss 0.014060
Epoch 14647/20000 | Train Loss 0.016002
Epoch 14648/20000 | Train Loss 0.024162
Epoch 14649/20000 | Train Loss 0.014597
Epoch 14650/20000 | Train Loss 0.011767
Epoch 14651/20000 | Train Loss 0.011277
Epoch 14652/20000 | Train Loss 0.016137
Epoch 14653/20000 | Train Loss 0.015299
Epoch 14654/20000 | Train Loss 0.021469
Epoch 14655/20000 | Train Loss 0.015992
Epoch 14656/20000 | Train Loss 0.016095
Epoch 14657/20000 | Train Loss 0.013138
Epoch 14658/20000 | Train Loss 0.015023
Epoch 14659/20000 | Train Loss 0.011736
Epoch 14660/20000 | Train Loss 0.011482
Epoch 14661/20000 | Train Loss 0.007687
Epoch 14662/20000 | Train Loss 0.013351
Epoch 14663/20000 | Train Loss 0.013636
Epoch 14664/20000 | Train Loss 0.009457
Epoch 14665/20000 | Train Loss 0.014908
Epoch 14666/20000 | Train Loss 0.009862
Epoch 14667/20000 | Train Loss 0.012542
Epoch 14668/20000 | Train Loss 0.011839
Epoch 14669/20000 | Train Loss 0.013051
Epoch 14670/20000 | Train Loss 0.018124
Epoch 14671/20000 | Train Loss 0.022225
Epoch 14672/20000 | Train Loss 0.038679
Epoch 14673/20000 | Train Loss 0.035857
Epoch 14674/20000 | Train Loss 0.019209
Epoch 14675/20000 | Train Loss 0.016843
Epoch 14676/20000 | Train Loss 0.025663
Epoch 14677/20000 | Train Loss 0.017854
Epoch 14678/20000 | Train Loss 0.019196
Epoch 14679/20000 | Train Loss 0.016657
Epoch 14680/20000 | Train Loss 0.016478
Epoch 14681/20000 | Train Loss 0.021275
Epoch 14682/20000 | Train Loss 0.016405
Epoch 14683/20000 | Train Loss 0.013313
Epoch 14684/20000 | Train Loss 0.010757
Epoch 14685/20000 | Train Loss 0.021719
Epoch 14686/20000 | Train Loss 0.010931
Epoch 14687/20000 | Train Loss 0.013175
Epoch 14688/20000 | Train Loss 0.013184
Epoch 14689/20000 | Train Loss 0.013438
Epoch 14690/20000 | Train Loss 0.020628
Epoch 14691/20000 | Train Loss 0.015239
Epoch 14692/20000 | Train Loss 0.022330
Epoch 14693/20000 | Train Loss 0.019364
Epoch 14694/20000 | Train Loss 0.016860
Epoch 14695/20000 | Train Loss 0.014880
Epoch 14696/20000 | Train Loss 0.011180
Epoch 14697/20000 | Train Loss 0.023428
Epoch 14698/20000 | Train Loss 0.022085
Epoch 14699/20000 | Train Loss 0.023019
Epoch 14700/20000 | Train Loss 0.018242
Epoch 14701/20000 | Train Loss 0.019206
Epoch 14702/20000 | Train Loss 0.013591
Epoch 14703/20000 | Train Loss 0.017370
Epoch 14704/20000 | Train Loss 0.012736
Epoch 14705/20000 | Train Loss 0.012639
Epoch 14706/20000 | Train Loss 0.021244
Epoch 14707/20000 | Train Loss 0.012024
Epoch 14708/20000 | Train Loss 0.012573
Epoch 14709/20000 | Train Loss 0.011298
Epoch 14710/20000 | Train Loss 0.013150
Epoch 14711/20000 | Train Loss 0.011762
Epoch 14712/20000 | Train Loss 0.018726
Epoch 14713/20000 | Train Loss 0.033830
Epoch 14714/20000 | Train Loss 0.033481
Epoch 14715/20000 | Train Loss 0.030611
Epoch 14716/20000 | Train Loss 0.019967
Epoch 14717/20000 | Train Loss 0.015601
Epoch 14718/20000 | Train Loss 0.019901
Epoch 14719/20000 | Train Loss 0.021748
Epoch 14720/20000 | Train Loss 0.019805
Epoch 14721/20000 | Train Loss 0.015169
Epoch 14722/20000 | Train Loss 0.011773
Epoch 14723/20000 | Train Loss 0.011850
Epoch 14724/20000 | Train Loss 0.015825
Epoch 14725/20000 | Train Loss 0.012581
Epoch 14726/20000 | Train Loss 0.014772
Epoch 14727/20000 | Train Loss 0.011651
Epoch 14728/20000 | Train Loss 0.018253
Epoch 14729/20000 | Train Loss 0.019527
Epoch 14730/20000 | Train Loss 0.016768
Epoch 14731/20000 | Train Loss 0.013615
Epoch 14732/20000 | Train Loss 0.018659
Epoch 14733/20000 | Train Loss 0.020075
Epoch 14734/20000 | Train Loss 0.020399
Epoch 14735/20000 | Train Loss 0.025097
Epoch 14736/20000 | Train Loss 0.018433
Epoch 14737/20000 | Train Loss 0.016828
Epoch 14738/20000 | Train Loss 0.018016
Epoch 14739/20000 | Train Loss 0.012263
Epoch 14740/20000 | Train Loss 0.009175
Epoch 14741/20000 | Train Loss 0.014219
Epoch 14742/20000 | Train Loss 0.023162
Epoch 14743/20000 | Train Loss 0.027224
Epoch 14744/20000 | Train Loss 0.032542
Epoch 14745/20000 | Train Loss 0.034617
Epoch 14746/20000 | Train Loss 0.023377
Epoch 14747/20000 | Train Loss 0.021184
Epoch 14748/20000 | Train Loss 0.018102
Epoch 14749/20000 | Train Loss 0.022539
Epoch 14750/20000 | Train Loss 0.013646
Epoch 14751/20000 | Train Loss 0.014723
Epoch 14752/20000 | Train Loss 0.015099
Epoch 14753/20000 | Train Loss 0.015540
Epoch 14754/20000 | Train Loss 0.017621
Epoch 14755/20000 | Train Loss 0.020090
Epoch 14756/20000 | Train Loss 0.017210
Epoch 14757/20000 | Train Loss 0.018004
Epoch 14758/20000 | Train Loss 0.014882
Epoch 14759/20000 | Train Loss 0.022957
Epoch 14760/20000 | Train Loss 0.025261
Epoch 14761/20000 | Train Loss 0.029442
Epoch 14762/20000 | Train Loss 0.013739
Epoch 14763/20000 | Train Loss 0.023454
Epoch 14764/20000 | Train Loss 0.024267
Epoch 14765/20000 | Train Loss 0.017903
Epoch 14766/20000 | Train Loss 0.017513
Epoch 14767/20000 | Train Loss 0.021867
Epoch 14768/20000 | Train Loss 0.027324
Epoch 14769/20000 | Train Loss 0.022611
Epoch 14770/20000 | Train Loss 0.017869
Epoch 14771/20000 | Train Loss 0.017750
Epoch 14772/20000 | Train Loss 0.022189
Epoch 14773/20000 | Train Loss 0.020272
Epoch 14774/20000 | Train Loss 0.023736
Epoch 14775/20000 | Train Loss 0.019507
Epoch 14776/20000 | Train Loss 0.018826
Epoch 14777/20000 | Train Loss 0.016613
Epoch 14778/20000 | Train Loss 0.009221
Epoch 14779/20000 | Train Loss 0.009629
Epoch 14780/20000 | Train Loss 0.016831
Epoch 14781/20000 | Train Loss 0.018060
Epoch 14782/20000 | Train Loss 0.009482
Epoch 14783/20000 | Train Loss 0.011937
Epoch 14784/20000 | Train Loss 0.014418
Epoch 14785/20000 | Train Loss 0.012603
Epoch 14786/20000 | Train Loss 0.010742
Epoch 14787/20000 | Train Loss 0.008707
Epoch 14788/20000 | Train Loss 0.008841
Epoch 14789/20000 | Train Loss 0.013637
Epoch 14790/20000 | Train Loss 0.013678
Epoch 14791/20000 | Train Loss 0.013623
Epoch 14792/20000 | Train Loss 0.016663
Epoch 14793/20000 | Train Loss 0.016075
Epoch 14794/20000 | Train Loss 0.013756
Epoch 14795/20000 | Train Loss 0.014329
Epoch 14796/20000 | Train Loss 0.018232
Epoch 14797/20000 | Train Loss 0.027921
Epoch 14798/20000 | Train Loss 0.030049
Epoch 14799/20000 | Train Loss 0.027323
Epoch 14800/20000 | Train Loss 0.033880
Epoch 14801/20000 | Train Loss 0.028924
Epoch 14802/20000 | Train Loss 0.017517
Epoch 14803/20000 | Train Loss 0.026714
Epoch 14804/20000 | Train Loss 0.015246
Epoch 14805/20000 | Train Loss 0.021025
Epoch 14806/20000 | Train Loss 0.013148
Epoch 14807/20000 | Train Loss 0.014835
Epoch 14808/20000 | Train Loss 0.014866
Epoch 14809/20000 | Train Loss 0.009031
Epoch 14810/20000 | Train Loss 0.014624
Epoch 14811/20000 | Train Loss 0.013319
Epoch 14812/20000 | Train Loss 0.010152
Epoch 14813/20000 | Train Loss 0.016340
Epoch 14814/20000 | Train Loss 0.014848
Epoch 14815/20000 | Train Loss 0.010817
Epoch 14816/20000 | Train Loss 0.014238
Epoch 14817/20000 | Train Loss 0.012392
Epoch 14818/20000 | Train Loss 0.015246
Epoch 14819/20000 | Train Loss 0.016262
Epoch 14820/20000 | Train Loss 0.021059
Epoch 14821/20000 | Train Loss 0.019536
Epoch 14822/20000 | Train Loss 0.009010
Epoch 14823/20000 | Train Loss 0.017219
Epoch 14824/20000 | Train Loss 0.012725
Epoch 14825/20000 | Train Loss 0.019106
Epoch 14826/20000 | Train Loss 0.011721
Epoch 14827/20000 | Train Loss 0.013786
Epoch 14828/20000 | Train Loss 0.013124
Epoch 14829/20000 | Train Loss 0.013276
Epoch 14830/20000 | Train Loss 0.011124
Epoch 14831/20000 | Train Loss 0.020517
Epoch 14832/20000 | Train Loss 0.025860
Epoch 14833/20000 | Train Loss 0.032215
Epoch 14834/20000 | Train Loss 0.022224
Epoch 14835/20000 | Train Loss 0.019665
Epoch 14836/20000 | Train Loss 0.017260
Epoch 14837/20000 | Train Loss 0.019074
Epoch 14838/20000 | Train Loss 0.026105
Epoch 14839/20000 | Train Loss 0.023411
Epoch 14840/20000 | Train Loss 0.021893
Epoch 14841/20000 | Train Loss 0.016813
Epoch 14842/20000 | Train Loss 0.017028
Epoch 14843/20000 | Train Loss 0.015020
Epoch 14844/20000 | Train Loss 0.024145
Epoch 14845/20000 | Train Loss 0.017812
Epoch 14846/20000 | Train Loss 0.021218
Epoch 14847/20000 | Train Loss 0.013851
Epoch 14848/20000 | Train Loss 0.011853
Epoch 14849/20000 | Train Loss 0.015355
Epoch 14850/20000 | Train Loss 0.020427
Epoch 14851/20000 | Train Loss 0.014892
Epoch 14852/20000 | Train Loss 0.018572
Epoch 14853/20000 | Train Loss 0.018704
Epoch 14854/20000 | Train Loss 0.020673
Epoch 14855/20000 | Train Loss 0.017946
Epoch 14856/20000 | Train Loss 0.010915
Epoch 14857/20000 | Train Loss 0.014744
Epoch 14858/20000 | Train Loss 0.012012
Epoch 14859/20000 | Train Loss 0.015186
Epoch 14860/20000 | Train Loss 0.019605
Epoch 14861/20000 | Train Loss 0.018394
Epoch 14862/20000 | Train Loss 0.026264
Epoch 14863/20000 | Train Loss 0.020855
Epoch 14864/20000 | Train Loss 0.020878
Epoch 14865/20000 | Train Loss 0.019088
Epoch 14866/20000 | Train Loss 0.025492
Epoch 14867/20000 | Train Loss 0.026101
Epoch 14868/20000 | Train Loss 0.016790
Epoch 14869/20000 | Train Loss 0.022492
Epoch 14870/20000 | Train Loss 0.017944
Epoch 14871/20000 | Train Loss 0.019771
Epoch 14872/20000 | Train Loss 0.012006
Epoch 14873/20000 | Train Loss 0.012618
Epoch 14874/20000 | Train Loss 0.021839
Epoch 14875/20000 | Train Loss 0.018869
Epoch 14876/20000 | Train Loss 0.020071
Epoch 14877/20000 | Train Loss 0.014789
Epoch 14878/20000 | Train Loss 0.015485
Epoch 14879/20000 | Train Loss 0.012937
Epoch 14880/20000 | Train Loss 0.010056
Epoch 14881/20000 | Train Loss 0.012781
Epoch 14882/20000 | Train Loss 0.014617
Epoch 14883/20000 | Train Loss 0.009103
Epoch 14884/20000 | Train Loss 0.013240
Epoch 14885/20000 | Train Loss 0.011415
Epoch 14886/20000 | Train Loss 0.019660
Epoch 14887/20000 | Train Loss 0.013339
Epoch 14888/20000 | Train Loss 0.014096
Epoch 14889/20000 | Train Loss 0.021031
Epoch 14890/20000 | Train Loss 0.024094
Epoch 14891/20000 | Train Loss 0.026135
Epoch 14892/20000 | Train Loss 0.028183
Epoch 14893/20000 | Train Loss 0.024562
Epoch 14894/20000 | Train Loss 0.019340
Epoch 14895/20000 | Train Loss 0.016670
Epoch 14896/20000 | Train Loss 0.014533
Epoch 14897/20000 | Train Loss 0.022757
Epoch 14898/20000 | Train Loss 0.031003
Epoch 14899/20000 | Train Loss 0.031263
Epoch 14900/20000 | Train Loss 0.293757
Epoch 14901/20000 | Train Loss 0.277842
Epoch 14902/20000 | Train Loss 0.214313
Epoch 14903/20000 | Train Loss 0.155296
Epoch 14904/20000 | Train Loss 0.162310
Epoch 14905/20000 | Train Loss 0.127408
Epoch 14906/20000 | Train Loss 0.110705
Epoch 14907/20000 | Train Loss 0.104839
Epoch 14908/20000 | Train Loss 0.092880
Epoch 14909/20000 | Train Loss 0.075889
Epoch 14910/20000 | Train Loss 0.067729
Epoch 14911/20000 | Train Loss 0.059454
Epoch 14912/20000 | Train Loss 0.051800
Epoch 14913/20000 | Train Loss 0.033610
Epoch 14914/20000 | Train Loss 0.042503
Epoch 14915/20000 | Train Loss 0.034389
Epoch 14916/20000 | Train Loss 0.032539
Epoch 14917/20000 | Train Loss 0.020849
Epoch 14918/20000 | Train Loss 0.023695
Epoch 14919/20000 | Train Loss 0.023381
Epoch 14920/20000 | Train Loss 0.025532
Epoch 14921/20000 | Train Loss 0.022795
Epoch 14922/20000 | Train Loss 0.022367
Epoch 14923/20000 | Train Loss 0.023680
Epoch 14924/20000 | Train Loss 0.016012
Epoch 14925/20000 | Train Loss 0.018947
Epoch 14926/20000 | Train Loss 0.017180
Epoch 14927/20000 | Train Loss 0.014758
Epoch 14928/20000 | Train Loss 0.013419
Epoch 14929/20000 | Train Loss 0.023830
Epoch 14930/20000 | Train Loss 0.016772
Epoch 14931/20000 | Train Loss 0.022388
Epoch 14932/20000 | Train Loss 0.015601
Epoch 14933/20000 | Train Loss 0.018227
Epoch 14934/20000 | Train Loss 0.019894
Epoch 14935/20000 | Train Loss 0.010789
Epoch 14936/20000 | Train Loss 0.013937
Epoch 14937/20000 | Train Loss 0.014432
Epoch 14938/20000 | Train Loss 0.017297
Epoch 14939/20000 | Train Loss 0.019990
Epoch 14940/20000 | Train Loss 0.015501
Epoch 14941/20000 | Train Loss 0.016834
Epoch 14942/20000 | Train Loss 0.013068
Epoch 14943/20000 | Train Loss 0.019446
Epoch 14944/20000 | Train Loss 0.018598
Epoch 14945/20000 | Train Loss 0.019505
Epoch 14946/20000 | Train Loss 0.020746
Epoch 14947/20000 | Train Loss 0.041487
Epoch 14948/20000 | Train Loss 0.057124
Epoch 14949/20000 | Train Loss 0.033656
Epoch 14950/20000 | Train Loss 0.031219
Epoch 14951/20000 | Train Loss 0.023628
Epoch 14952/20000 | Train Loss 0.024201
Epoch 14953/20000 | Train Loss 0.017942
Epoch 14954/20000 | Train Loss 0.016285
Epoch 14955/20000 | Train Loss 0.017855
Epoch 14956/20000 | Train Loss 0.019210
Epoch 14957/20000 | Train Loss 0.014876
Epoch 14958/20000 | Train Loss 0.018264
Epoch 14959/20000 | Train Loss 0.023663
Epoch 14960/20000 | Train Loss 0.021523
Epoch 14961/20000 | Train Loss 0.017743
Epoch 14962/20000 | Train Loss 0.015173
Epoch 14963/20000 | Train Loss 0.014547
Epoch 14964/20000 | Train Loss 0.017685
Epoch 14965/20000 | Train Loss 0.018441
Epoch 14966/20000 | Train Loss 0.012157
Epoch 14967/20000 | Train Loss 0.013115
Epoch 14968/20000 | Train Loss 0.014353
Epoch 14969/20000 | Train Loss 0.011451
Epoch 14970/20000 | Train Loss 0.013918
Epoch 14971/20000 | Train Loss 0.011126
Epoch 14972/20000 | Train Loss 0.014229
Epoch 14973/20000 | Train Loss 0.011779
Epoch 14974/20000 | Train Loss 0.013767
Epoch 14975/20000 | Train Loss 0.014559
Epoch 14976/20000 | Train Loss 0.014039
Epoch 14977/20000 | Train Loss 0.012988
Epoch 14978/20000 | Train Loss 0.012990
Epoch 14979/20000 | Train Loss 0.015368
Epoch 14980/20000 | Train Loss 0.016563
Epoch 14981/20000 | Train Loss 0.010730
Epoch 14982/20000 | Train Loss 0.011925
Epoch 14983/20000 | Train Loss 0.018100
Epoch 14984/20000 | Train Loss 0.013359
Epoch 14985/20000 | Train Loss 0.009099
Epoch 14986/20000 | Train Loss 0.008501
Epoch 14987/20000 | Train Loss 0.014054
Epoch 14988/20000 | Train Loss 0.017065
Epoch 14989/20000 | Train Loss 0.022565
Epoch 14990/20000 | Train Loss 0.046622
Epoch 14991/20000 | Train Loss 0.039288
Epoch 14992/20000 | Train Loss 0.026014
Epoch 14993/20000 | Train Loss 0.019608
Epoch 14994/20000 | Train Loss 0.015402
Epoch 14995/20000 | Train Loss 0.025506
Epoch 14996/20000 | Train Loss 0.013758
Epoch 14997/20000 | Train Loss 0.019948
Epoch 14998/20000 | Train Loss 0.018438
Epoch 14999/20000 | Train Loss 0.019910
Epoch 15000/20000 | Train Loss 0.019783
  --> Checkpoint saved at epoch 15000.
Epoch 15001/20000 | Train Loss 0.015499
Epoch 15002/20000 | Train Loss 0.018093
Epoch 15003/20000 | Train Loss 0.016866
Epoch 15004/20000 | Train Loss 0.019345
Epoch 15005/20000 | Train Loss 0.015892
Epoch 15006/20000 | Train Loss 0.013923
Epoch 15007/20000 | Train Loss 0.010928
Epoch 15008/20000 | Train Loss 0.015660
Epoch 15009/20000 | Train Loss 0.013408
Epoch 15010/20000 | Train Loss 0.009774
Epoch 15011/20000 | Train Loss 0.015531
Epoch 15012/20000 | Train Loss 0.016997
Epoch 15013/20000 | Train Loss 0.012809
Epoch 15014/20000 | Train Loss 0.011168
Epoch 15015/20000 | Train Loss 0.012516
Epoch 15016/20000 | Train Loss 0.014211
Epoch 15017/20000 | Train Loss 0.011451
Epoch 15018/20000 | Train Loss 0.014251
Epoch 15019/20000 | Train Loss 0.013077
Epoch 15020/20000 | Train Loss 0.006727
Epoch 15021/20000 | Train Loss 0.010297
Epoch 15022/20000 | Train Loss 0.016706
Epoch 15023/20000 | Train Loss 0.012992
Epoch 15024/20000 | Train Loss 0.012504
Epoch 15025/20000 | Train Loss 0.014897
Epoch 15026/20000 | Train Loss 0.008388
Epoch 15027/20000 | Train Loss 0.019509
Epoch 15028/20000 | Train Loss 0.010247
Epoch 15029/20000 | Train Loss 0.011822
Epoch 15030/20000 | Train Loss 0.018064
Epoch 15031/20000 | Train Loss 0.042641
Epoch 15032/20000 | Train Loss 0.055837
Epoch 15033/20000 | Train Loss 0.031366
Epoch 15034/20000 | Train Loss 0.025777
Epoch 15035/20000 | Train Loss 0.022511
Epoch 15036/20000 | Train Loss 0.014445
Epoch 15037/20000 | Train Loss 0.015940
Epoch 15038/20000 | Train Loss 0.011839
Epoch 15039/20000 | Train Loss 0.012860
Epoch 15040/20000 | Train Loss 0.014831
Epoch 15041/20000 | Train Loss 0.015901
Epoch 15042/20000 | Train Loss 0.018898
Epoch 15043/20000 | Train Loss 0.009904
Epoch 15044/20000 | Train Loss 0.012175
Epoch 15045/20000 | Train Loss 0.012001
Epoch 15046/20000 | Train Loss 0.013783
Epoch 15047/20000 | Train Loss 0.015825
Epoch 15048/20000 | Train Loss 0.019736
Epoch 15049/20000 | Train Loss 0.015857
Epoch 15050/20000 | Train Loss 0.010722
Epoch 15051/20000 | Train Loss 0.014911
Epoch 15052/20000 | Train Loss 0.022089
Epoch 15053/20000 | Train Loss 0.023757
Epoch 15054/20000 | Train Loss 0.022803
Epoch 15055/20000 | Train Loss 0.015475
Epoch 15056/20000 | Train Loss 0.021894
Epoch 15057/20000 | Train Loss 0.015095
Epoch 15058/20000 | Train Loss 0.012338
Epoch 15059/20000 | Train Loss 0.014415
Epoch 15060/20000 | Train Loss 0.013927
Epoch 15061/20000 | Train Loss 0.010601
Epoch 15062/20000 | Train Loss 0.012449
Epoch 15063/20000 | Train Loss 0.016504
Epoch 15064/20000 | Train Loss 0.014807
Epoch 15065/20000 | Train Loss 0.023041
Epoch 15066/20000 | Train Loss 0.128177
Epoch 15067/20000 | Train Loss 0.381081
Epoch 15068/20000 | Train Loss 0.162353
Epoch 15069/20000 | Train Loss 0.165962
Epoch 15070/20000 | Train Loss 0.158454
Epoch 15071/20000 | Train Loss 0.124907
Epoch 15072/20000 | Train Loss 0.101533
Epoch 15073/20000 | Train Loss 0.094926
Epoch 15074/20000 | Train Loss 0.085658
Epoch 15075/20000 | Train Loss 0.067582
Epoch 15076/20000 | Train Loss 0.037094
Epoch 15077/20000 | Train Loss 0.042018
Epoch 15078/20000 | Train Loss 0.038850
Epoch 15079/20000 | Train Loss 0.039730
Epoch 15080/20000 | Train Loss 0.033941
Epoch 15081/20000 | Train Loss 0.032258
Epoch 15082/20000 | Train Loss 0.029807
Epoch 15083/20000 | Train Loss 0.023548
Epoch 15084/20000 | Train Loss 0.023887
Epoch 15085/20000 | Train Loss 0.018300
Epoch 15086/20000 | Train Loss 0.019320
Epoch 15087/20000 | Train Loss 0.020143
Epoch 15088/20000 | Train Loss 0.014818
Epoch 15089/20000 | Train Loss 0.014643
Epoch 15090/20000 | Train Loss 0.027826
Epoch 15091/20000 | Train Loss 0.021551
Epoch 15092/20000 | Train Loss 0.014143
Epoch 15093/20000 | Train Loss 0.017654
Epoch 15094/20000 | Train Loss 0.021214
Epoch 15095/20000 | Train Loss 0.021269
Epoch 15096/20000 | Train Loss 0.016352
Epoch 15097/20000 | Train Loss 0.017148
Epoch 15098/20000 | Train Loss 0.017048
Epoch 15099/20000 | Train Loss 0.015441
Epoch 15100/20000 | Train Loss 0.019736
Epoch 15101/20000 | Train Loss 0.014342
Epoch 15102/20000 | Train Loss 0.012840
Epoch 15103/20000 | Train Loss 0.016538
Epoch 15104/20000 | Train Loss 0.023964
Epoch 15105/20000 | Train Loss 0.024891
Epoch 15106/20000 | Train Loss 0.021278
Epoch 15107/20000 | Train Loss 0.016727
Epoch 15108/20000 | Train Loss 0.017786
Epoch 15109/20000 | Train Loss 0.016996
Epoch 15110/20000 | Train Loss 0.022668
Epoch 15111/20000 | Train Loss 0.015325
Epoch 15112/20000 | Train Loss 0.013287
Epoch 15113/20000 | Train Loss 0.019708
Epoch 15114/20000 | Train Loss 0.015197
Epoch 15115/20000 | Train Loss 0.012177
Epoch 15116/20000 | Train Loss 0.014540
Epoch 15117/20000 | Train Loss 0.011867
Epoch 15118/20000 | Train Loss 0.010640
Epoch 15119/20000 | Train Loss 0.014629
Epoch 15120/20000 | Train Loss 0.015320
Epoch 15121/20000 | Train Loss 0.011814
Epoch 15122/20000 | Train Loss 0.015633
Epoch 15123/20000 | Train Loss 0.015046
Epoch 15124/20000 | Train Loss 0.020799
Epoch 15125/20000 | Train Loss 0.026182
Epoch 15126/20000 | Train Loss 0.022192
Epoch 15127/20000 | Train Loss 0.017903
Epoch 15128/20000 | Train Loss 0.020173
Epoch 15129/20000 | Train Loss 0.025608
Epoch 15130/20000 | Train Loss 0.021053
Epoch 15131/20000 | Train Loss 0.015674
Epoch 15132/20000 | Train Loss 0.019939
Epoch 15133/20000 | Train Loss 0.018955
Epoch 15134/20000 | Train Loss 0.017259
Epoch 15135/20000 | Train Loss 0.015797
Epoch 15136/20000 | Train Loss 0.013523
Epoch 15137/20000 | Train Loss 0.017011
Epoch 15138/20000 | Train Loss 0.015337
Epoch 15139/20000 | Train Loss 0.011147
Epoch 15140/20000 | Train Loss 0.012352
Epoch 15141/20000 | Train Loss 0.021109
Epoch 15142/20000 | Train Loss 0.017287
Epoch 15143/20000 | Train Loss 0.012001
Epoch 15144/20000 | Train Loss 0.011187
Epoch 15145/20000 | Train Loss 0.012957
Epoch 15146/20000 | Train Loss 0.008753
Epoch 15147/20000 | Train Loss 0.015468
Epoch 15148/20000 | Train Loss 0.016408
Epoch 15149/20000 | Train Loss 0.018164
Epoch 15150/20000 | Train Loss 0.030419
Epoch 15151/20000 | Train Loss 0.035251
Epoch 15152/20000 | Train Loss 0.021580
Epoch 15153/20000 | Train Loss 0.023548
Epoch 15154/20000 | Train Loss 0.016039
Epoch 15155/20000 | Train Loss 0.019694
Epoch 15156/20000 | Train Loss 0.016960
Epoch 15157/20000 | Train Loss 0.012316
Epoch 15158/20000 | Train Loss 0.014785
Epoch 15159/20000 | Train Loss 0.013767
Epoch 15160/20000 | Train Loss 0.014988
Epoch 15161/20000 | Train Loss 0.017019
Epoch 15162/20000 | Train Loss 0.022911
Epoch 15163/20000 | Train Loss 0.016381
Epoch 15164/20000 | Train Loss 0.017886
Epoch 15165/20000 | Train Loss 0.019053
Epoch 15166/20000 | Train Loss 0.010566
Epoch 15167/20000 | Train Loss 0.013889
Epoch 15168/20000 | Train Loss 0.013064
Epoch 15169/20000 | Train Loss 0.013170
Epoch 15170/20000 | Train Loss 0.011522
Epoch 15171/20000 | Train Loss 0.012070
Epoch 15172/20000 | Train Loss 0.010905
Epoch 15173/20000 | Train Loss 0.010220
Epoch 15174/20000 | Train Loss 0.012785
Epoch 15175/20000 | Train Loss 0.014976
Epoch 15176/20000 | Train Loss 0.016183
Epoch 15177/20000 | Train Loss 0.011713
Epoch 15178/20000 | Train Loss 0.020245
Epoch 15179/20000 | Train Loss 0.025499
Epoch 15180/20000 | Train Loss 0.020267
Epoch 15181/20000 | Train Loss 0.018497
Epoch 15182/20000 | Train Loss 0.013306
Epoch 15183/20000 | Train Loss 0.014431
Epoch 15184/20000 | Train Loss 0.011520
Epoch 15185/20000 | Train Loss 0.015088
Epoch 15186/20000 | Train Loss 0.016604
Epoch 15187/20000 | Train Loss 0.019355
Epoch 15188/20000 | Train Loss 0.023235
Epoch 15189/20000 | Train Loss 0.027875
Epoch 15190/20000 | Train Loss 0.018904
Epoch 15191/20000 | Train Loss 0.016559
Epoch 15192/20000 | Train Loss 0.018188
Epoch 15193/20000 | Train Loss 0.019562
Epoch 15194/20000 | Train Loss 0.012731
Epoch 15195/20000 | Train Loss 0.015308
Epoch 15196/20000 | Train Loss 0.030856
Epoch 15197/20000 | Train Loss 0.020367
Epoch 15198/20000 | Train Loss 0.014607
Epoch 15199/20000 | Train Loss 0.015090
Epoch 15200/20000 | Train Loss 0.019907
Epoch 15201/20000 | Train Loss 0.021021
Epoch 15202/20000 | Train Loss 0.025938
Epoch 15203/20000 | Train Loss 0.018347
Epoch 15204/20000 | Train Loss 0.013580
Epoch 15205/20000 | Train Loss 0.017878
Epoch 15206/20000 | Train Loss 0.016534
Epoch 15207/20000 | Train Loss 0.018183
Epoch 15208/20000 | Train Loss 0.017578
Epoch 15209/20000 | Train Loss 0.015070
Epoch 15210/20000 | Train Loss 0.015562
Epoch 15211/20000 | Train Loss 0.014732
Epoch 15212/20000 | Train Loss 0.013980
Epoch 15213/20000 | Train Loss 0.011969
Epoch 15214/20000 | Train Loss 0.025783
Epoch 15215/20000 | Train Loss 0.025311
Epoch 15216/20000 | Train Loss 0.020357
Epoch 15217/20000 | Train Loss 0.018499
Epoch 15218/20000 | Train Loss 0.014291
Epoch 15219/20000 | Train Loss 0.022775
Epoch 15220/20000 | Train Loss 0.020992
Epoch 15221/20000 | Train Loss 0.026726
Epoch 15222/20000 | Train Loss 0.015385
Epoch 15223/20000 | Train Loss 0.013563
Epoch 15224/20000 | Train Loss 0.015319
Epoch 15225/20000 | Train Loss 0.022859
Epoch 15226/20000 | Train Loss 0.034491
Epoch 15227/20000 | Train Loss 0.024670
Epoch 15228/20000 | Train Loss 0.014971
Epoch 15229/20000 | Train Loss 0.019394
Epoch 15230/20000 | Train Loss 0.013825
Epoch 15231/20000 | Train Loss 0.011468
Epoch 15232/20000 | Train Loss 0.012694
Epoch 15233/20000 | Train Loss 0.011326
Epoch 15234/20000 | Train Loss 0.014484
Epoch 15235/20000 | Train Loss 0.012343
Epoch 15236/20000 | Train Loss 0.013560
Epoch 15237/20000 | Train Loss 0.011415
Epoch 15238/20000 | Train Loss 0.022705
Epoch 15239/20000 | Train Loss 0.025800
Epoch 15240/20000 | Train Loss 0.021290
Epoch 15241/20000 | Train Loss 0.017660
Epoch 15242/20000 | Train Loss 0.012852
Epoch 15243/20000 | Train Loss 0.013836
Epoch 15244/20000 | Train Loss 0.012476
Epoch 15245/20000 | Train Loss 0.011886
Epoch 15246/20000 | Train Loss 0.014467
Epoch 15247/20000 | Train Loss 0.011975
Epoch 15248/20000 | Train Loss 0.014886
Epoch 15249/20000 | Train Loss 0.019222
Epoch 15250/20000 | Train Loss 0.013306
Epoch 15251/20000 | Train Loss 0.014556
Epoch 15252/20000 | Train Loss 0.011944
Epoch 15253/20000 | Train Loss 0.009427
Epoch 15254/20000 | Train Loss 0.010432
Epoch 15255/20000 | Train Loss 0.018631
Epoch 15256/20000 | Train Loss 0.013190
Epoch 15257/20000 | Train Loss 0.011473
Epoch 15258/20000 | Train Loss 0.013581
Epoch 15259/20000 | Train Loss 0.015941
Epoch 15260/20000 | Train Loss 0.017854
Epoch 15261/20000 | Train Loss 0.026171
Epoch 15262/20000 | Train Loss 0.018676
Epoch 15263/20000 | Train Loss 0.015618
Epoch 15264/20000 | Train Loss 0.014951
Epoch 15265/20000 | Train Loss 0.028307
Epoch 15266/20000 | Train Loss 0.019206
Epoch 15267/20000 | Train Loss 0.009431
Epoch 15268/20000 | Train Loss 0.011429
Epoch 15269/20000 | Train Loss 0.013211
Epoch 15270/20000 | Train Loss 0.014023
Epoch 15271/20000 | Train Loss 0.013544
Epoch 15272/20000 | Train Loss 0.013495
Epoch 15273/20000 | Train Loss 0.019310
Epoch 15274/20000 | Train Loss 0.020046
Epoch 15275/20000 | Train Loss 0.027811
Epoch 15276/20000 | Train Loss 0.031437
Epoch 15277/20000 | Train Loss 0.025361
Epoch 15278/20000 | Train Loss 0.025764
Epoch 15279/20000 | Train Loss 0.025695
Epoch 15280/20000 | Train Loss 0.029985
Epoch 15281/20000 | Train Loss 0.022079
Epoch 15282/20000 | Train Loss 0.024065
Epoch 15283/20000 | Train Loss 0.017974
Epoch 15284/20000 | Train Loss 0.017484
Epoch 15285/20000 | Train Loss 0.017313
Epoch 15286/20000 | Train Loss 0.015270
Epoch 15287/20000 | Train Loss 0.013732
Epoch 15288/20000 | Train Loss 0.010434
Epoch 15289/20000 | Train Loss 0.019110
Epoch 15290/20000 | Train Loss 0.025124
Epoch 15291/20000 | Train Loss 0.017410
Epoch 15292/20000 | Train Loss 0.010848
Epoch 15293/20000 | Train Loss 0.015095
Epoch 15294/20000 | Train Loss 0.014138
Epoch 15295/20000 | Train Loss 0.012959
Epoch 15296/20000 | Train Loss 0.014432
Epoch 15297/20000 | Train Loss 0.018972
Epoch 15298/20000 | Train Loss 0.023630
Epoch 15299/20000 | Train Loss 0.021552
Epoch 15300/20000 | Train Loss 0.015725
Epoch 15301/20000 | Train Loss 0.016456
Epoch 15302/20000 | Train Loss 0.013856
Epoch 15303/20000 | Train Loss 0.012732
Epoch 15304/20000 | Train Loss 0.019815
Epoch 15305/20000 | Train Loss 0.019108
Epoch 15306/20000 | Train Loss 0.017084
Epoch 15307/20000 | Train Loss 0.016918
Epoch 15308/20000 | Train Loss 0.071177
Epoch 15309/20000 | Train Loss 0.055076
Epoch 15310/20000 | Train Loss 0.054192
Epoch 15311/20000 | Train Loss 0.029486
Epoch 15312/20000 | Train Loss 0.022429
Epoch 15313/20000 | Train Loss 0.027476
Epoch 15314/20000 | Train Loss 0.024325
Epoch 15315/20000 | Train Loss 0.018960
Epoch 15316/20000 | Train Loss 0.018492
Epoch 15317/20000 | Train Loss 0.014884
Epoch 15318/20000 | Train Loss 0.017616
Epoch 15319/20000 | Train Loss 0.014750
Epoch 15320/20000 | Train Loss 0.021939
Epoch 15321/20000 | Train Loss 0.015058
Epoch 15322/20000 | Train Loss 0.019541
Epoch 15323/20000 | Train Loss 0.013078
Epoch 15324/20000 | Train Loss 0.015008
Epoch 15325/20000 | Train Loss 0.014274
Epoch 15326/20000 | Train Loss 0.018723
Epoch 15327/20000 | Train Loss 0.013617
Epoch 15328/20000 | Train Loss 0.016495
Epoch 15329/20000 | Train Loss 0.016879
Epoch 15330/20000 | Train Loss 0.022405
Epoch 15331/20000 | Train Loss 0.025129
Epoch 15332/20000 | Train Loss 0.013423
Epoch 15333/20000 | Train Loss 0.014800
Epoch 15334/20000 | Train Loss 0.018054
Epoch 15335/20000 | Train Loss 0.023078
Epoch 15336/20000 | Train Loss 0.018945
Epoch 15337/20000 | Train Loss 0.023654
Epoch 15338/20000 | Train Loss 0.022988
Epoch 15339/20000 | Train Loss 0.017361
Epoch 15340/20000 | Train Loss 0.013815
Epoch 15341/20000 | Train Loss 0.013600
Epoch 15342/20000 | Train Loss 0.009977
Epoch 15343/20000 | Train Loss 0.011106
Epoch 15344/20000 | Train Loss 0.011541
Epoch 15345/20000 | Train Loss 0.010337
Epoch 15346/20000 | Train Loss 0.010802
Epoch 15347/20000 | Train Loss 0.018956
Epoch 15348/20000 | Train Loss 0.015637
Epoch 15349/20000 | Train Loss 0.012611
Epoch 15350/20000 | Train Loss 0.017258
Epoch 15351/20000 | Train Loss 0.022664
Epoch 15352/20000 | Train Loss 0.019370
Epoch 15353/20000 | Train Loss 0.018827
Epoch 15354/20000 | Train Loss 0.013157
Epoch 15355/20000 | Train Loss 0.012670
Epoch 15356/20000 | Train Loss 0.013347
Epoch 15357/20000 | Train Loss 0.023834
Epoch 15358/20000 | Train Loss 0.020805
Epoch 15359/20000 | Train Loss 0.022250
Epoch 15360/20000 | Train Loss 0.024745
Epoch 15361/20000 | Train Loss 0.018584
Epoch 15362/20000 | Train Loss 0.022937
Epoch 15363/20000 | Train Loss 0.015917
Epoch 15364/20000 | Train Loss 0.015137
Epoch 15365/20000 | Train Loss 0.017965
Epoch 15366/20000 | Train Loss 0.018058
Epoch 15367/20000 | Train Loss 0.024998
Epoch 15368/20000 | Train Loss 0.021703
Epoch 15369/20000 | Train Loss 0.026211
Epoch 15370/20000 | Train Loss 0.020147
Epoch 15371/20000 | Train Loss 0.027670
Epoch 15372/20000 | Train Loss 0.034473
Epoch 15373/20000 | Train Loss 0.016244
Epoch 15374/20000 | Train Loss 0.019546
Epoch 15375/20000 | Train Loss 0.019403
Epoch 15376/20000 | Train Loss 0.011850
Epoch 15377/20000 | Train Loss 0.010220
Epoch 15378/20000 | Train Loss 0.011790
Epoch 15379/20000 | Train Loss 0.012375
Epoch 15380/20000 | Train Loss 0.012350
Epoch 15381/20000 | Train Loss 0.018617
Epoch 15382/20000 | Train Loss 0.015128
Epoch 15383/20000 | Train Loss 0.016793
Epoch 15384/20000 | Train Loss 0.013021
Epoch 15385/20000 | Train Loss 0.015414
Epoch 15386/20000 | Train Loss 0.014876
Epoch 15387/20000 | Train Loss 0.019509
Epoch 15388/20000 | Train Loss 0.020119
Epoch 15389/20000 | Train Loss 0.012623
Epoch 15390/20000 | Train Loss 0.013897
Epoch 15391/20000 | Train Loss 0.017674
Epoch 15392/20000 | Train Loss 0.018064
Epoch 15393/20000 | Train Loss 0.017924
Epoch 15394/20000 | Train Loss 0.013322
Epoch 15395/20000 | Train Loss 0.020781
Epoch 15396/20000 | Train Loss 0.016676
Epoch 15397/20000 | Train Loss 0.012012
Epoch 15398/20000 | Train Loss 0.016639
Epoch 15399/20000 | Train Loss 0.013255
Epoch 15400/20000 | Train Loss 0.010276
Epoch 15401/20000 | Train Loss 0.021674
Epoch 15402/20000 | Train Loss 0.019098
Epoch 15403/20000 | Train Loss 0.015777
Epoch 15404/20000 | Train Loss 0.011904
Epoch 15405/20000 | Train Loss 0.016934
Epoch 15406/20000 | Train Loss 0.023604
Epoch 15407/20000 | Train Loss 0.020499
Epoch 15408/20000 | Train Loss 0.024566
Epoch 15409/20000 | Train Loss 0.024497
Epoch 15410/20000 | Train Loss 0.025463
Epoch 15411/20000 | Train Loss 0.015063
Epoch 15412/20000 | Train Loss 0.018458
Epoch 15413/20000 | Train Loss 0.022903
Epoch 15414/20000 | Train Loss 0.015493
Epoch 15415/20000 | Train Loss 0.013391
Epoch 15416/20000 | Train Loss 0.014100
Epoch 15417/20000 | Train Loss 0.012990
Epoch 15418/20000 | Train Loss 0.019371
Epoch 15419/20000 | Train Loss 0.017169
Epoch 15420/20000 | Train Loss 0.042779
Epoch 15421/20000 | Train Loss 0.166416
Epoch 15422/20000 | Train Loss 0.234888
Epoch 15423/20000 | Train Loss 0.117484
Epoch 15424/20000 | Train Loss 0.140419
Epoch 15425/20000 | Train Loss 0.082807
Epoch 15426/20000 | Train Loss 0.057370
Epoch 15427/20000 | Train Loss 0.047552
Epoch 15428/20000 | Train Loss 0.036719
Epoch 15429/20000 | Train Loss 0.049558
Epoch 15430/20000 | Train Loss 0.035148
Epoch 15431/20000 | Train Loss 0.029041
Epoch 15432/20000 | Train Loss 0.028693
Epoch 15433/20000 | Train Loss 0.020096
Epoch 15434/20000 | Train Loss 0.020497
Epoch 15435/20000 | Train Loss 0.018066
Epoch 15436/20000 | Train Loss 0.023449
Epoch 15437/20000 | Train Loss 0.018790
Epoch 15438/20000 | Train Loss 0.014232
Epoch 15439/20000 | Train Loss 0.015774
Epoch 15440/20000 | Train Loss 0.016777
Epoch 15441/20000 | Train Loss 0.021508
Epoch 15442/20000 | Train Loss 0.012288
Epoch 15443/20000 | Train Loss 0.021959
Epoch 15444/20000 | Train Loss 0.019525
Epoch 15445/20000 | Train Loss 0.012650
Epoch 15446/20000 | Train Loss 0.011918
Epoch 15447/20000 | Train Loss 0.011153
Epoch 15448/20000 | Train Loss 0.015792
Epoch 15449/20000 | Train Loss 0.012087
Epoch 15450/20000 | Train Loss 0.015393
Epoch 15451/20000 | Train Loss 0.013903
Epoch 15452/20000 | Train Loss 0.013285
Epoch 15453/20000 | Train Loss 0.018096
Epoch 15454/20000 | Train Loss 0.015492
Epoch 15455/20000 | Train Loss 0.019691
Epoch 15456/20000 | Train Loss 0.030248
Epoch 15457/20000 | Train Loss 0.020596
Epoch 15458/20000 | Train Loss 0.017017
Epoch 15459/20000 | Train Loss 0.019063
Epoch 15460/20000 | Train Loss 0.015059
Epoch 15461/20000 | Train Loss 0.016630
Epoch 15462/20000 | Train Loss 0.023649
Epoch 15463/20000 | Train Loss 0.014814
Epoch 15464/20000 | Train Loss 0.013835
Epoch 15465/20000 | Train Loss 0.017501
Epoch 15466/20000 | Train Loss 0.018324
Epoch 15467/20000 | Train Loss 0.014699
Epoch 15468/20000 | Train Loss 0.014323
Epoch 15469/20000 | Train Loss 0.014105
Epoch 15470/20000 | Train Loss 0.016346
Epoch 15471/20000 | Train Loss 0.022997
Epoch 15472/20000 | Train Loss 0.020949
Epoch 15473/20000 | Train Loss 0.012767
Epoch 15474/20000 | Train Loss 0.011594
Epoch 15475/20000 | Train Loss 0.013649
Epoch 15476/20000 | Train Loss 0.013780
Epoch 15477/20000 | Train Loss 0.011440
Epoch 15478/20000 | Train Loss 0.011584
Epoch 15479/20000 | Train Loss 0.010544
Epoch 15480/20000 | Train Loss 0.014192
Epoch 15481/20000 | Train Loss 0.010338
Epoch 15482/20000 | Train Loss 0.012704
Epoch 15483/20000 | Train Loss 0.011804
Epoch 15484/20000 | Train Loss 0.011349
Epoch 15485/20000 | Train Loss 0.010719
Epoch 15486/20000 | Train Loss 0.007527
Epoch 15487/20000 | Train Loss 0.016168
Epoch 15488/20000 | Train Loss 0.010670
Epoch 15489/20000 | Train Loss 0.017615
Epoch 15490/20000 | Train Loss 0.023186
Epoch 15491/20000 | Train Loss 0.021419
Epoch 15492/20000 | Train Loss 0.017878
Epoch 15493/20000 | Train Loss 0.012075
Epoch 15494/20000 | Train Loss 0.012276
Epoch 15495/20000 | Train Loss 0.011383
Epoch 15496/20000 | Train Loss 0.015334
Epoch 15497/20000 | Train Loss 0.007615
Epoch 15498/20000 | Train Loss 0.009362
Epoch 15499/20000 | Train Loss 0.013572
Epoch 15500/20000 | Train Loss 0.014656
  --> Checkpoint saved at epoch 15500.
Epoch 15501/20000 | Train Loss 0.018117
Epoch 15502/20000 | Train Loss 0.013497
Epoch 15503/20000 | Train Loss 0.014609
Epoch 15504/20000 | Train Loss 0.015588
Epoch 15505/20000 | Train Loss 0.015419
Epoch 15506/20000 | Train Loss 0.018363
Epoch 15507/20000 | Train Loss 0.013544
Epoch 15508/20000 | Train Loss 0.019111
Epoch 15509/20000 | Train Loss 0.016675
Epoch 15510/20000 | Train Loss 0.014801
Epoch 15511/20000 | Train Loss 0.013442
Epoch 15512/20000 | Train Loss 0.019084
Epoch 15513/20000 | Train Loss 0.026939
Epoch 15514/20000 | Train Loss 0.025409
Epoch 15515/20000 | Train Loss 0.022317
Epoch 15516/20000 | Train Loss 0.015818
Epoch 15517/20000 | Train Loss 0.022418
Epoch 15518/20000 | Train Loss 0.016592
Epoch 15519/20000 | Train Loss 0.012269
Epoch 15520/20000 | Train Loss 0.013199
Epoch 15521/20000 | Train Loss 0.009773
Epoch 15522/20000 | Train Loss 0.012231
Epoch 15523/20000 | Train Loss 0.009957
Epoch 15524/20000 | Train Loss 0.012624
Epoch 15525/20000 | Train Loss 0.012782
Epoch 15526/20000 | Train Loss 0.015082
Epoch 15527/20000 | Train Loss 0.019862
Epoch 15528/20000 | Train Loss 0.011187
Epoch 15529/20000 | Train Loss 0.017190
Epoch 15530/20000 | Train Loss 0.019860
Epoch 15531/20000 | Train Loss 0.018891
Epoch 15532/20000 | Train Loss 0.016908
Epoch 15533/20000 | Train Loss 0.016154
Epoch 15534/20000 | Train Loss 0.018351
Epoch 15535/20000 | Train Loss 0.014292
Epoch 15536/20000 | Train Loss 0.012835
Epoch 15537/20000 | Train Loss 0.015902
Epoch 15538/20000 | Train Loss 0.015941
Epoch 15539/20000 | Train Loss 0.018058
Epoch 15540/20000 | Train Loss 0.015607
Epoch 15541/20000 | Train Loss 0.016454
Epoch 15542/20000 | Train Loss 0.016668
Epoch 15543/20000 | Train Loss 0.013108
Epoch 15544/20000 | Train Loss 0.014495
Epoch 15545/20000 | Train Loss 0.012743
Epoch 15546/20000 | Train Loss 0.018038
Epoch 15547/20000 | Train Loss 0.017909
Epoch 15548/20000 | Train Loss 0.021794
Epoch 15549/20000 | Train Loss 0.022653
Epoch 15550/20000 | Train Loss 0.035774
Epoch 15551/20000 | Train Loss 0.029366
Epoch 15552/20000 | Train Loss 0.024951
Epoch 15553/20000 | Train Loss 0.016217
Epoch 15554/20000 | Train Loss 0.019811
Epoch 15555/20000 | Train Loss 0.014469
Epoch 15556/20000 | Train Loss 0.022689
Epoch 15557/20000 | Train Loss 0.024575
Epoch 15558/20000 | Train Loss 0.017166
Epoch 15559/20000 | Train Loss 0.019256
Epoch 15560/20000 | Train Loss 0.023914
Epoch 15561/20000 | Train Loss 0.009171
Epoch 15562/20000 | Train Loss 0.025172
Epoch 15563/20000 | Train Loss 0.025419
Epoch 15564/20000 | Train Loss 0.014259
Epoch 15565/20000 | Train Loss 0.019257
Epoch 15566/20000 | Train Loss 0.016231
Epoch 15567/20000 | Train Loss 0.022237
Epoch 15568/20000 | Train Loss 0.012739
Epoch 15569/20000 | Train Loss 0.017158
Epoch 15570/20000 | Train Loss 0.018639
Epoch 15571/20000 | Train Loss 0.015285
Epoch 15572/20000 | Train Loss 0.011957
Epoch 15573/20000 | Train Loss 0.018378
Epoch 15574/20000 | Train Loss 0.015377
Epoch 15575/20000 | Train Loss 0.017924
Epoch 15576/20000 | Train Loss 0.024827
Epoch 15577/20000 | Train Loss 0.028465
Epoch 15578/20000 | Train Loss 0.017618
Epoch 15579/20000 | Train Loss 0.020768
Epoch 15580/20000 | Train Loss 0.021907
Epoch 15581/20000 | Train Loss 0.019416
Epoch 15582/20000 | Train Loss 0.019442
Epoch 15583/20000 | Train Loss 0.014251
Epoch 15584/20000 | Train Loss 0.015109
Epoch 15585/20000 | Train Loss 0.016338
Epoch 15586/20000 | Train Loss 0.014350
Epoch 15587/20000 | Train Loss 0.015172
Epoch 15588/20000 | Train Loss 0.013178
Epoch 15589/20000 | Train Loss 0.015914
Epoch 15590/20000 | Train Loss 0.011331
Epoch 15591/20000 | Train Loss 0.009666
Epoch 15592/20000 | Train Loss 0.008160
Epoch 15593/20000 | Train Loss 0.011016
Epoch 15594/20000 | Train Loss 0.017165
Epoch 15595/20000 | Train Loss 0.017744
Epoch 15596/20000 | Train Loss 0.026977
Epoch 15597/20000 | Train Loss 0.021872
Epoch 15598/20000 | Train Loss 0.015119
Epoch 15599/20000 | Train Loss 0.017853
Epoch 15600/20000 | Train Loss 0.014563
Epoch 15601/20000 | Train Loss 0.013161
Epoch 15602/20000 | Train Loss 0.011891
Epoch 15603/20000 | Train Loss 0.008786
Epoch 15604/20000 | Train Loss 0.011713
Epoch 15605/20000 | Train Loss 0.011050
Epoch 15606/20000 | Train Loss 0.010694
Epoch 15607/20000 | Train Loss 0.014104
Epoch 15608/20000 | Train Loss 0.018252
Epoch 15609/20000 | Train Loss 0.010678
Epoch 15610/20000 | Train Loss 0.012638
Epoch 15611/20000 | Train Loss 0.014264
Epoch 15612/20000 | Train Loss 0.018746
Epoch 15613/20000 | Train Loss 0.020697
Epoch 15614/20000 | Train Loss 0.018727
Epoch 15615/20000 | Train Loss 0.019157
Epoch 15616/20000 | Train Loss 0.022414
Epoch 15617/20000 | Train Loss 0.019794
Epoch 15618/20000 | Train Loss 0.018154
Epoch 15619/20000 | Train Loss 0.038268
Epoch 15620/20000 | Train Loss 0.055082
Epoch 15621/20000 | Train Loss 0.046664
Epoch 15622/20000 | Train Loss 0.023659
Epoch 15623/20000 | Train Loss 0.022603
Epoch 15624/20000 | Train Loss 0.014447
Epoch 15625/20000 | Train Loss 0.021359
Epoch 15626/20000 | Train Loss 0.022495
Epoch 15627/20000 | Train Loss 0.021280
Epoch 15628/20000 | Train Loss 0.014590
Epoch 15629/20000 | Train Loss 0.012898
Epoch 15630/20000 | Train Loss 0.011352
Epoch 15631/20000 | Train Loss 0.016505
Epoch 15632/20000 | Train Loss 0.019019
Epoch 15633/20000 | Train Loss 0.014418
Epoch 15634/20000 | Train Loss 0.021393
Epoch 15635/20000 | Train Loss 0.011552
Epoch 15636/20000 | Train Loss 0.020048
Epoch 15637/20000 | Train Loss 0.021002
Epoch 15638/20000 | Train Loss 0.026944
Epoch 15639/20000 | Train Loss 0.014970
Epoch 15640/20000 | Train Loss 0.008352
Epoch 15641/20000 | Train Loss 0.013967
Epoch 15642/20000 | Train Loss 0.014805
Epoch 15643/20000 | Train Loss 0.014784
Epoch 15644/20000 | Train Loss 0.011465
Epoch 15645/20000 | Train Loss 0.013145
Epoch 15646/20000 | Train Loss 0.018593
Epoch 15647/20000 | Train Loss 0.008150
Epoch 15648/20000 | Train Loss 0.011588
Epoch 15649/20000 | Train Loss 0.013564
Epoch 15650/20000 | Train Loss 0.014609
Epoch 15651/20000 | Train Loss 0.017033
Epoch 15652/20000 | Train Loss 0.015594
Epoch 15653/20000 | Train Loss 0.021402
Epoch 15654/20000 | Train Loss 0.016479
Epoch 15655/20000 | Train Loss 0.016422
Epoch 15656/20000 | Train Loss 0.015573
Epoch 15657/20000 | Train Loss 0.010443
Epoch 15658/20000 | Train Loss 0.012667
Epoch 15659/20000 | Train Loss 0.012862
Epoch 15660/20000 | Train Loss 0.011728
Epoch 15661/20000 | Train Loss 0.016008
Epoch 15662/20000 | Train Loss 0.015967
Epoch 15663/20000 | Train Loss 0.013201
Epoch 15664/20000 | Train Loss 0.016161
Epoch 15665/20000 | Train Loss 0.016390
Epoch 15666/20000 | Train Loss 0.021623
Epoch 15667/20000 | Train Loss 0.014768
Epoch 15668/20000 | Train Loss 0.019263
Epoch 15669/20000 | Train Loss 0.013822
Epoch 15670/20000 | Train Loss 0.014339
Epoch 15671/20000 | Train Loss 0.015601
Epoch 15672/20000 | Train Loss 0.019404
Epoch 15673/20000 | Train Loss 0.017353
Epoch 15674/20000 | Train Loss 0.011944
Epoch 15675/20000 | Train Loss 0.015335
Epoch 15676/20000 | Train Loss 0.019929
Epoch 15677/20000 | Train Loss 0.019250
Epoch 15678/20000 | Train Loss 0.023394
Epoch 15679/20000 | Train Loss 0.015037
Epoch 15680/20000 | Train Loss 0.011671
Epoch 15681/20000 | Train Loss 0.012299
Epoch 15682/20000 | Train Loss 0.009737
Epoch 15683/20000 | Train Loss 0.006554
Epoch 15684/20000 | Train Loss 0.010914
Epoch 15685/20000 | Train Loss 0.014339
Epoch 15686/20000 | Train Loss 0.012522
Epoch 15687/20000 | Train Loss 0.015507
Epoch 15688/20000 | Train Loss 0.009775
Epoch 15689/20000 | Train Loss 0.014375
Epoch 15690/20000 | Train Loss 0.012288
Epoch 15691/20000 | Train Loss 0.010201
Epoch 15692/20000 | Train Loss 0.014859
Epoch 15693/20000 | Train Loss 0.027118
Epoch 15694/20000 | Train Loss 0.028317
Epoch 15695/20000 | Train Loss 0.020619
Epoch 15696/20000 | Train Loss 0.023815
Epoch 15697/20000 | Train Loss 0.030979
Epoch 15698/20000 | Train Loss 0.021718
Epoch 15699/20000 | Train Loss 0.025122
Epoch 15700/20000 | Train Loss 0.028709
Epoch 15701/20000 | Train Loss 0.024106
Epoch 15702/20000 | Train Loss 0.023641
Epoch 15703/20000 | Train Loss 0.027727
Epoch 15704/20000 | Train Loss 0.030846
Epoch 15705/20000 | Train Loss 0.024744
Epoch 15706/20000 | Train Loss 0.022079
Epoch 15707/20000 | Train Loss 0.025070
Epoch 15708/20000 | Train Loss 0.026933
Epoch 15709/20000 | Train Loss 0.021520
Epoch 15710/20000 | Train Loss 0.017270
Epoch 15711/20000 | Train Loss 0.016684
Epoch 15712/20000 | Train Loss 0.024684
Epoch 15713/20000 | Train Loss 0.013496
Epoch 15714/20000 | Train Loss 0.014469
Epoch 15715/20000 | Train Loss 0.016576
Epoch 15716/20000 | Train Loss 0.025297
Epoch 15717/20000 | Train Loss 0.016622
Epoch 15718/20000 | Train Loss 0.015120
Epoch 15719/20000 | Train Loss 0.010974
Epoch 15720/20000 | Train Loss 0.014487
Epoch 15721/20000 | Train Loss 0.014056
Epoch 15722/20000 | Train Loss 0.017393
Epoch 15723/20000 | Train Loss 0.019443
Epoch 15724/20000 | Train Loss 0.024024
Epoch 15725/20000 | Train Loss 0.033173
Epoch 15726/20000 | Train Loss 0.028814
Epoch 15727/20000 | Train Loss 0.015847
Epoch 15728/20000 | Train Loss 0.017042
Epoch 15729/20000 | Train Loss 0.012719
Epoch 15730/20000 | Train Loss 0.014577
Epoch 15731/20000 | Train Loss 0.015195
Epoch 15732/20000 | Train Loss 0.016461
Epoch 15733/20000 | Train Loss 0.011767
Epoch 15734/20000 | Train Loss 0.015862
Epoch 15735/20000 | Train Loss 0.016274
Epoch 15736/20000 | Train Loss 0.014812
Epoch 15737/20000 | Train Loss 0.020868
Epoch 15738/20000 | Train Loss 0.019930
Epoch 15739/20000 | Train Loss 0.014812
Epoch 15740/20000 | Train Loss 0.018141
Epoch 15741/20000 | Train Loss 0.020341
Epoch 15742/20000 | Train Loss 0.017798
Epoch 15743/20000 | Train Loss 0.010874
Epoch 15744/20000 | Train Loss 0.012450
Epoch 15745/20000 | Train Loss 0.017194
Epoch 15746/20000 | Train Loss 0.015298
Epoch 15747/20000 | Train Loss 0.016484
Epoch 15748/20000 | Train Loss 0.014696
Epoch 15749/20000 | Train Loss 0.018868
Epoch 15750/20000 | Train Loss 0.015390
Epoch 15751/20000 | Train Loss 0.013006
Epoch 15752/20000 | Train Loss 0.011129
Epoch 15753/20000 | Train Loss 0.020865
Epoch 15754/20000 | Train Loss 0.019958
Epoch 15755/20000 | Train Loss 0.018120
Epoch 15756/20000 | Train Loss 0.016419
Epoch 15757/20000 | Train Loss 0.012162
Epoch 15758/20000 | Train Loss 0.009336
Epoch 15759/20000 | Train Loss 0.012867
Epoch 15760/20000 | Train Loss 0.019558
Epoch 15761/20000 | Train Loss 0.017319
Epoch 15762/20000 | Train Loss 0.017996
Epoch 15763/20000 | Train Loss 0.015358
Epoch 15764/20000 | Train Loss 0.016048
Epoch 15765/20000 | Train Loss 0.027383
Epoch 15766/20000 | Train Loss 0.018970
Epoch 15767/20000 | Train Loss 0.014259
Epoch 15768/20000 | Train Loss 0.011721
Epoch 15769/20000 | Train Loss 0.015141
Epoch 15770/20000 | Train Loss 0.019731
Epoch 15771/20000 | Train Loss 0.014401
Epoch 15772/20000 | Train Loss 0.021906
Epoch 15773/20000 | Train Loss 0.013391
Epoch 15774/20000 | Train Loss 0.014398
Epoch 15775/20000 | Train Loss 0.011259
Epoch 15776/20000 | Train Loss 0.009208
Epoch 15777/20000 | Train Loss 0.015457
Epoch 15778/20000 | Train Loss 0.008819
Epoch 15779/20000 | Train Loss 0.018978
Epoch 15780/20000 | Train Loss 0.017341
Epoch 15781/20000 | Train Loss 0.012434
Epoch 15782/20000 | Train Loss 0.015773
Epoch 15783/20000 | Train Loss 0.019358
Epoch 15784/20000 | Train Loss 0.033965
Epoch 15785/20000 | Train Loss 0.032616
Epoch 15786/20000 | Train Loss 0.020867
Epoch 15787/20000 | Train Loss 0.015495
Epoch 15788/20000 | Train Loss 0.014230
Epoch 15789/20000 | Train Loss 0.013893
Epoch 15790/20000 | Train Loss 0.011663
Epoch 15791/20000 | Train Loss 0.008049
Epoch 15792/20000 | Train Loss 0.013300
Epoch 15793/20000 | Train Loss 0.011964
Epoch 15794/20000 | Train Loss 0.012144
Epoch 15795/20000 | Train Loss 0.014659
Epoch 15796/20000 | Train Loss 0.018138
Epoch 15797/20000 | Train Loss 0.013883
Epoch 15798/20000 | Train Loss 0.019423
Epoch 15799/20000 | Train Loss 0.015069
Epoch 15800/20000 | Train Loss 0.019457
Epoch 15801/20000 | Train Loss 0.024186
Epoch 15802/20000 | Train Loss 0.028758
Epoch 15803/20000 | Train Loss 0.021712
Epoch 15804/20000 | Train Loss 0.016245
Epoch 15805/20000 | Train Loss 0.012247
Epoch 15806/20000 | Train Loss 0.014606
Epoch 15807/20000 | Train Loss 0.017285
Epoch 15808/20000 | Train Loss 0.016851
Epoch 15809/20000 | Train Loss 0.016002
Epoch 15810/20000 | Train Loss 0.023015
Epoch 15811/20000 | Train Loss 0.027545
Epoch 15812/20000 | Train Loss 0.019570
Epoch 15813/20000 | Train Loss 0.021206
Epoch 15814/20000 | Train Loss 0.012184
Epoch 15815/20000 | Train Loss 0.014176
Epoch 15816/20000 | Train Loss 0.014124
Epoch 15817/20000 | Train Loss 0.017860
Epoch 15818/20000 | Train Loss 0.018177
Epoch 15819/20000 | Train Loss 0.027621
Epoch 15820/20000 | Train Loss 0.034540
Epoch 15821/20000 | Train Loss 0.065628
Epoch 15822/20000 | Train Loss 0.062745
Epoch 15823/20000 | Train Loss 0.039099
Epoch 15824/20000 | Train Loss 0.041361
Epoch 15825/20000 | Train Loss 0.023629
Epoch 15826/20000 | Train Loss 0.022297
Epoch 15827/20000 | Train Loss 0.028175
Epoch 15828/20000 | Train Loss 0.020453
Epoch 15829/20000 | Train Loss 0.015270
Epoch 15830/20000 | Train Loss 0.011635
Epoch 15831/20000 | Train Loss 0.021343
Epoch 15832/20000 | Train Loss 0.031448
Epoch 15833/20000 | Train Loss 0.019798
Epoch 15834/20000 | Train Loss 0.014614
Epoch 15835/20000 | Train Loss 0.016963
Epoch 15836/20000 | Train Loss 0.020252
Epoch 15837/20000 | Train Loss 0.011557
Epoch 15838/20000 | Train Loss 0.013073
Epoch 15839/20000 | Train Loss 0.016068
Epoch 15840/20000 | Train Loss 0.020424
Epoch 15841/20000 | Train Loss 0.015293
Epoch 15842/20000 | Train Loss 0.016017
Epoch 15843/20000 | Train Loss 0.016935
Epoch 15844/20000 | Train Loss 0.013576
Epoch 15845/20000 | Train Loss 0.010795
Epoch 15846/20000 | Train Loss 0.017298
Epoch 15847/20000 | Train Loss 0.029930
Epoch 15848/20000 | Train Loss 0.033361
Epoch 15849/20000 | Train Loss 0.027118
Epoch 15850/20000 | Train Loss 0.027112
Epoch 15851/20000 | Train Loss 0.023485
Epoch 15852/20000 | Train Loss 0.023366
Epoch 15853/20000 | Train Loss 0.027005
Epoch 15854/20000 | Train Loss 0.021254
Epoch 15855/20000 | Train Loss 0.015266
Epoch 15856/20000 | Train Loss 0.014765
Epoch 15857/20000 | Train Loss 0.013681
Epoch 15858/20000 | Train Loss 0.015434
Epoch 15859/20000 | Train Loss 0.019947
Epoch 15860/20000 | Train Loss 0.015356
Epoch 15861/20000 | Train Loss 0.017216
Epoch 15862/20000 | Train Loss 0.014643
Epoch 15863/20000 | Train Loss 0.013463
Epoch 15864/20000 | Train Loss 0.016264
Epoch 15865/20000 | Train Loss 0.021978
Epoch 15866/20000 | Train Loss 0.015905
Epoch 15867/20000 | Train Loss 0.024068
Epoch 15868/20000 | Train Loss 0.017543
Epoch 15869/20000 | Train Loss 0.015304
Epoch 15870/20000 | Train Loss 0.016382
Epoch 15871/20000 | Train Loss 0.023999
Epoch 15872/20000 | Train Loss 0.023795
Epoch 15873/20000 | Train Loss 0.018530
Epoch 15874/20000 | Train Loss 0.013879
Epoch 15875/20000 | Train Loss 0.013857
Epoch 15876/20000 | Train Loss 0.015412
Epoch 15877/20000 | Train Loss 0.015432
Epoch 15878/20000 | Train Loss 0.013900
Epoch 15879/20000 | Train Loss 0.013787
Epoch 15880/20000 | Train Loss 0.019353
Epoch 15881/20000 | Train Loss 0.033161
Epoch 15882/20000 | Train Loss 0.017872
Epoch 15883/20000 | Train Loss 0.017137
Epoch 15884/20000 | Train Loss 0.013463
Epoch 15885/20000 | Train Loss 0.010649
Epoch 15886/20000 | Train Loss 0.008787
Epoch 15887/20000 | Train Loss 0.014996
Epoch 15888/20000 | Train Loss 0.018209
Epoch 15889/20000 | Train Loss 0.017467
Epoch 15890/20000 | Train Loss 0.014457
Epoch 15891/20000 | Train Loss 0.019109
Epoch 15892/20000 | Train Loss 0.014289
Epoch 15893/20000 | Train Loss 0.018489
Epoch 15894/20000 | Train Loss 0.014784
Epoch 15895/20000 | Train Loss 0.019228
Epoch 15896/20000 | Train Loss 0.013532
Epoch 15897/20000 | Train Loss 0.016730
Epoch 15898/20000 | Train Loss 0.015602
Epoch 15899/20000 | Train Loss 0.017504
Epoch 15900/20000 | Train Loss 0.017065
Epoch 15901/20000 | Train Loss 0.012545
Epoch 15902/20000 | Train Loss 0.012136
Epoch 15903/20000 | Train Loss 0.011573
Epoch 15904/20000 | Train Loss 0.013389
Epoch 15905/20000 | Train Loss 0.014143
Epoch 15906/20000 | Train Loss 0.010753
Epoch 15907/20000 | Train Loss 0.013159
Epoch 15908/20000 | Train Loss 0.025293
Epoch 15909/20000 | Train Loss 0.032987
Epoch 15910/20000 | Train Loss 0.031229
Epoch 15911/20000 | Train Loss 0.020169
Epoch 15912/20000 | Train Loss 0.019230
Epoch 15913/20000 | Train Loss 0.012765
Epoch 15914/20000 | Train Loss 0.012515
Epoch 15915/20000 | Train Loss 0.012148
Epoch 15916/20000 | Train Loss 0.018890
Epoch 15917/20000 | Train Loss 0.014342
Epoch 15918/20000 | Train Loss 0.016109
Epoch 15919/20000 | Train Loss 0.017721
Epoch 15920/20000 | Train Loss 0.010818
Epoch 15921/20000 | Train Loss 0.012256
Epoch 15922/20000 | Train Loss 0.020109
Epoch 15923/20000 | Train Loss 0.018095
Epoch 15924/20000 | Train Loss 0.021059
Epoch 15925/20000 | Train Loss 0.019918
Epoch 15926/20000 | Train Loss 0.024370
Epoch 15927/20000 | Train Loss 0.018598
Epoch 15928/20000 | Train Loss 0.016329
Epoch 15929/20000 | Train Loss 0.014746
Epoch 15930/20000 | Train Loss 0.020524
Epoch 15931/20000 | Train Loss 0.016732
Epoch 15932/20000 | Train Loss 0.019531
Epoch 15933/20000 | Train Loss 0.020486
Epoch 15934/20000 | Train Loss 0.010157
Epoch 15935/20000 | Train Loss 0.017295
Epoch 15936/20000 | Train Loss 0.008059
Epoch 15937/20000 | Train Loss 0.011245
Epoch 15938/20000 | Train Loss 0.019022
Epoch 15939/20000 | Train Loss 0.007302
Epoch 15940/20000 | Train Loss 0.013068
Epoch 15941/20000 | Train Loss 0.013831
Epoch 15942/20000 | Train Loss 0.012531
Epoch 15943/20000 | Train Loss 0.017059
Epoch 15944/20000 | Train Loss 0.017055
Epoch 15945/20000 | Train Loss 0.012531
Epoch 15946/20000 | Train Loss 0.019099
Epoch 15947/20000 | Train Loss 0.015787
Epoch 15948/20000 | Train Loss 0.012429
Epoch 15949/20000 | Train Loss 0.017150
Epoch 15950/20000 | Train Loss 0.016415
Epoch 15951/20000 | Train Loss 0.019079
Epoch 15952/20000 | Train Loss 0.018346
Epoch 15953/20000 | Train Loss 0.032907
Epoch 15954/20000 | Train Loss 0.043648
Epoch 15955/20000 | Train Loss 0.036052
Epoch 15956/20000 | Train Loss 0.023156
Epoch 15957/20000 | Train Loss 0.017445
Epoch 15958/20000 | Train Loss 0.025121
Epoch 15959/20000 | Train Loss 0.017657
Epoch 15960/20000 | Train Loss 0.012564
Epoch 15961/20000 | Train Loss 0.015983
Epoch 15962/20000 | Train Loss 0.018187
Epoch 15963/20000 | Train Loss 0.017004
Epoch 15964/20000 | Train Loss 0.017034
Epoch 15965/20000 | Train Loss 0.018643
Epoch 15966/20000 | Train Loss 0.014869
Epoch 15967/20000 | Train Loss 0.012238
Epoch 15968/20000 | Train Loss 0.014619
Epoch 15969/20000 | Train Loss 0.018145
Epoch 15970/20000 | Train Loss 0.019553
Epoch 15971/20000 | Train Loss 0.014382
Epoch 15972/20000 | Train Loss 0.018468
Epoch 15973/20000 | Train Loss 0.027555
Epoch 15974/20000 | Train Loss 0.023731
Epoch 15975/20000 | Train Loss 0.013500
Epoch 15976/20000 | Train Loss 0.032723
Epoch 15977/20000 | Train Loss 0.035786
Epoch 15978/20000 | Train Loss 0.042115
Epoch 15979/20000 | Train Loss 0.033559
Epoch 15980/20000 | Train Loss 0.022269
Epoch 15981/20000 | Train Loss 0.023140
Epoch 15982/20000 | Train Loss 0.029301
Epoch 15983/20000 | Train Loss 0.021584
Epoch 15984/20000 | Train Loss 0.026998
Epoch 15985/20000 | Train Loss 0.017440
Epoch 15986/20000 | Train Loss 0.011476
Epoch 15987/20000 | Train Loss 0.015207
Epoch 15988/20000 | Train Loss 0.011128
Epoch 15989/20000 | Train Loss 0.011667
Epoch 15990/20000 | Train Loss 0.007343
Epoch 15991/20000 | Train Loss 0.010708
Epoch 15992/20000 | Train Loss 0.011280
Epoch 15993/20000 | Train Loss 0.016425
Epoch 15994/20000 | Train Loss 0.016049
Epoch 15995/20000 | Train Loss 0.019045
Epoch 15996/20000 | Train Loss 0.015528
Epoch 15997/20000 | Train Loss 0.017731
Epoch 15998/20000 | Train Loss 0.020729
Epoch 15999/20000 | Train Loss 0.014709
Epoch 16000/20000 | Train Loss 0.012761
  --> Checkpoint saved at epoch 16000.
Epoch 16001/20000 | Train Loss 0.010174
Epoch 16002/20000 | Train Loss 0.012783
Epoch 16003/20000 | Train Loss 0.012753
Epoch 16004/20000 | Train Loss 0.012575
Epoch 16005/20000 | Train Loss 0.015974
Epoch 16006/20000 | Train Loss 0.010987
Epoch 16007/20000 | Train Loss 0.020252
Epoch 16008/20000 | Train Loss 0.021358
Epoch 16009/20000 | Train Loss 0.019616
Epoch 16010/20000 | Train Loss 0.019828
Epoch 16011/20000 | Train Loss 0.019670
Epoch 16012/20000 | Train Loss 0.012721
Epoch 16013/20000 | Train Loss 0.015851
Epoch 16014/20000 | Train Loss 0.016005
Epoch 16015/20000 | Train Loss 0.017943
Epoch 16016/20000 | Train Loss 0.017386
Epoch 16017/20000 | Train Loss 0.018522
Epoch 16018/20000 | Train Loss 0.023495
Epoch 16019/20000 | Train Loss 0.029730
Epoch 16020/20000 | Train Loss 0.023790
Epoch 16021/20000 | Train Loss 0.013886
Epoch 16022/20000 | Train Loss 0.010809
Epoch 16023/20000 | Train Loss 0.011324
Epoch 16024/20000 | Train Loss 0.015225
Epoch 16025/20000 | Train Loss 0.017379
Epoch 16026/20000 | Train Loss 0.025888
Epoch 16027/20000 | Train Loss 0.025234
Epoch 16028/20000 | Train Loss 0.016790
Epoch 16029/20000 | Train Loss 0.016891
Epoch 16030/20000 | Train Loss 0.014636
Epoch 16031/20000 | Train Loss 0.017134
Epoch 16032/20000 | Train Loss 0.016967
Epoch 16033/20000 | Train Loss 0.020769
Epoch 16034/20000 | Train Loss 0.021917
Epoch 16035/20000 | Train Loss 0.025852
Epoch 16036/20000 | Train Loss 0.019557
Epoch 16037/20000 | Train Loss 0.027130
Epoch 16038/20000 | Train Loss 0.016482
Epoch 16039/20000 | Train Loss 0.016570
Epoch 16040/20000 | Train Loss 0.015890
Epoch 16041/20000 | Train Loss 0.012287
Epoch 16042/20000 | Train Loss 0.011708
Epoch 16043/20000 | Train Loss 0.009952
Epoch 16044/20000 | Train Loss 0.011979
Epoch 16045/20000 | Train Loss 0.012445
Epoch 16046/20000 | Train Loss 0.017493
Epoch 16047/20000 | Train Loss 0.008523
Epoch 16048/20000 | Train Loss 0.015421
Epoch 16049/20000 | Train Loss 0.011456
Epoch 16050/20000 | Train Loss 0.012598
Epoch 16051/20000 | Train Loss 0.015019
Epoch 16052/20000 | Train Loss 0.018088
Epoch 16053/20000 | Train Loss 0.015545
Epoch 16054/20000 | Train Loss 0.018030
Epoch 16055/20000 | Train Loss 0.019319
Epoch 16056/20000 | Train Loss 0.020877
Epoch 16057/20000 | Train Loss 0.025045
Epoch 16058/20000 | Train Loss 0.016711
Epoch 16059/20000 | Train Loss 0.024389
Epoch 16060/20000 | Train Loss 0.011691
Epoch 16061/20000 | Train Loss 0.016997
Epoch 16062/20000 | Train Loss 0.018444
Epoch 16063/20000 | Train Loss 0.020466
Epoch 16064/20000 | Train Loss 0.035925
Epoch 16065/20000 | Train Loss 0.052488
Epoch 16066/20000 | Train Loss 0.035059
Epoch 16067/20000 | Train Loss 0.023549
Epoch 16068/20000 | Train Loss 0.017992
Epoch 16069/20000 | Train Loss 0.027253
Epoch 16070/20000 | Train Loss 0.021692
Epoch 16071/20000 | Train Loss 0.021866
Epoch 16072/20000 | Train Loss 0.017054
Epoch 16073/20000 | Train Loss 0.015062
Epoch 16074/20000 | Train Loss 0.012586
Epoch 16075/20000 | Train Loss 0.018792
Epoch 16076/20000 | Train Loss 0.017588
Epoch 16077/20000 | Train Loss 0.021596
Epoch 16078/20000 | Train Loss 0.026726
Epoch 16079/20000 | Train Loss 0.033668
Epoch 16080/20000 | Train Loss 0.044003
Epoch 16081/20000 | Train Loss 0.026296
Epoch 16082/20000 | Train Loss 0.019142
Epoch 16083/20000 | Train Loss 0.024318
Epoch 16084/20000 | Train Loss 0.017983
Epoch 16085/20000 | Train Loss 0.016281
Epoch 16086/20000 | Train Loss 0.017882
Epoch 16087/20000 | Train Loss 0.014104
Epoch 16088/20000 | Train Loss 0.013674
Epoch 16089/20000 | Train Loss 0.015851
Epoch 16090/20000 | Train Loss 0.015380
Epoch 16091/20000 | Train Loss 0.017057
Epoch 16092/20000 | Train Loss 0.010709
Epoch 16093/20000 | Train Loss 0.010420
Epoch 16094/20000 | Train Loss 0.015137
Epoch 16095/20000 | Train Loss 0.010054
Epoch 16096/20000 | Train Loss 0.008752
Epoch 16097/20000 | Train Loss 0.020215
Epoch 16098/20000 | Train Loss 0.020247
Epoch 16099/20000 | Train Loss 0.018058
Epoch 16100/20000 | Train Loss 0.019168
Epoch 16101/20000 | Train Loss 0.013387
Epoch 16102/20000 | Train Loss 0.014346
Epoch 16103/20000 | Train Loss 0.015250
Epoch 16104/20000 | Train Loss 0.016786
Epoch 16105/20000 | Train Loss 0.031604
Epoch 16106/20000 | Train Loss 0.019290
Epoch 16107/20000 | Train Loss 0.013680
Epoch 16108/20000 | Train Loss 0.017790
Epoch 16109/20000 | Train Loss 0.019198
Epoch 16110/20000 | Train Loss 0.014194
Epoch 16111/20000 | Train Loss 0.020282
Epoch 16112/20000 | Train Loss 0.013820
Epoch 16113/20000 | Train Loss 0.013990
Epoch 16114/20000 | Train Loss 0.017822
Epoch 16115/20000 | Train Loss 0.009302
Epoch 16116/20000 | Train Loss 0.013688
Epoch 16117/20000 | Train Loss 0.014838
Epoch 16118/20000 | Train Loss 0.018445
Epoch 16119/20000 | Train Loss 0.022549
Epoch 16120/20000 | Train Loss 0.020985
Epoch 16121/20000 | Train Loss 0.015092
Epoch 16122/20000 | Train Loss 0.013158
Epoch 16123/20000 | Train Loss 0.020647
Epoch 16124/20000 | Train Loss 0.025328
Epoch 16125/20000 | Train Loss 0.029594
Epoch 16126/20000 | Train Loss 0.031010
Epoch 16127/20000 | Train Loss 0.028916
Epoch 16128/20000 | Train Loss 0.026162
Epoch 16129/20000 | Train Loss 0.108885
Epoch 16130/20000 | Train Loss 0.107557
Epoch 16131/20000 | Train Loss 0.060365
Epoch 16132/20000 | Train Loss 0.039033
Epoch 16133/20000 | Train Loss 0.065843
Epoch 16134/20000 | Train Loss 0.064106
Epoch 16135/20000 | Train Loss 0.045744
Epoch 16136/20000 | Train Loss 0.033046
Epoch 16137/20000 | Train Loss 0.041448
Epoch 16138/20000 | Train Loss 0.041652
Epoch 16139/20000 | Train Loss 0.027885
Epoch 16140/20000 | Train Loss 0.026132
Epoch 16141/20000 | Train Loss 0.023915
Epoch 16142/20000 | Train Loss 0.039069
Epoch 16143/20000 | Train Loss 0.030207
Epoch 16144/20000 | Train Loss 0.031678
Epoch 16145/20000 | Train Loss 0.023558
Epoch 16146/20000 | Train Loss 0.017754
Epoch 16147/20000 | Train Loss 0.022228
Epoch 16148/20000 | Train Loss 0.018413
Epoch 16149/20000 | Train Loss 0.016761
Epoch 16150/20000 | Train Loss 0.012504
Epoch 16151/20000 | Train Loss 0.015160
Epoch 16152/20000 | Train Loss 0.012048
Epoch 16153/20000 | Train Loss 0.010133
Epoch 16154/20000 | Train Loss 0.010998
Epoch 16155/20000 | Train Loss 0.015258
Epoch 16156/20000 | Train Loss 0.010958
Epoch 16157/20000 | Train Loss 0.014157
Epoch 16158/20000 | Train Loss 0.016757
Epoch 16159/20000 | Train Loss 0.017925
Epoch 16160/20000 | Train Loss 0.018440
Epoch 16161/20000 | Train Loss 0.019001
Epoch 16162/20000 | Train Loss 0.016388
Epoch 16163/20000 | Train Loss 0.020903
Epoch 16164/20000 | Train Loss 0.019424
Epoch 16165/20000 | Train Loss 0.018645
Epoch 16166/20000 | Train Loss 0.019610
Epoch 16167/20000 | Train Loss 0.011020
Epoch 16168/20000 | Train Loss 0.014046
Epoch 16169/20000 | Train Loss 0.017257
Epoch 16170/20000 | Train Loss 0.015928
Epoch 16171/20000 | Train Loss 0.020688
Epoch 16172/20000 | Train Loss 0.013059
Epoch 16173/20000 | Train Loss 0.008243
Epoch 16174/20000 | Train Loss 0.010338
Epoch 16175/20000 | Train Loss 0.010817
Epoch 16176/20000 | Train Loss 0.012828
Epoch 16177/20000 | Train Loss 0.013798
Epoch 16178/20000 | Train Loss 0.016655
Epoch 16179/20000 | Train Loss 0.018839
Epoch 16180/20000 | Train Loss 0.022805
Epoch 16181/20000 | Train Loss 0.022387
Epoch 16182/20000 | Train Loss 0.015042
Epoch 16183/20000 | Train Loss 0.014375
Epoch 16184/20000 | Train Loss 0.010764
Epoch 16185/20000 | Train Loss 0.014168
Epoch 16186/20000 | Train Loss 0.020148
Epoch 16187/20000 | Train Loss 0.033280
Epoch 16188/20000 | Train Loss 0.018847
Epoch 16189/20000 | Train Loss 0.013453
Epoch 16190/20000 | Train Loss 0.018081
Epoch 16191/20000 | Train Loss 0.016527
Epoch 16192/20000 | Train Loss 0.011675
Epoch 16193/20000 | Train Loss 0.012243
Epoch 16194/20000 | Train Loss 0.010759
Epoch 16195/20000 | Train Loss 0.013495
Epoch 16196/20000 | Train Loss 0.017169
Epoch 16197/20000 | Train Loss 0.009931
Epoch 16198/20000 | Train Loss 0.017048
Epoch 16199/20000 | Train Loss 0.011992
Epoch 16200/20000 | Train Loss 0.019773
Epoch 16201/20000 | Train Loss 0.027224
Epoch 16202/20000 | Train Loss 0.014239
Epoch 16203/20000 | Train Loss 0.015204
Epoch 16204/20000 | Train Loss 0.025712
Epoch 16205/20000 | Train Loss 0.034107
Epoch 16206/20000 | Train Loss 0.017134
Epoch 16207/20000 | Train Loss 0.015771
Epoch 16208/20000 | Train Loss 0.015509
Epoch 16209/20000 | Train Loss 0.015391
Epoch 16210/20000 | Train Loss 0.015807
Epoch 16211/20000 | Train Loss 0.013645
Epoch 16212/20000 | Train Loss 0.013797
Epoch 16213/20000 | Train Loss 0.014870
Epoch 16214/20000 | Train Loss 0.011817
Epoch 16215/20000 | Train Loss 0.011304
Epoch 16216/20000 | Train Loss 0.012073
Epoch 16217/20000 | Train Loss 0.014521
Epoch 16218/20000 | Train Loss 0.013909
Epoch 16219/20000 | Train Loss 0.012640
Epoch 16220/20000 | Train Loss 0.012607
Epoch 16221/20000 | Train Loss 0.009313
Epoch 16222/20000 | Train Loss 0.016843
Epoch 16223/20000 | Train Loss 0.022043
Epoch 16224/20000 | Train Loss 0.024462
Epoch 16225/20000 | Train Loss 0.015822
Epoch 16226/20000 | Train Loss 0.016882
Epoch 16227/20000 | Train Loss 0.018526
Epoch 16228/20000 | Train Loss 0.016068
Epoch 16229/20000 | Train Loss 0.015870
Epoch 16230/20000 | Train Loss 0.015924
Epoch 16231/20000 | Train Loss 0.022233
Epoch 16232/20000 | Train Loss 0.034669
Epoch 16233/20000 | Train Loss 0.021390
Epoch 16234/20000 | Train Loss 0.020758
Epoch 16235/20000 | Train Loss 0.009738
Epoch 16236/20000 | Train Loss 0.012436
Epoch 16237/20000 | Train Loss 0.019159
Epoch 16238/20000 | Train Loss 0.015221
Epoch 16239/20000 | Train Loss 0.014461
Epoch 16240/20000 | Train Loss 0.019806
Epoch 16241/20000 | Train Loss 0.014358
Epoch 16242/20000 | Train Loss 0.012241
Epoch 16243/20000 | Train Loss 0.010651
Epoch 16244/20000 | Train Loss 0.010797
Epoch 16245/20000 | Train Loss 0.009417
Epoch 16246/20000 | Train Loss 0.010429
Epoch 16247/20000 | Train Loss 0.014880
Epoch 16248/20000 | Train Loss 0.016383
Epoch 16249/20000 | Train Loss 0.014377
Epoch 16250/20000 | Train Loss 0.007144
Epoch 16251/20000 | Train Loss 0.012093
Epoch 16252/20000 | Train Loss 0.012105
Epoch 16253/20000 | Train Loss 0.011646
Epoch 16254/20000 | Train Loss 0.013693
Epoch 16255/20000 | Train Loss 0.009219
Epoch 16256/20000 | Train Loss 0.010550
Epoch 16257/20000 | Train Loss 0.013856
Epoch 16258/20000 | Train Loss 0.014630
Epoch 16259/20000 | Train Loss 0.014037
Epoch 16260/20000 | Train Loss 0.014115
Epoch 16261/20000 | Train Loss 0.017546
Epoch 16262/20000 | Train Loss 0.017323
Epoch 16263/20000 | Train Loss 0.019146
Epoch 16264/20000 | Train Loss 0.027241
Epoch 16265/20000 | Train Loss 0.016639
Epoch 16266/20000 | Train Loss 0.019053
Epoch 16267/20000 | Train Loss 0.016783
Epoch 16268/20000 | Train Loss 0.015538
Epoch 16269/20000 | Train Loss 0.018865
Epoch 16270/20000 | Train Loss 0.018015
Epoch 16271/20000 | Train Loss 0.031135
Epoch 16272/20000 | Train Loss 0.015250
Epoch 16273/20000 | Train Loss 0.013535
Epoch 16274/20000 | Train Loss 0.010867
Epoch 16275/20000 | Train Loss 0.012761
Epoch 16276/20000 | Train Loss 0.018552
Epoch 16277/20000 | Train Loss 0.013848
Epoch 16278/20000 | Train Loss 0.015664
Epoch 16279/20000 | Train Loss 0.012088
Epoch 16280/20000 | Train Loss 0.017410
Epoch 16281/20000 | Train Loss 0.009029
Epoch 16282/20000 | Train Loss 0.011458
Epoch 16283/20000 | Train Loss 0.013763
Epoch 16284/20000 | Train Loss 0.021209
Epoch 16285/20000 | Train Loss 0.017810
Epoch 16286/20000 | Train Loss 0.021965
Epoch 16287/20000 | Train Loss 0.025207
Epoch 16288/20000 | Train Loss 0.025800
Epoch 16289/20000 | Train Loss 0.019453
Epoch 16290/20000 | Train Loss 0.016274
Epoch 16291/20000 | Train Loss 0.011088
Epoch 16292/20000 | Train Loss 0.012727
Epoch 16293/20000 | Train Loss 0.026596
Epoch 16294/20000 | Train Loss 0.027586
Epoch 16295/20000 | Train Loss 0.032050
Epoch 16296/20000 | Train Loss 0.020220
Epoch 16297/20000 | Train Loss 0.024923
Epoch 16298/20000 | Train Loss 0.028162
Epoch 16299/20000 | Train Loss 0.028067
Epoch 16300/20000 | Train Loss 0.017716
Epoch 16301/20000 | Train Loss 0.013513
Epoch 16302/20000 | Train Loss 0.016177
Epoch 16303/20000 | Train Loss 0.026572
Epoch 16304/20000 | Train Loss 0.051818
Epoch 16305/20000 | Train Loss 0.066880
Epoch 16306/20000 | Train Loss 0.054334
Epoch 16307/20000 | Train Loss 0.027740
Epoch 16308/20000 | Train Loss 0.038944
Epoch 16309/20000 | Train Loss 0.030106
Epoch 16310/20000 | Train Loss 0.028452
Epoch 16311/20000 | Train Loss 0.027006
Epoch 16312/20000 | Train Loss 0.021588
Epoch 16313/20000 | Train Loss 0.020358
Epoch 16314/20000 | Train Loss 0.017739
Epoch 16315/20000 | Train Loss 0.015141
Epoch 16316/20000 | Train Loss 0.014117
Epoch 16317/20000 | Train Loss 0.024249
Epoch 16318/20000 | Train Loss 0.017076
Epoch 16319/20000 | Train Loss 0.014281
Epoch 16320/20000 | Train Loss 0.010669
Epoch 16321/20000 | Train Loss 0.016655
Epoch 16322/20000 | Train Loss 0.008748
Epoch 16323/20000 | Train Loss 0.014052
Epoch 16324/20000 | Train Loss 0.011877
Epoch 16325/20000 | Train Loss 0.012782
Epoch 16326/20000 | Train Loss 0.013785
Epoch 16327/20000 | Train Loss 0.019375
Epoch 16328/20000 | Train Loss 0.028100
Epoch 16329/20000 | Train Loss 0.037691
Epoch 16330/20000 | Train Loss 0.029405
Epoch 16331/20000 | Train Loss 0.016047
Epoch 16332/20000 | Train Loss 0.016705
Epoch 16333/20000 | Train Loss 0.017106
Epoch 16334/20000 | Train Loss 0.009325
Epoch 16335/20000 | Train Loss 0.017254
Epoch 16336/20000 | Train Loss 0.011356
Epoch 16337/20000 | Train Loss 0.021101
Epoch 16338/20000 | Train Loss 0.010281
Epoch 16339/20000 | Train Loss 0.021795
Epoch 16340/20000 | Train Loss 0.018381
Epoch 16341/20000 | Train Loss 0.015405
Epoch 16342/20000 | Train Loss 0.019623
Epoch 16343/20000 | Train Loss 0.018653
Epoch 16344/20000 | Train Loss 0.021991
Epoch 16345/20000 | Train Loss 0.010639
Epoch 16346/20000 | Train Loss 0.014428
Epoch 16347/20000 | Train Loss 0.012932
Epoch 16348/20000 | Train Loss 0.009866
Epoch 16349/20000 | Train Loss 0.011435
Epoch 16350/20000 | Train Loss 0.009563
Epoch 16351/20000 | Train Loss 0.008940
Epoch 16352/20000 | Train Loss 0.016528
Epoch 16353/20000 | Train Loss 0.013772
Epoch 16354/20000 | Train Loss 0.009921
Epoch 16355/20000 | Train Loss 0.011824
Epoch 16356/20000 | Train Loss 0.013844
Epoch 16357/20000 | Train Loss 0.011587
Epoch 16358/20000 | Train Loss 0.013664
Epoch 16359/20000 | Train Loss 0.015011
Epoch 16360/20000 | Train Loss 0.011955
Epoch 16361/20000 | Train Loss 0.018751
Epoch 16362/20000 | Train Loss 0.011644
Epoch 16363/20000 | Train Loss 0.011415
Epoch 16364/20000 | Train Loss 0.008723
Epoch 16365/20000 | Train Loss 0.021547
Epoch 16366/20000 | Train Loss 0.016257
Epoch 16367/20000 | Train Loss 0.014651
Epoch 16368/20000 | Train Loss 0.016949
Epoch 16369/20000 | Train Loss 0.017294
Epoch 16370/20000 | Train Loss 0.013203
Epoch 16371/20000 | Train Loss 0.017730
Epoch 16372/20000 | Train Loss 0.014493
Epoch 16373/20000 | Train Loss 0.014091
Epoch 16374/20000 | Train Loss 0.011844
Epoch 16375/20000 | Train Loss 0.016743
Epoch 16376/20000 | Train Loss 0.074046
Epoch 16377/20000 | Train Loss 0.059600
Epoch 16378/20000 | Train Loss 0.029841
Epoch 16379/20000 | Train Loss 0.027933
Epoch 16380/20000 | Train Loss 0.034577
Epoch 16381/20000 | Train Loss 0.048332
Epoch 16382/20000 | Train Loss 0.027180
Epoch 16383/20000 | Train Loss 0.021066
Epoch 16384/20000 | Train Loss 0.019409
Epoch 16385/20000 | Train Loss 0.015625
Epoch 16386/20000 | Train Loss 0.016902
Epoch 16387/20000 | Train Loss 0.013636
Epoch 16388/20000 | Train Loss 0.025158
Epoch 16389/20000 | Train Loss 0.027835
Epoch 16390/20000 | Train Loss 0.027482
Epoch 16391/20000 | Train Loss 0.022517
Epoch 16392/20000 | Train Loss 0.013370
Epoch 16393/20000 | Train Loss 0.018067
Epoch 16394/20000 | Train Loss 0.016979
Epoch 16395/20000 | Train Loss 0.019587
Epoch 16396/20000 | Train Loss 0.015610
Epoch 16397/20000 | Train Loss 0.020407
Epoch 16398/20000 | Train Loss 0.022353
Epoch 16399/20000 | Train Loss 0.022761
Epoch 16400/20000 | Train Loss 0.012299
Epoch 16401/20000 | Train Loss 0.012569
Epoch 16402/20000 | Train Loss 0.017802
Epoch 16403/20000 | Train Loss 0.012154
Epoch 16404/20000 | Train Loss 0.018919
Epoch 16405/20000 | Train Loss 0.019088
Epoch 16406/20000 | Train Loss 0.012894
Epoch 16407/20000 | Train Loss 0.012960
Epoch 16408/20000 | Train Loss 0.011851
Epoch 16409/20000 | Train Loss 0.008925
Epoch 16410/20000 | Train Loss 0.013125
Epoch 16411/20000 | Train Loss 0.017091
Epoch 16412/20000 | Train Loss 0.010020
Epoch 16413/20000 | Train Loss 0.014691
Epoch 16414/20000 | Train Loss 0.017580
Epoch 16415/20000 | Train Loss 0.013724
Epoch 16416/20000 | Train Loss 0.012600
Epoch 16417/20000 | Train Loss 0.014345
Epoch 16418/20000 | Train Loss 0.020543
Epoch 16419/20000 | Train Loss 0.030197
Epoch 16420/20000 | Train Loss 0.030302
Epoch 16421/20000 | Train Loss 0.028260
Epoch 16422/20000 | Train Loss 0.021263
Epoch 16423/20000 | Train Loss 0.018277
Epoch 16424/20000 | Train Loss 0.012286
Epoch 16425/20000 | Train Loss 0.015714
Epoch 16426/20000 | Train Loss 0.013463
Epoch 16427/20000 | Train Loss 0.011319
Epoch 16428/20000 | Train Loss 0.017513
Epoch 16429/20000 | Train Loss 0.014823
Epoch 16430/20000 | Train Loss 0.017766
Epoch 16431/20000 | Train Loss 0.011029
Epoch 16432/20000 | Train Loss 0.012796
Epoch 16433/20000 | Train Loss 0.010320
Epoch 16434/20000 | Train Loss 0.009410
Epoch 16435/20000 | Train Loss 0.012450
Epoch 16436/20000 | Train Loss 0.009224
Epoch 16437/20000 | Train Loss 0.016972
Epoch 16438/20000 | Train Loss 0.014832
Epoch 16439/20000 | Train Loss 0.015587
Epoch 16440/20000 | Train Loss 0.010900
Epoch 16441/20000 | Train Loss 0.008165
Epoch 16442/20000 | Train Loss 0.012226
Epoch 16443/20000 | Train Loss 0.012615
Epoch 16444/20000 | Train Loss 0.010572
Epoch 16445/20000 | Train Loss 0.013653
Epoch 16446/20000 | Train Loss 0.014571
Epoch 16447/20000 | Train Loss 0.020783
Epoch 16448/20000 | Train Loss 0.016464
Epoch 16449/20000 | Train Loss 0.028241
Epoch 16450/20000 | Train Loss 0.048426
Epoch 16451/20000 | Train Loss 0.040674
Epoch 16452/20000 | Train Loss 0.024221
Epoch 16453/20000 | Train Loss 0.024496
Epoch 16454/20000 | Train Loss 0.023527
Epoch 16455/20000 | Train Loss 0.018463
Epoch 16456/20000 | Train Loss 0.015069
Epoch 16457/20000 | Train Loss 0.019884
Epoch 16458/20000 | Train Loss 0.011967
Epoch 16459/20000 | Train Loss 0.010675
Epoch 16460/20000 | Train Loss 0.012154
Epoch 16461/20000 | Train Loss 0.012974
Epoch 16462/20000 | Train Loss 0.008419
Epoch 16463/20000 | Train Loss 0.007482
Epoch 16464/20000 | Train Loss 0.009632
Epoch 16465/20000 | Train Loss 0.011987
Epoch 16466/20000 | Train Loss 0.017196
Epoch 16467/20000 | Train Loss 0.018032
Epoch 16468/20000 | Train Loss 0.018230
Epoch 16469/20000 | Train Loss 0.024888
Epoch 16470/20000 | Train Loss 0.023991
Epoch 16471/20000 | Train Loss 0.017634
Epoch 16472/20000 | Train Loss 0.013247
Epoch 16473/20000 | Train Loss 0.019011
Epoch 16474/20000 | Train Loss 0.020401
Epoch 16475/20000 | Train Loss 0.014401
Epoch 16476/20000 | Train Loss 0.020512
Epoch 16477/20000 | Train Loss 0.022898
Epoch 16478/20000 | Train Loss 0.011735
Epoch 16479/20000 | Train Loss 0.012108
Epoch 16480/20000 | Train Loss 0.010696
Epoch 16481/20000 | Train Loss 0.017509
Epoch 16482/20000 | Train Loss 0.011873
Epoch 16483/20000 | Train Loss 0.011662
Epoch 16484/20000 | Train Loss 0.012851
Epoch 16485/20000 | Train Loss 0.011696
Epoch 16486/20000 | Train Loss 0.012601
Epoch 16487/20000 | Train Loss 0.008626
Epoch 16488/20000 | Train Loss 0.013271
Epoch 16489/20000 | Train Loss 0.010055
Epoch 16490/20000 | Train Loss 0.020623
Epoch 16491/20000 | Train Loss 0.020385
Epoch 16492/20000 | Train Loss 0.013501
Epoch 16493/20000 | Train Loss 0.019710
Epoch 16494/20000 | Train Loss 0.015536
Epoch 16495/20000 | Train Loss 0.012222
Epoch 16496/20000 | Train Loss 0.012824
Epoch 16497/20000 | Train Loss 0.018920
Epoch 16498/20000 | Train Loss 0.020201
Epoch 16499/20000 | Train Loss 0.018372
Epoch 16500/20000 | Train Loss 0.014676
  --> Checkpoint saved at epoch 16500.
Epoch 16501/20000 | Train Loss 0.020921
Epoch 16502/20000 | Train Loss 0.016819
Epoch 16503/20000 | Train Loss 0.016795
Epoch 16504/20000 | Train Loss 0.013441
Epoch 16505/20000 | Train Loss 0.020308
Epoch 16506/20000 | Train Loss 0.024401
Epoch 16507/20000 | Train Loss 0.013161
Epoch 16508/20000 | Train Loss 0.018293
Epoch 16509/20000 | Train Loss 0.023259
Epoch 16510/20000 | Train Loss 0.014307
Epoch 16511/20000 | Train Loss 0.018964
Epoch 16512/20000 | Train Loss 0.021912
Epoch 16513/20000 | Train Loss 0.011539
Epoch 16514/20000 | Train Loss 0.019614
Epoch 16515/20000 | Train Loss 0.016803
Epoch 16516/20000 | Train Loss 0.020357
Epoch 16517/20000 | Train Loss 0.026150
Epoch 16518/20000 | Train Loss 0.018608
Epoch 16519/20000 | Train Loss 0.013310
Epoch 16520/20000 | Train Loss 0.013091
Epoch 16521/20000 | Train Loss 0.009814
Epoch 16522/20000 | Train Loss 0.011437
Epoch 16523/20000 | Train Loss 0.015183
Epoch 16524/20000 | Train Loss 0.024291
Epoch 16525/20000 | Train Loss 0.020221
Epoch 16526/20000 | Train Loss 0.030434
Epoch 16527/20000 | Train Loss 0.025508
Epoch 16528/20000 | Train Loss 0.027297
Epoch 16529/20000 | Train Loss 0.023026
Epoch 16530/20000 | Train Loss 0.019522
Epoch 16531/20000 | Train Loss 0.013659
Epoch 16532/20000 | Train Loss 0.012145
Epoch 16533/20000 | Train Loss 0.010501
Epoch 16534/20000 | Train Loss 0.010888
Epoch 16535/20000 | Train Loss 0.011659
Epoch 16536/20000 | Train Loss 0.010971
Epoch 16537/20000 | Train Loss 0.009540
Epoch 16538/20000 | Train Loss 0.019275
Epoch 16539/20000 | Train Loss 0.014081
Epoch 16540/20000 | Train Loss 0.018558
Epoch 16541/20000 | Train Loss 0.015407
Epoch 16542/20000 | Train Loss 0.013145
Epoch 16543/20000 | Train Loss 0.014681
Epoch 16544/20000 | Train Loss 0.012824
Epoch 16545/20000 | Train Loss 0.013803
Epoch 16546/20000 | Train Loss 0.017910
Epoch 16547/20000 | Train Loss 0.027331
Epoch 16548/20000 | Train Loss 0.031431
Epoch 16549/20000 | Train Loss 0.032312
Epoch 16550/20000 | Train Loss 0.027491
Epoch 16551/20000 | Train Loss 0.014019
Epoch 16552/20000 | Train Loss 0.021873
Epoch 16553/20000 | Train Loss 0.010711
Epoch 16554/20000 | Train Loss 0.015058
Epoch 16555/20000 | Train Loss 0.022372
Epoch 16556/20000 | Train Loss 0.012678
Epoch 16557/20000 | Train Loss 0.022940
Epoch 16558/20000 | Train Loss 0.019845
Epoch 16559/20000 | Train Loss 0.014333
Epoch 16560/20000 | Train Loss 0.019735
Epoch 16561/20000 | Train Loss 0.020357
Epoch 16562/20000 | Train Loss 0.020201
Epoch 16563/20000 | Train Loss 0.013825
Epoch 16564/20000 | Train Loss 0.008724
Epoch 16565/20000 | Train Loss 0.011698
Epoch 16566/20000 | Train Loss 0.016332
Epoch 16567/20000 | Train Loss 0.016689
Epoch 16568/20000 | Train Loss 0.017361
Epoch 16569/20000 | Train Loss 0.019148
Epoch 16570/20000 | Train Loss 0.017030
Epoch 16571/20000 | Train Loss 0.013547
Epoch 16572/20000 | Train Loss 0.012621
Epoch 16573/20000 | Train Loss 0.013808
Epoch 16574/20000 | Train Loss 0.011905
Epoch 16575/20000 | Train Loss 0.012832
Epoch 16576/20000 | Train Loss 0.012558
Epoch 16577/20000 | Train Loss 0.013963
Epoch 16578/20000 | Train Loss 0.016335
Epoch 16579/20000 | Train Loss 0.022159
Epoch 16580/20000 | Train Loss 0.016056
Epoch 16581/20000 | Train Loss 0.022055
Epoch 16582/20000 | Train Loss 0.024556
Epoch 16583/20000 | Train Loss 0.115639
Epoch 16584/20000 | Train Loss 0.228013
Epoch 16585/20000 | Train Loss 0.120379
Epoch 16586/20000 | Train Loss 0.120372
Epoch 16587/20000 | Train Loss 0.062719
Epoch 16588/20000 | Train Loss 0.045723
Epoch 16589/20000 | Train Loss 0.051653
Epoch 16590/20000 | Train Loss 0.043962
Epoch 16591/20000 | Train Loss 0.030341
Epoch 16592/20000 | Train Loss 0.028753
Epoch 16593/20000 | Train Loss 0.025509
Epoch 16594/20000 | Train Loss 0.030258
Epoch 16595/20000 | Train Loss 0.023529
Epoch 16596/20000 | Train Loss 0.020997
Epoch 16597/20000 | Train Loss 0.025018
Epoch 16598/20000 | Train Loss 0.023420
Epoch 16599/20000 | Train Loss 0.023307
Epoch 16600/20000 | Train Loss 0.015004
Epoch 16601/20000 | Train Loss 0.020000
Epoch 16602/20000 | Train Loss 0.017032
Epoch 16603/20000 | Train Loss 0.015164
Epoch 16604/20000 | Train Loss 0.012009
Epoch 16605/20000 | Train Loss 0.013159
Epoch 16606/20000 | Train Loss 0.008172
Epoch 16607/20000 | Train Loss 0.015952
Epoch 16608/20000 | Train Loss 0.015697
Epoch 16609/20000 | Train Loss 0.017481
Epoch 16610/20000 | Train Loss 0.015830
Epoch 16611/20000 | Train Loss 0.016373
Epoch 16612/20000 | Train Loss 0.013416
Epoch 16613/20000 | Train Loss 0.015529
Epoch 16614/20000 | Train Loss 0.011840
Epoch 16615/20000 | Train Loss 0.009550
Epoch 16616/20000 | Train Loss 0.008974
Epoch 16617/20000 | Train Loss 0.012260
Epoch 16618/20000 | Train Loss 0.010497
Epoch 16619/20000 | Train Loss 0.020468
Epoch 16620/20000 | Train Loss 0.016366
Epoch 16621/20000 | Train Loss 0.018886
Epoch 16622/20000 | Train Loss 0.016118
Epoch 16623/20000 | Train Loss 0.015302
Epoch 16624/20000 | Train Loss 0.019409
Epoch 16625/20000 | Train Loss 0.009846
Epoch 16626/20000 | Train Loss 0.017491
Epoch 16627/20000 | Train Loss 0.011688
Epoch 16628/20000 | Train Loss 0.012032
Epoch 16629/20000 | Train Loss 0.010030
Epoch 16630/20000 | Train Loss 0.013301
Epoch 16631/20000 | Train Loss 0.012230
Epoch 16632/20000 | Train Loss 0.011729
Epoch 16633/20000 | Train Loss 0.017172
Epoch 16634/20000 | Train Loss 0.022182
Epoch 16635/20000 | Train Loss 0.023931
Epoch 16636/20000 | Train Loss 0.014788
Epoch 16637/20000 | Train Loss 0.013717
Epoch 16638/20000 | Train Loss 0.014553
Epoch 16639/20000 | Train Loss 0.018628
Epoch 16640/20000 | Train Loss 0.020173
Epoch 16641/20000 | Train Loss 0.010110
Epoch 16642/20000 | Train Loss 0.012685
Epoch 16643/20000 | Train Loss 0.015732
Epoch 16644/20000 | Train Loss 0.010114
Epoch 16645/20000 | Train Loss 0.011182
Epoch 16646/20000 | Train Loss 0.014889
Epoch 16647/20000 | Train Loss 0.018112
Epoch 16648/20000 | Train Loss 0.021968
Epoch 16649/20000 | Train Loss 0.019688
Epoch 16650/20000 | Train Loss 0.023263
Epoch 16651/20000 | Train Loss 0.015177
Epoch 16652/20000 | Train Loss 0.013158
Epoch 16653/20000 | Train Loss 0.012159
Epoch 16654/20000 | Train Loss 0.013390
Epoch 16655/20000 | Train Loss 0.012885
Epoch 16656/20000 | Train Loss 0.014885
Epoch 16657/20000 | Train Loss 0.011897
Epoch 16658/20000 | Train Loss 0.015773
Epoch 16659/20000 | Train Loss 0.015403
Epoch 16660/20000 | Train Loss 0.010380
Epoch 16661/20000 | Train Loss 0.008960
Epoch 16662/20000 | Train Loss 0.011652
Epoch 16663/20000 | Train Loss 0.012207
Epoch 16664/20000 | Train Loss 0.012448
Epoch 16665/20000 | Train Loss 0.013778
Epoch 16666/20000 | Train Loss 0.008834
Epoch 16667/20000 | Train Loss 0.009694
Epoch 16668/20000 | Train Loss 0.014459
Epoch 16669/20000 | Train Loss 0.008206
Epoch 16670/20000 | Train Loss 0.011307
Epoch 16671/20000 | Train Loss 0.010228
Epoch 16672/20000 | Train Loss 0.016642
Epoch 16673/20000 | Train Loss 0.019721
Epoch 16674/20000 | Train Loss 0.021605
Epoch 16675/20000 | Train Loss 0.014300
Epoch 16676/20000 | Train Loss 0.013980
Epoch 16677/20000 | Train Loss 0.015173
Epoch 16678/20000 | Train Loss 0.015125
Epoch 16679/20000 | Train Loss 0.013937
Epoch 16680/20000 | Train Loss 0.013937
Epoch 16681/20000 | Train Loss 0.013333
Epoch 16682/20000 | Train Loss 0.017543
Epoch 16683/20000 | Train Loss 0.013188
Epoch 16684/20000 | Train Loss 0.013578
Epoch 16685/20000 | Train Loss 0.017493
Epoch 16686/20000 | Train Loss 0.010115
Epoch 16687/20000 | Train Loss 0.008691
Epoch 16688/20000 | Train Loss 0.011763
Epoch 16689/20000 | Train Loss 0.014162
Epoch 16690/20000 | Train Loss 0.023045
Epoch 16691/20000 | Train Loss 0.019564
Epoch 16692/20000 | Train Loss 0.021117
Epoch 16693/20000 | Train Loss 0.011205
Epoch 16694/20000 | Train Loss 0.013734
Epoch 16695/20000 | Train Loss 0.010755
Epoch 16696/20000 | Train Loss 0.010210
Epoch 16697/20000 | Train Loss 0.012774
Epoch 16698/20000 | Train Loss 0.011995
Epoch 16699/20000 | Train Loss 0.014032
Epoch 16700/20000 | Train Loss 0.011985
Epoch 16701/20000 | Train Loss 0.013693
Epoch 16702/20000 | Train Loss 0.016927
Epoch 16703/20000 | Train Loss 0.010535
Epoch 16704/20000 | Train Loss 0.020111
Epoch 16705/20000 | Train Loss 0.012108
Epoch 16706/20000 | Train Loss 0.014126
Epoch 16707/20000 | Train Loss 0.017054
Epoch 16708/20000 | Train Loss 0.027326
Epoch 16709/20000 | Train Loss 0.024625
Epoch 16710/20000 | Train Loss 0.014795
Epoch 16711/20000 | Train Loss 0.011519
Epoch 16712/20000 | Train Loss 0.011563
Epoch 16713/20000 | Train Loss 0.013061
Epoch 16714/20000 | Train Loss 0.010459
Epoch 16715/20000 | Train Loss 0.011994
Epoch 16716/20000 | Train Loss 0.009728
Epoch 16717/20000 | Train Loss 0.014003
Epoch 16718/20000 | Train Loss 0.013961
Epoch 16719/20000 | Train Loss 0.013002
Epoch 16720/20000 | Train Loss 0.020100
Epoch 16721/20000 | Train Loss 0.010994
Epoch 16722/20000 | Train Loss 0.015601
Epoch 16723/20000 | Train Loss 0.009077
Epoch 16724/20000 | Train Loss 0.008722
Epoch 16725/20000 | Train Loss 0.009375
Epoch 16726/20000 | Train Loss 0.011754
Epoch 16727/20000 | Train Loss 0.017084
Epoch 16728/20000 | Train Loss 0.022096
Epoch 16729/20000 | Train Loss 0.022579
Epoch 16730/20000 | Train Loss 0.021413
Epoch 16731/20000 | Train Loss 0.011620
Epoch 16732/20000 | Train Loss 0.016088
Epoch 16733/20000 | Train Loss 0.016862
Epoch 16734/20000 | Train Loss 0.022872
Epoch 16735/20000 | Train Loss 0.021520
Epoch 16736/20000 | Train Loss 0.017645
Epoch 16737/20000 | Train Loss 0.013113
Epoch 16738/20000 | Train Loss 0.012439
Epoch 16739/20000 | Train Loss 0.021614
Epoch 16740/20000 | Train Loss 0.028510
Epoch 16741/20000 | Train Loss 0.023575
Epoch 16742/20000 | Train Loss 0.021948
Epoch 16743/20000 | Train Loss 0.014205
Epoch 16744/20000 | Train Loss 0.012590
Epoch 16745/20000 | Train Loss 0.012054
Epoch 16746/20000 | Train Loss 0.008820
Epoch 16747/20000 | Train Loss 0.013278
Epoch 16748/20000 | Train Loss 0.017100
Epoch 16749/20000 | Train Loss 0.010679
Epoch 16750/20000 | Train Loss 0.013070
Epoch 16751/20000 | Train Loss 0.010283
Epoch 16752/20000 | Train Loss 0.009617
Epoch 16753/20000 | Train Loss 0.012478
Epoch 16754/20000 | Train Loss 0.016625
Epoch 16755/20000 | Train Loss 0.020660
Epoch 16756/20000 | Train Loss 0.036018
Epoch 16757/20000 | Train Loss 0.039965
Epoch 16758/20000 | Train Loss 0.024055
Epoch 16759/20000 | Train Loss 0.014479
Epoch 16760/20000 | Train Loss 0.017198
Epoch 16761/20000 | Train Loss 0.014400
Epoch 16762/20000 | Train Loss 0.016375
Epoch 16763/20000 | Train Loss 0.015380
Epoch 16764/20000 | Train Loss 0.017793
Epoch 16765/20000 | Train Loss 0.022213
Epoch 16766/20000 | Train Loss 0.018545
Epoch 16767/20000 | Train Loss 0.015793
Epoch 16768/20000 | Train Loss 0.015581
Epoch 16769/20000 | Train Loss 0.012416
Epoch 16770/20000 | Train Loss 0.020245
Epoch 16771/20000 | Train Loss 0.025687
Epoch 16772/20000 | Train Loss 0.020983
Epoch 16773/20000 | Train Loss 0.013185
Epoch 16774/20000 | Train Loss 0.011004
Epoch 16775/20000 | Train Loss 0.014024
Epoch 16776/20000 | Train Loss 0.009780
Epoch 16777/20000 | Train Loss 0.016861
Epoch 16778/20000 | Train Loss 0.008310
Epoch 16779/20000 | Train Loss 0.012312
Epoch 16780/20000 | Train Loss 0.011761
Epoch 16781/20000 | Train Loss 0.014597
Epoch 16782/20000 | Train Loss 0.009251
Epoch 16783/20000 | Train Loss 0.009955
Epoch 16784/20000 | Train Loss 0.009801
Epoch 16785/20000 | Train Loss 0.014710
Epoch 16786/20000 | Train Loss 0.013867
Epoch 16787/20000 | Train Loss 0.023105
Epoch 16788/20000 | Train Loss 0.025317
Epoch 16789/20000 | Train Loss 0.021221
Epoch 16790/20000 | Train Loss 0.013282
Epoch 16791/20000 | Train Loss 0.011872
Epoch 16792/20000 | Train Loss 0.017027
Epoch 16793/20000 | Train Loss 0.029022
Epoch 16794/20000 | Train Loss 0.027386
Epoch 16795/20000 | Train Loss 0.024647
Epoch 16796/20000 | Train Loss 0.022215
Epoch 16797/20000 | Train Loss 0.028215
Epoch 16798/20000 | Train Loss 0.030482
Epoch 16799/20000 | Train Loss 0.017561
Epoch 16800/20000 | Train Loss 0.023422
Epoch 16801/20000 | Train Loss 0.016927
Epoch 16802/20000 | Train Loss 0.013043
Epoch 16803/20000 | Train Loss 0.012825
Epoch 16804/20000 | Train Loss 0.020850
Epoch 16805/20000 | Train Loss 0.012877
Epoch 16806/20000 | Train Loss 0.013485
Epoch 16807/20000 | Train Loss 0.009204
Epoch 16808/20000 | Train Loss 0.015468
Epoch 16809/20000 | Train Loss 0.009855
Epoch 16810/20000 | Train Loss 0.010186
Epoch 16811/20000 | Train Loss 0.009877
Epoch 16812/20000 | Train Loss 0.019676
Epoch 16813/20000 | Train Loss 0.015390
Epoch 16814/20000 | Train Loss 0.020680
Epoch 16815/20000 | Train Loss 0.023983
Epoch 16816/20000 | Train Loss 0.025199
Epoch 16817/20000 | Train Loss 0.020567
Epoch 16818/20000 | Train Loss 0.019232
Epoch 16819/20000 | Train Loss 0.014883
Epoch 16820/20000 | Train Loss 0.012507
Epoch 16821/20000 | Train Loss 0.018468
Epoch 16822/20000 | Train Loss 0.012218
Epoch 16823/20000 | Train Loss 0.019594
Epoch 16824/20000 | Train Loss 0.021320
Epoch 16825/20000 | Train Loss 0.014990
Epoch 16826/20000 | Train Loss 0.017823
Epoch 16827/20000 | Train Loss 0.014221
Epoch 16828/20000 | Train Loss 0.018626
Epoch 16829/20000 | Train Loss 0.018288
Epoch 16830/20000 | Train Loss 0.063772
Epoch 16831/20000 | Train Loss 0.179801
Epoch 16832/20000 | Train Loss 0.136495
Epoch 16833/20000 | Train Loss 0.103298
Epoch 16834/20000 | Train Loss 0.084622
Epoch 16835/20000 | Train Loss 0.069511
Epoch 16836/20000 | Train Loss 0.040015
Epoch 16837/20000 | Train Loss 0.040715
Epoch 16838/20000 | Train Loss 0.035269
Epoch 16839/20000 | Train Loss 0.026943
Epoch 16840/20000 | Train Loss 0.025989
Epoch 16841/20000 | Train Loss 0.025439
Epoch 16842/20000 | Train Loss 0.024900
Epoch 16843/20000 | Train Loss 0.018716
Epoch 16844/20000 | Train Loss 0.020606
Epoch 16845/20000 | Train Loss 0.018645
Epoch 16846/20000 | Train Loss 0.018746
Epoch 16847/20000 | Train Loss 0.017553
Epoch 16848/20000 | Train Loss 0.022303
Epoch 16849/20000 | Train Loss 0.013512
Epoch 16850/20000 | Train Loss 0.013553
Epoch 16851/20000 | Train Loss 0.009814
Epoch 16852/20000 | Train Loss 0.011296
Epoch 16853/20000 | Train Loss 0.010238
Epoch 16854/20000 | Train Loss 0.015034
Epoch 16855/20000 | Train Loss 0.014598
Epoch 16856/20000 | Train Loss 0.011420
Epoch 16857/20000 | Train Loss 0.008470
Epoch 16858/20000 | Train Loss 0.009177
Epoch 16859/20000 | Train Loss 0.011130
Epoch 16860/20000 | Train Loss 0.010009
Epoch 16861/20000 | Train Loss 0.011803
Epoch 16862/20000 | Train Loss 0.014383
Epoch 16863/20000 | Train Loss 0.014077
Epoch 16864/20000 | Train Loss 0.007358
Epoch 16865/20000 | Train Loss 0.010973
Epoch 16866/20000 | Train Loss 0.009314
Epoch 16867/20000 | Train Loss 0.009930
Epoch 16868/20000 | Train Loss 0.007882
Epoch 16869/20000 | Train Loss 0.009075
Epoch 16870/20000 | Train Loss 0.008719
Epoch 16871/20000 | Train Loss 0.012800
Epoch 16872/20000 | Train Loss 0.012710
Epoch 16873/20000 | Train Loss 0.010025
Epoch 16874/20000 | Train Loss 0.013253
Epoch 16875/20000 | Train Loss 0.009937
Epoch 16876/20000 | Train Loss 0.011422
Epoch 16877/20000 | Train Loss 0.006008
Epoch 16878/20000 | Train Loss 0.009823
Epoch 16879/20000 | Train Loss 0.012246
Epoch 16880/20000 | Train Loss 0.010658
Epoch 16881/20000 | Train Loss 0.011352
Epoch 16882/20000 | Train Loss 0.013152
Epoch 16883/20000 | Train Loss 0.010114
Epoch 16884/20000 | Train Loss 0.012097
Epoch 16885/20000 | Train Loss 0.012534
Epoch 16886/20000 | Train Loss 0.010301
Epoch 16887/20000 | Train Loss 0.013605
Epoch 16888/20000 | Train Loss 0.010636
Epoch 16889/20000 | Train Loss 0.012980
Epoch 16890/20000 | Train Loss 0.018984
Epoch 16891/20000 | Train Loss 0.012208
Epoch 16892/20000 | Train Loss 0.012562
Epoch 16893/20000 | Train Loss 0.009278
Epoch 16894/20000 | Train Loss 0.008120
Epoch 16895/20000 | Train Loss 0.014882
Epoch 16896/20000 | Train Loss 0.015801
Epoch 16897/20000 | Train Loss 0.021622
Epoch 16898/20000 | Train Loss 0.010563
Epoch 16899/20000 | Train Loss 0.011444
Epoch 16900/20000 | Train Loss 0.008562
Epoch 16901/20000 | Train Loss 0.012713
Epoch 16902/20000 | Train Loss 0.014872
Epoch 16903/20000 | Train Loss 0.018084
Epoch 16904/20000 | Train Loss 0.013274
Epoch 16905/20000 | Train Loss 0.019821
Epoch 16906/20000 | Train Loss 0.024370
Epoch 16907/20000 | Train Loss 0.026389
Epoch 16908/20000 | Train Loss 0.025392
Epoch 16909/20000 | Train Loss 0.040518
Epoch 16910/20000 | Train Loss 0.020326
Epoch 16911/20000 | Train Loss 0.024084
Epoch 16912/20000 | Train Loss 0.018769
Epoch 16913/20000 | Train Loss 0.017762
Epoch 16914/20000 | Train Loss 0.014759
Epoch 16915/20000 | Train Loss 0.012058
Epoch 16916/20000 | Train Loss 0.011228
Epoch 16917/20000 | Train Loss 0.012583
Epoch 16918/20000 | Train Loss 0.010319
Epoch 16919/20000 | Train Loss 0.007355
Epoch 16920/20000 | Train Loss 0.010546
Epoch 16921/20000 | Train Loss 0.010890
Epoch 16922/20000 | Train Loss 0.011206
Epoch 16923/20000 | Train Loss 0.017383
Epoch 16924/20000 | Train Loss 0.014465
Epoch 16925/20000 | Train Loss 0.013080
Epoch 16926/20000 | Train Loss 0.015743
Epoch 16927/20000 | Train Loss 0.011438
Epoch 16928/20000 | Train Loss 0.012548
Epoch 16929/20000 | Train Loss 0.012882
Epoch 16930/20000 | Train Loss 0.010548
Epoch 16931/20000 | Train Loss 0.012134
Epoch 16932/20000 | Train Loss 0.007838
Epoch 16933/20000 | Train Loss 0.008170
Epoch 16934/20000 | Train Loss 0.010172
Epoch 16935/20000 | Train Loss 0.020095
Epoch 16936/20000 | Train Loss 0.011825
Epoch 16937/20000 | Train Loss 0.008751
Epoch 16938/20000 | Train Loss 0.013391
Epoch 16939/20000 | Train Loss 0.013921
Epoch 16940/20000 | Train Loss 0.021963
Epoch 16941/20000 | Train Loss 0.031663
Epoch 16942/20000 | Train Loss 0.030357
Epoch 16943/20000 | Train Loss 0.016844
Epoch 16944/20000 | Train Loss 0.020664
Epoch 16945/20000 | Train Loss 0.017494
Epoch 16946/20000 | Train Loss 0.016385
Epoch 16947/20000 | Train Loss 0.017343
Epoch 16948/20000 | Train Loss 0.011849
Epoch 16949/20000 | Train Loss 0.009661
Epoch 16950/20000 | Train Loss 0.012058
Epoch 16951/20000 | Train Loss 0.015070
Epoch 16952/20000 | Train Loss 0.009775
Epoch 16953/20000 | Train Loss 0.011903
Epoch 16954/20000 | Train Loss 0.014660
Epoch 16955/20000 | Train Loss 0.013227
Epoch 16956/20000 | Train Loss 0.018441
Epoch 16957/20000 | Train Loss 0.018269
Epoch 16958/20000 | Train Loss 0.017903
Epoch 16959/20000 | Train Loss 0.018599
Epoch 16960/20000 | Train Loss 0.012119
Epoch 16961/20000 | Train Loss 0.014601
Epoch 16962/20000 | Train Loss 0.012617
Epoch 16963/20000 | Train Loss 0.016290
Epoch 16964/20000 | Train Loss 0.025772
Epoch 16965/20000 | Train Loss 0.016877
Epoch 16966/20000 | Train Loss 0.013844
Epoch 16967/20000 | Train Loss 0.021996
Epoch 16968/20000 | Train Loss 0.023835
Epoch 16969/20000 | Train Loss 0.014742
Epoch 16970/20000 | Train Loss 0.018617
Epoch 16971/20000 | Train Loss 0.015469
Epoch 16972/20000 | Train Loss 0.012310
Epoch 16973/20000 | Train Loss 0.011630
Epoch 16974/20000 | Train Loss 0.019584
Epoch 16975/20000 | Train Loss 0.015867
Epoch 16976/20000 | Train Loss 0.011302
Epoch 16977/20000 | Train Loss 0.010154
Epoch 16978/20000 | Train Loss 0.016110
Epoch 16979/20000 | Train Loss 0.015372
Epoch 16980/20000 | Train Loss 0.021064
Epoch 16981/20000 | Train Loss 0.021841
Epoch 16982/20000 | Train Loss 0.026857
Epoch 16983/20000 | Train Loss 0.019028
Epoch 16984/20000 | Train Loss 0.017839
Epoch 16985/20000 | Train Loss 0.022976
Epoch 16986/20000 | Train Loss 0.022326
Epoch 16987/20000 | Train Loss 0.022963
Epoch 16988/20000 | Train Loss 0.016263
Epoch 16989/20000 | Train Loss 0.017567
Epoch 16990/20000 | Train Loss 0.013450
Epoch 16991/20000 | Train Loss 0.017305
Epoch 16992/20000 | Train Loss 0.019408
Epoch 16993/20000 | Train Loss 0.016127
Epoch 16994/20000 | Train Loss 0.012494
Epoch 16995/20000 | Train Loss 0.013382
Epoch 16996/20000 | Train Loss 0.009555
Epoch 16997/20000 | Train Loss 0.011252
Epoch 16998/20000 | Train Loss 0.009763
Epoch 16999/20000 | Train Loss 0.008160
Epoch 17000/20000 | Train Loss 0.010580
  --> Checkpoint saved at epoch 17000.
Epoch 17001/20000 | Train Loss 0.008609
Epoch 17002/20000 | Train Loss 0.011211
Epoch 17003/20000 | Train Loss 0.011647
Epoch 17004/20000 | Train Loss 0.017359
Epoch 17005/20000 | Train Loss 0.017609
Epoch 17006/20000 | Train Loss 0.011310
Epoch 17007/20000 | Train Loss 0.017308
Epoch 17008/20000 | Train Loss 0.016499
Epoch 17009/20000 | Train Loss 0.026837
Epoch 17010/20000 | Train Loss 0.027976
Epoch 17011/20000 | Train Loss 0.022620
Epoch 17012/20000 | Train Loss 0.023614
Epoch 17013/20000 | Train Loss 0.016334
Epoch 17014/20000 | Train Loss 0.017766
Epoch 17015/20000 | Train Loss 0.017504
Epoch 17016/20000 | Train Loss 0.010126
Epoch 17017/20000 | Train Loss 0.011894
Epoch 17018/20000 | Train Loss 0.012168
Epoch 17019/20000 | Train Loss 0.009422
Epoch 17020/20000 | Train Loss 0.015531
Epoch 17021/20000 | Train Loss 0.013126
Epoch 17022/20000 | Train Loss 0.008439
Epoch 17023/20000 | Train Loss 0.013207
Epoch 17024/20000 | Train Loss 0.007481
Epoch 17025/20000 | Train Loss 0.015948
Epoch 17026/20000 | Train Loss 0.019200
Epoch 17027/20000 | Train Loss 0.010074
Epoch 17028/20000 | Train Loss 0.012584
Epoch 17029/20000 | Train Loss 0.012312
Epoch 17030/20000 | Train Loss 0.012514
Epoch 17031/20000 | Train Loss 0.021708
Epoch 17032/20000 | Train Loss 0.023690
Epoch 17033/20000 | Train Loss 0.018617
Epoch 17034/20000 | Train Loss 0.016865
Epoch 17035/20000 | Train Loss 0.018138
Epoch 17036/20000 | Train Loss 0.028936
Epoch 17037/20000 | Train Loss 0.032983
Epoch 17038/20000 | Train Loss 0.038608
Epoch 17039/20000 | Train Loss 0.031920
Epoch 17040/20000 | Train Loss 0.012130
Epoch 17041/20000 | Train Loss 0.019589
Epoch 17042/20000 | Train Loss 0.012666
Epoch 17043/20000 | Train Loss 0.011817
Epoch 17044/20000 | Train Loss 0.014355
Epoch 17045/20000 | Train Loss 0.013532
Epoch 17046/20000 | Train Loss 0.012878
Epoch 17047/20000 | Train Loss 0.019819
Epoch 17048/20000 | Train Loss 0.012424
Epoch 17049/20000 | Train Loss 0.017457
Epoch 17050/20000 | Train Loss 0.014666
Epoch 17051/20000 | Train Loss 0.015030
Epoch 17052/20000 | Train Loss 0.012359
Epoch 17053/20000 | Train Loss 0.012177
Epoch 17054/20000 | Train Loss 0.014576
Epoch 17055/20000 | Train Loss 0.013746
Epoch 17056/20000 | Train Loss 0.021565
Epoch 17057/20000 | Train Loss 0.019095
Epoch 17058/20000 | Train Loss 0.017948
Epoch 17059/20000 | Train Loss 0.019416
Epoch 17060/20000 | Train Loss 0.011844
Epoch 17061/20000 | Train Loss 0.013722
Epoch 17062/20000 | Train Loss 0.011282
Epoch 17063/20000 | Train Loss 0.018683
Epoch 17064/20000 | Train Loss 0.014501
Epoch 17065/20000 | Train Loss 0.011938
Epoch 17066/20000 | Train Loss 0.013761
Epoch 17067/20000 | Train Loss 0.010403
Epoch 17068/20000 | Train Loss 0.010047
Epoch 17069/20000 | Train Loss 0.014903
Epoch 17070/20000 | Train Loss 0.014726
Epoch 17071/20000 | Train Loss 0.015517
Epoch 17072/20000 | Train Loss 0.011737
Epoch 17073/20000 | Train Loss 0.014539
Epoch 17074/20000 | Train Loss 0.012418
Epoch 17075/20000 | Train Loss 0.014272
Epoch 17076/20000 | Train Loss 0.011659
Epoch 17077/20000 | Train Loss 0.008653
Epoch 17078/20000 | Train Loss 0.010432
Epoch 17079/20000 | Train Loss 0.010123
Epoch 17080/20000 | Train Loss 0.011067
Epoch 17081/20000 | Train Loss 0.010142
Epoch 17082/20000 | Train Loss 0.011577
Epoch 17083/20000 | Train Loss 0.012423
Epoch 17084/20000 | Train Loss 0.008581
Epoch 17085/20000 | Train Loss 0.010842
Epoch 17086/20000 | Train Loss 0.011420
Epoch 17087/20000 | Train Loss 0.019672
Epoch 17088/20000 | Train Loss 0.026619
Epoch 17089/20000 | Train Loss 0.030308
Epoch 17090/20000 | Train Loss 0.036893
Epoch 17091/20000 | Train Loss 0.022711
Epoch 17092/20000 | Train Loss 0.018753
Epoch 17093/20000 | Train Loss 0.018116
Epoch 17094/20000 | Train Loss 0.021290
Epoch 17095/20000 | Train Loss 0.016712
Epoch 17096/20000 | Train Loss 0.020790
Epoch 17097/20000 | Train Loss 0.024150
Epoch 17098/20000 | Train Loss 0.017293
Epoch 17099/20000 | Train Loss 0.020207
Epoch 17100/20000 | Train Loss 0.015478
Epoch 17101/20000 | Train Loss 0.019035
Epoch 17102/20000 | Train Loss 0.021996
Epoch 17103/20000 | Train Loss 0.010600
Epoch 17104/20000 | Train Loss 0.016229
Epoch 17105/20000 | Train Loss 0.010444
Epoch 17106/20000 | Train Loss 0.013383
Epoch 17107/20000 | Train Loss 0.012621
Epoch 17108/20000 | Train Loss 0.023519
Epoch 17109/20000 | Train Loss 0.017835
Epoch 17110/20000 | Train Loss 0.015187
Epoch 17111/20000 | Train Loss 0.013877
Epoch 17112/20000 | Train Loss 0.014395
Epoch 17113/20000 | Train Loss 0.014013
Epoch 17114/20000 | Train Loss 0.011933
Epoch 17115/20000 | Train Loss 0.014153
Epoch 17116/20000 | Train Loss 0.015743
Epoch 17117/20000 | Train Loss 0.019295
Epoch 17118/20000 | Train Loss 0.015034
Epoch 17119/20000 | Train Loss 0.017330
Epoch 17120/20000 | Train Loss 0.021810
Epoch 17121/20000 | Train Loss 0.019073
Epoch 17122/20000 | Train Loss 0.021627
Epoch 17123/20000 | Train Loss 0.019627
Epoch 17124/20000 | Train Loss 0.014555
Epoch 17125/20000 | Train Loss 0.010476
Epoch 17126/20000 | Train Loss 0.010707
Epoch 17127/20000 | Train Loss 0.010471
Epoch 17128/20000 | Train Loss 0.011850
Epoch 17129/20000 | Train Loss 0.016565
Epoch 17130/20000 | Train Loss 0.026002
Epoch 17131/20000 | Train Loss 0.026991
Epoch 17132/20000 | Train Loss 0.030737
Epoch 17133/20000 | Train Loss 0.021587
Epoch 17134/20000 | Train Loss 0.026826
Epoch 17135/20000 | Train Loss 0.025712
Epoch 17136/20000 | Train Loss 0.052331
Epoch 17137/20000 | Train Loss 0.061106
Epoch 17138/20000 | Train Loss 0.055368
Epoch 17139/20000 | Train Loss 0.041434
Epoch 17140/20000 | Train Loss 0.031737
Epoch 17141/20000 | Train Loss 0.027741
Epoch 17142/20000 | Train Loss 0.024488
Epoch 17143/20000 | Train Loss 0.025423
Epoch 17144/20000 | Train Loss 0.020559
Epoch 17145/20000 | Train Loss 0.023418
Epoch 17146/20000 | Train Loss 0.022064
Epoch 17147/20000 | Train Loss 0.025270
Epoch 17148/20000 | Train Loss 0.021780
Epoch 17149/20000 | Train Loss 0.020739
Epoch 17150/20000 | Train Loss 0.016341
Epoch 17151/20000 | Train Loss 0.020647
Epoch 17152/20000 | Train Loss 0.012979
Epoch 17153/20000 | Train Loss 0.020261
Epoch 17154/20000 | Train Loss 0.016987
Epoch 17155/20000 | Train Loss 0.016727
Epoch 17156/20000 | Train Loss 0.018414
Epoch 17157/20000 | Train Loss 0.014341
Epoch 17158/20000 | Train Loss 0.014233
Epoch 17159/20000 | Train Loss 0.013708
Epoch 17160/20000 | Train Loss 0.016396
Epoch 17161/20000 | Train Loss 0.010210
Epoch 17162/20000 | Train Loss 0.009126
Epoch 17163/20000 | Train Loss 0.010956
Epoch 17164/20000 | Train Loss 0.014053
Epoch 17165/20000 | Train Loss 0.008328
Epoch 17166/20000 | Train Loss 0.013029
Epoch 17167/20000 | Train Loss 0.013143
Epoch 17168/20000 | Train Loss 0.012504
Epoch 17169/20000 | Train Loss 0.011297
Epoch 17170/20000 | Train Loss 0.016503
Epoch 17171/20000 | Train Loss 0.014024
Epoch 17172/20000 | Train Loss 0.014590
Epoch 17173/20000 | Train Loss 0.012327
Epoch 17174/20000 | Train Loss 0.010721
Epoch 17175/20000 | Train Loss 0.011871
Epoch 17176/20000 | Train Loss 0.013099
Epoch 17177/20000 | Train Loss 0.014231
Epoch 17178/20000 | Train Loss 0.016710
Epoch 17179/20000 | Train Loss 0.025468
Epoch 17180/20000 | Train Loss 0.036422
Epoch 17181/20000 | Train Loss 0.027233
Epoch 17182/20000 | Train Loss 0.014800
Epoch 17183/20000 | Train Loss 0.015398
Epoch 17184/20000 | Train Loss 0.018479
Epoch 17185/20000 | Train Loss 0.017829
Epoch 17186/20000 | Train Loss 0.014515
Epoch 17187/20000 | Train Loss 0.013960
Epoch 17188/20000 | Train Loss 0.014277
Epoch 17189/20000 | Train Loss 0.018558
Epoch 17190/20000 | Train Loss 0.009564
Epoch 17191/20000 | Train Loss 0.021465
Epoch 17192/20000 | Train Loss 0.017063
Epoch 17193/20000 | Train Loss 0.022572
Epoch 17194/20000 | Train Loss 0.014677
Epoch 17195/20000 | Train Loss 0.012592
Epoch 17196/20000 | Train Loss 0.012787
Epoch 17197/20000 | Train Loss 0.015792
Epoch 17198/20000 | Train Loss 0.020043
Epoch 17199/20000 | Train Loss 0.017141
Epoch 17200/20000 | Train Loss 0.009422
Epoch 17201/20000 | Train Loss 0.012939
Epoch 17202/20000 | Train Loss 0.008226
Epoch 17203/20000 | Train Loss 0.009964
Epoch 17204/20000 | Train Loss 0.008767
Epoch 17205/20000 | Train Loss 0.006365
Epoch 17206/20000 | Train Loss 0.012145
Epoch 17207/20000 | Train Loss 0.011001
Epoch 17208/20000 | Train Loss 0.018808
Epoch 17209/20000 | Train Loss 0.016827
Epoch 17210/20000 | Train Loss 0.011704
Epoch 17211/20000 | Train Loss 0.007851
Epoch 17212/20000 | Train Loss 0.009070
Epoch 17213/20000 | Train Loss 0.011371
Epoch 17214/20000 | Train Loss 0.010307
Epoch 17215/20000 | Train Loss 0.013676
Epoch 17216/20000 | Train Loss 0.007845
Epoch 17217/20000 | Train Loss 0.013002
Epoch 17218/20000 | Train Loss 0.006964
Epoch 17219/20000 | Train Loss 0.013080
Epoch 17220/20000 | Train Loss 0.009311
Epoch 17221/20000 | Train Loss 0.017011
Epoch 17222/20000 | Train Loss 0.009602
Epoch 17223/20000 | Train Loss 0.011409
Epoch 17224/20000 | Train Loss 0.013016
Epoch 17225/20000 | Train Loss 0.020129
Epoch 17226/20000 | Train Loss 0.019039
Epoch 17227/20000 | Train Loss 0.012355
Epoch 17228/20000 | Train Loss 0.015933
Epoch 17229/20000 | Train Loss 0.022551
Epoch 17230/20000 | Train Loss 0.022626
Epoch 17231/20000 | Train Loss 0.021778
Epoch 17232/20000 | Train Loss 0.014777
Epoch 17233/20000 | Train Loss 0.013694
Epoch 17234/20000 | Train Loss 0.011842
Epoch 17235/20000 | Train Loss 0.012511
Epoch 17236/20000 | Train Loss 0.012577
Epoch 17237/20000 | Train Loss 0.011769
Epoch 17238/20000 | Train Loss 0.010728
Epoch 17239/20000 | Train Loss 0.012633
Epoch 17240/20000 | Train Loss 0.009465
Epoch 17241/20000 | Train Loss 0.016459
Epoch 17242/20000 | Train Loss 0.018879
Epoch 17243/20000 | Train Loss 0.024101
Epoch 17244/20000 | Train Loss 0.026249
Epoch 17245/20000 | Train Loss 0.047927
Epoch 17246/20000 | Train Loss 0.028735
Epoch 17247/20000 | Train Loss 0.031963
Epoch 17248/20000 | Train Loss 0.024995
Epoch 17249/20000 | Train Loss 0.024054
Epoch 17250/20000 | Train Loss 0.022861
Epoch 17251/20000 | Train Loss 0.021270
Epoch 17252/20000 | Train Loss 0.015003
Epoch 17253/20000 | Train Loss 0.017004
Epoch 17254/20000 | Train Loss 0.016293
Epoch 17255/20000 | Train Loss 0.016856
Epoch 17256/20000 | Train Loss 0.018549
Epoch 17257/20000 | Train Loss 0.021516
Epoch 17258/20000 | Train Loss 0.017750
Epoch 17259/20000 | Train Loss 0.022879
Epoch 17260/20000 | Train Loss 0.019099
Epoch 17261/20000 | Train Loss 0.013265
Epoch 17262/20000 | Train Loss 0.011050
Epoch 17263/20000 | Train Loss 0.019106
Epoch 17264/20000 | Train Loss 0.022133
Epoch 17265/20000 | Train Loss 0.013114
Epoch 17266/20000 | Train Loss 0.014689
Epoch 17267/20000 | Train Loss 0.014123
Epoch 17268/20000 | Train Loss 0.014499
Epoch 17269/20000 | Train Loss 0.007719
Epoch 17270/20000 | Train Loss 0.011740
Epoch 17271/20000 | Train Loss 0.017153
Epoch 17272/20000 | Train Loss 0.020402
Epoch 17273/20000 | Train Loss 0.015130
Epoch 17274/20000 | Train Loss 0.015494
Epoch 17275/20000 | Train Loss 0.014325
Epoch 17276/20000 | Train Loss 0.020542
Epoch 17277/20000 | Train Loss 0.019802
Epoch 17278/20000 | Train Loss 0.017946
Epoch 17279/20000 | Train Loss 0.020351
Epoch 17280/20000 | Train Loss 0.014127
Epoch 17281/20000 | Train Loss 0.011423
Epoch 17282/20000 | Train Loss 0.015484
Epoch 17283/20000 | Train Loss 0.019660
Epoch 17284/20000 | Train Loss 0.031986
Epoch 17285/20000 | Train Loss 0.022912
Epoch 17286/20000 | Train Loss 0.023291
Epoch 17287/20000 | Train Loss 0.021367
Epoch 17288/20000 | Train Loss 0.014370
Epoch 17289/20000 | Train Loss 0.009621
Epoch 17290/20000 | Train Loss 0.012238
Epoch 17291/20000 | Train Loss 0.010196
Epoch 17292/20000 | Train Loss 0.008716
Epoch 17293/20000 | Train Loss 0.009180
Epoch 17294/20000 | Train Loss 0.013592
Epoch 17295/20000 | Train Loss 0.010300
Epoch 17296/20000 | Train Loss 0.009826
Epoch 17297/20000 | Train Loss 0.011877
Epoch 17298/20000 | Train Loss 0.014995
Epoch 17299/20000 | Train Loss 0.008803
Epoch 17300/20000 | Train Loss 0.009590
Epoch 17301/20000 | Train Loss 0.011704
Epoch 17302/20000 | Train Loss 0.012534
Epoch 17303/20000 | Train Loss 0.012806
Epoch 17304/20000 | Train Loss 0.015844
Epoch 17305/20000 | Train Loss 0.020867
Epoch 17306/20000 | Train Loss 0.022211
Epoch 17307/20000 | Train Loss 0.020583
Epoch 17308/20000 | Train Loss 0.017676
Epoch 17309/20000 | Train Loss 0.018252
Epoch 17310/20000 | Train Loss 0.014879
Epoch 17311/20000 | Train Loss 0.024859
Epoch 17312/20000 | Train Loss 0.024214
Epoch 17313/20000 | Train Loss 0.024283
Epoch 17314/20000 | Train Loss 0.028716
Epoch 17315/20000 | Train Loss 0.015836
Epoch 17316/20000 | Train Loss 0.016256
Epoch 17317/20000 | Train Loss 0.022439
Epoch 17318/20000 | Train Loss 0.015313
Epoch 17319/20000 | Train Loss 0.017251
Epoch 17320/20000 | Train Loss 0.015046
Epoch 17321/20000 | Train Loss 0.016572
Epoch 17322/20000 | Train Loss 0.020889
Epoch 17323/20000 | Train Loss 0.019777
Epoch 17324/20000 | Train Loss 0.019463
Epoch 17325/20000 | Train Loss 0.014289
Epoch 17326/20000 | Train Loss 0.016035
Epoch 17327/20000 | Train Loss 0.013376
Epoch 17328/20000 | Train Loss 0.009660
Epoch 17329/20000 | Train Loss 0.014485
Epoch 17330/20000 | Train Loss 0.011322
Epoch 17331/20000 | Train Loss 0.012779
Epoch 17332/20000 | Train Loss 0.007133
Epoch 17333/20000 | Train Loss 0.010116
Epoch 17334/20000 | Train Loss 0.012560
Epoch 17335/20000 | Train Loss 0.025176
Epoch 17336/20000 | Train Loss 0.022434
Epoch 17337/20000 | Train Loss 0.023152
Epoch 17338/20000 | Train Loss 0.021369
Epoch 17339/20000 | Train Loss 0.023484
Epoch 17340/20000 | Train Loss 0.025209
Epoch 17341/20000 | Train Loss 0.016556
Epoch 17342/20000 | Train Loss 0.020798
Epoch 17343/20000 | Train Loss 0.025377
Epoch 17344/20000 | Train Loss 0.013600
Epoch 17345/20000 | Train Loss 0.015297
Epoch 17346/20000 | Train Loss 0.019523
Epoch 17347/20000 | Train Loss 0.016445
Epoch 17348/20000 | Train Loss 0.014965
Epoch 17349/20000 | Train Loss 0.013025
Epoch 17350/20000 | Train Loss 0.025947
Epoch 17351/20000 | Train Loss 0.028130
Epoch 17352/20000 | Train Loss 0.028995
Epoch 17353/20000 | Train Loss 0.019942
Epoch 17354/20000 | Train Loss 0.014287
Epoch 17355/20000 | Train Loss 0.012425
Epoch 17356/20000 | Train Loss 0.012222
Epoch 17357/20000 | Train Loss 0.013561
Epoch 17358/20000 | Train Loss 0.013198
Epoch 17359/20000 | Train Loss 0.013196
Epoch 17360/20000 | Train Loss 0.012140
Epoch 17361/20000 | Train Loss 0.014280
Epoch 17362/20000 | Train Loss 0.009736
Epoch 17363/20000 | Train Loss 0.015625
Epoch 17364/20000 | Train Loss 0.014174
Epoch 17365/20000 | Train Loss 0.012211
Epoch 17366/20000 | Train Loss 0.018991
Epoch 17367/20000 | Train Loss 0.016348
Epoch 17368/20000 | Train Loss 0.021890
Epoch 17369/20000 | Train Loss 0.017778
Epoch 17370/20000 | Train Loss 0.019060
Epoch 17371/20000 | Train Loss 0.026589
Epoch 17372/20000 | Train Loss 0.016935
Epoch 17373/20000 | Train Loss 0.014728
Epoch 17374/20000 | Train Loss 0.015767
Epoch 17375/20000 | Train Loss 0.020914
Epoch 17376/20000 | Train Loss 0.015618
Epoch 17377/20000 | Train Loss 0.016513
Epoch 17378/20000 | Train Loss 0.019822
Epoch 17379/20000 | Train Loss 0.013769
Epoch 17380/20000 | Train Loss 0.023499
Epoch 17381/20000 | Train Loss 0.027322
Epoch 17382/20000 | Train Loss 0.020020
Epoch 17383/20000 | Train Loss 0.011901
Epoch 17384/20000 | Train Loss 0.026107
Epoch 17385/20000 | Train Loss 0.031688
Epoch 17386/20000 | Train Loss 0.020933
Epoch 17387/20000 | Train Loss 0.021137
Epoch 17388/20000 | Train Loss 0.020004
Epoch 17389/20000 | Train Loss 0.012375
Epoch 17390/20000 | Train Loss 0.014620
Epoch 17391/20000 | Train Loss 0.011207
Epoch 17392/20000 | Train Loss 0.014568
Epoch 17393/20000 | Train Loss 0.017359
Epoch 17394/20000 | Train Loss 0.013175
Epoch 17395/20000 | Train Loss 0.012344
Epoch 17396/20000 | Train Loss 0.020922
Epoch 17397/20000 | Train Loss 0.022239
Epoch 17398/20000 | Train Loss 0.019219
Epoch 17399/20000 | Train Loss 0.021136
Epoch 17400/20000 | Train Loss 0.022483
Epoch 17401/20000 | Train Loss 0.031284
Epoch 17402/20000 | Train Loss 0.016290
Epoch 17403/20000 | Train Loss 0.016747
Epoch 17404/20000 | Train Loss 0.020469
Epoch 17405/20000 | Train Loss 0.012474
Epoch 17406/20000 | Train Loss 0.013735
Epoch 17407/20000 | Train Loss 0.014568
Epoch 17408/20000 | Train Loss 0.012887
Epoch 17409/20000 | Train Loss 0.013018
Epoch 17410/20000 | Train Loss 0.009840
Epoch 17411/20000 | Train Loss 0.012269
Epoch 17412/20000 | Train Loss 0.017221
Epoch 17413/20000 | Train Loss 0.015412
Epoch 17414/20000 | Train Loss 0.006787
Epoch 17415/20000 | Train Loss 0.015757
Epoch 17416/20000 | Train Loss 0.014026
Epoch 17417/20000 | Train Loss 0.021431
Epoch 17418/20000 | Train Loss 0.021411
Epoch 17419/20000 | Train Loss 0.018183
Epoch 17420/20000 | Train Loss 0.017080
Epoch 17421/20000 | Train Loss 0.013478
Epoch 17422/20000 | Train Loss 0.010409
Epoch 17423/20000 | Train Loss 0.010786
Epoch 17424/20000 | Train Loss 0.009499
Epoch 17425/20000 | Train Loss 0.019161
Epoch 17426/20000 | Train Loss 0.013534
Epoch 17427/20000 | Train Loss 0.019051
Epoch 17428/20000 | Train Loss 0.027237
Epoch 17429/20000 | Train Loss 0.030925
Epoch 17430/20000 | Train Loss 0.020950
Epoch 17431/20000 | Train Loss 0.016084
Epoch 17432/20000 | Train Loss 0.021564
Epoch 17433/20000 | Train Loss 0.016030
Epoch 17434/20000 | Train Loss 0.013338
Epoch 17435/20000 | Train Loss 0.013407
Epoch 17436/20000 | Train Loss 0.011389
Epoch 17437/20000 | Train Loss 0.014524
Epoch 17438/20000 | Train Loss 0.009038
Epoch 17439/20000 | Train Loss 0.011776
Epoch 17440/20000 | Train Loss 0.013405
Epoch 17441/20000 | Train Loss 0.020739
Epoch 17442/20000 | Train Loss 0.026872
Epoch 17443/20000 | Train Loss 0.011563
Epoch 17444/20000 | Train Loss 0.017374
Epoch 17445/20000 | Train Loss 0.010625
Epoch 17446/20000 | Train Loss 0.011432
Epoch 17447/20000 | Train Loss 0.015412
Epoch 17448/20000 | Train Loss 0.012426
Epoch 17449/20000 | Train Loss 0.009724
Epoch 17450/20000 | Train Loss 0.009967
Epoch 17451/20000 | Train Loss 0.015122
Epoch 17452/20000 | Train Loss 0.011333
Epoch 17453/20000 | Train Loss 0.019161
Epoch 17454/20000 | Train Loss 0.025958
Epoch 17455/20000 | Train Loss 0.019435
Epoch 17456/20000 | Train Loss 0.024404
Epoch 17457/20000 | Train Loss 0.018570
Epoch 17458/20000 | Train Loss 0.011668
Epoch 17459/20000 | Train Loss 0.019833
Epoch 17460/20000 | Train Loss 0.016567
Epoch 17461/20000 | Train Loss 0.015084
Epoch 17462/20000 | Train Loss 0.027326
Epoch 17463/20000 | Train Loss 0.025861
Epoch 17464/20000 | Train Loss 0.019840
Epoch 17465/20000 | Train Loss 0.015867
Epoch 17466/20000 | Train Loss 0.017781
Epoch 17467/20000 | Train Loss 0.022178
Epoch 17468/20000 | Train Loss 0.021850
Epoch 17469/20000 | Train Loss 0.022487
Epoch 17470/20000 | Train Loss 0.022482
Epoch 17471/20000 | Train Loss 0.024570
Epoch 17472/20000 | Train Loss 0.016570
Epoch 17473/20000 | Train Loss 0.017778
Epoch 17474/20000 | Train Loss 0.016104
Epoch 17475/20000 | Train Loss 0.012842
Epoch 17476/20000 | Train Loss 0.018334
Epoch 17477/20000 | Train Loss 0.012388
Epoch 17478/20000 | Train Loss 0.013686
Epoch 17479/20000 | Train Loss 0.010415
Epoch 17480/20000 | Train Loss 0.019713
Epoch 17481/20000 | Train Loss 0.033310
Epoch 17482/20000 | Train Loss 0.029164
Epoch 17483/20000 | Train Loss 0.022696
Epoch 17484/20000 | Train Loss 0.015294
Epoch 17485/20000 | Train Loss 0.018108
Epoch 17486/20000 | Train Loss 0.013895
Epoch 17487/20000 | Train Loss 0.011499
Epoch 17488/20000 | Train Loss 0.014281
Epoch 17489/20000 | Train Loss 0.013495
Epoch 17490/20000 | Train Loss 0.013913
Epoch 17491/20000 | Train Loss 0.011959
Epoch 17492/20000 | Train Loss 0.009094
Epoch 17493/20000 | Train Loss 0.017276
Epoch 17494/20000 | Train Loss 0.017784
Epoch 17495/20000 | Train Loss 0.016925
Epoch 17496/20000 | Train Loss 0.021945
Epoch 17497/20000 | Train Loss 0.019292
Epoch 17498/20000 | Train Loss 0.025271
Epoch 17499/20000 | Train Loss 0.016418
Epoch 17500/20000 | Train Loss 0.014321
  --> Checkpoint saved at epoch 17500.
Epoch 17501/20000 | Train Loss 0.016856
Epoch 17502/20000 | Train Loss 0.018670
Epoch 17503/20000 | Train Loss 0.030642
Epoch 17504/20000 | Train Loss 0.033090
Epoch 17505/20000 | Train Loss 0.023921
Epoch 17506/20000 | Train Loss 0.019215
Epoch 17507/20000 | Train Loss 0.014659
Epoch 17508/20000 | Train Loss 0.016105
Epoch 17509/20000 | Train Loss 0.016796
Epoch 17510/20000 | Train Loss 0.013725
Epoch 17511/20000 | Train Loss 0.013845
Epoch 17512/20000 | Train Loss 0.012535
Epoch 17513/20000 | Train Loss 0.013138
Epoch 17514/20000 | Train Loss 0.013276
Epoch 17515/20000 | Train Loss 0.014645
Epoch 17516/20000 | Train Loss 0.015374
Epoch 17517/20000 | Train Loss 0.014732
Epoch 17518/20000 | Train Loss 0.027852
Epoch 17519/20000 | Train Loss 0.034404
Epoch 17520/20000 | Train Loss 0.040766
Epoch 17521/20000 | Train Loss 0.030790
Epoch 17522/20000 | Train Loss 0.019876
Epoch 17523/20000 | Train Loss 0.020428
Epoch 17524/20000 | Train Loss 0.013997
Epoch 17525/20000 | Train Loss 0.012629
Epoch 17526/20000 | Train Loss 0.017034
Epoch 17527/20000 | Train Loss 0.025493
Epoch 17528/20000 | Train Loss 0.020986
Epoch 17529/20000 | Train Loss 0.021911
Epoch 17530/20000 | Train Loss 0.015989
Epoch 17531/20000 | Train Loss 0.017527
Epoch 17532/20000 | Train Loss 0.023001
Epoch 17533/20000 | Train Loss 0.023367
Epoch 17534/20000 | Train Loss 0.020657
Epoch 17535/20000 | Train Loss 0.015866
Epoch 17536/20000 | Train Loss 0.021245
Epoch 17537/20000 | Train Loss 0.031917
Epoch 17538/20000 | Train Loss 0.016106
Epoch 17539/20000 | Train Loss 0.016915
Epoch 17540/20000 | Train Loss 0.012809
Epoch 17541/20000 | Train Loss 0.028271
Epoch 17542/20000 | Train Loss 0.012931
Epoch 17543/20000 | Train Loss 0.014991
Epoch 17544/20000 | Train Loss 0.017283
Epoch 17545/20000 | Train Loss 0.021047
Epoch 17546/20000 | Train Loss 0.020651
Epoch 17547/20000 | Train Loss 0.029651
Epoch 17548/20000 | Train Loss 0.020578
Epoch 17549/20000 | Train Loss 0.029561
Epoch 17550/20000 | Train Loss 0.020108
Epoch 17551/20000 | Train Loss 0.032574
Epoch 17552/20000 | Train Loss 0.015629
Epoch 17553/20000 | Train Loss 0.012768
Epoch 17554/20000 | Train Loss 0.017806
Epoch 17555/20000 | Train Loss 0.011258
Epoch 17556/20000 | Train Loss 0.019068
Epoch 17557/20000 | Train Loss 0.018362
Epoch 17558/20000 | Train Loss 0.016104
Epoch 17559/20000 | Train Loss 0.013526
Epoch 17560/20000 | Train Loss 0.015395
Epoch 17561/20000 | Train Loss 0.015154
Epoch 17562/20000 | Train Loss 0.013951
Epoch 17563/20000 | Train Loss 0.011439
Epoch 17564/20000 | Train Loss 0.012164
Epoch 17565/20000 | Train Loss 0.014154
Epoch 17566/20000 | Train Loss 0.011819
Epoch 17567/20000 | Train Loss 0.011068
Epoch 17568/20000 | Train Loss 0.009762
Epoch 17569/20000 | Train Loss 0.019626
Epoch 17570/20000 | Train Loss 0.031127
Epoch 17571/20000 | Train Loss 0.033493
Epoch 17572/20000 | Train Loss 0.026611
Epoch 17573/20000 | Train Loss 0.017892
Epoch 17574/20000 | Train Loss 0.011411
Epoch 17575/20000 | Train Loss 0.014271
Epoch 17576/20000 | Train Loss 0.009309
Epoch 17577/20000 | Train Loss 0.008902
Epoch 17578/20000 | Train Loss 0.009685
Epoch 17579/20000 | Train Loss 0.009713
Epoch 17580/20000 | Train Loss 0.016996
Epoch 17581/20000 | Train Loss 0.011919
Epoch 17582/20000 | Train Loss 0.011709
Epoch 17583/20000 | Train Loss 0.012339
Epoch 17584/20000 | Train Loss 0.013468
Epoch 17585/20000 | Train Loss 0.014321
Epoch 17586/20000 | Train Loss 0.014862
Epoch 17587/20000 | Train Loss 0.018848
Epoch 17588/20000 | Train Loss 0.022180
Epoch 17589/20000 | Train Loss 0.014034
Epoch 17590/20000 | Train Loss 0.009447
Epoch 17591/20000 | Train Loss 0.011996
Epoch 17592/20000 | Train Loss 0.013261
Epoch 17593/20000 | Train Loss 0.010706
Epoch 17594/20000 | Train Loss 0.010086
Epoch 17595/20000 | Train Loss 0.008991
Epoch 17596/20000 | Train Loss 0.011603
Epoch 17597/20000 | Train Loss 0.012259
Epoch 17598/20000 | Train Loss 0.009182
Epoch 17599/20000 | Train Loss 0.013090
Epoch 17600/20000 | Train Loss 0.023249
Epoch 17601/20000 | Train Loss 0.025999
Epoch 17602/20000 | Train Loss 0.018930
Epoch 17603/20000 | Train Loss 0.011565
Epoch 17604/20000 | Train Loss 0.028418
Epoch 17605/20000 | Train Loss 0.026077
Epoch 17606/20000 | Train Loss 0.024931
Epoch 17607/20000 | Train Loss 0.016184
Epoch 17608/20000 | Train Loss 0.012504
Epoch 17609/20000 | Train Loss 0.010196
Epoch 17610/20000 | Train Loss 0.009519
Epoch 17611/20000 | Train Loss 0.014221
Epoch 17612/20000 | Train Loss 0.010673
Epoch 17613/20000 | Train Loss 0.012404
Epoch 17614/20000 | Train Loss 0.013339
Epoch 17615/20000 | Train Loss 0.009430
Epoch 17616/20000 | Train Loss 0.009741
Epoch 17617/20000 | Train Loss 0.011361
Epoch 17618/20000 | Train Loss 0.013314
Epoch 17619/20000 | Train Loss 0.008959
Epoch 17620/20000 | Train Loss 0.007182
Epoch 17621/20000 | Train Loss 0.006709
Epoch 17622/20000 | Train Loss 0.014308
Epoch 17623/20000 | Train Loss 0.017316
Epoch 17624/20000 | Train Loss 0.029121
Epoch 17625/20000 | Train Loss 0.032320
Epoch 17626/20000 | Train Loss 0.015675
Epoch 17627/20000 | Train Loss 0.017678
Epoch 17628/20000 | Train Loss 0.017872
Epoch 17629/20000 | Train Loss 0.019945
Epoch 17630/20000 | Train Loss 0.020778
Epoch 17631/20000 | Train Loss 0.019044
Epoch 17632/20000 | Train Loss 0.014269
Epoch 17633/20000 | Train Loss 0.008936
Epoch 17634/20000 | Train Loss 0.009960
Epoch 17635/20000 | Train Loss 0.010574
Epoch 17636/20000 | Train Loss 0.011008
Epoch 17637/20000 | Train Loss 0.019282
Epoch 17638/20000 | Train Loss 0.011696
Epoch 17639/20000 | Train Loss 0.011809
Epoch 17640/20000 | Train Loss 0.009249
Epoch 17641/20000 | Train Loss 0.011514
Epoch 17642/20000 | Train Loss 0.011875
Epoch 17643/20000 | Train Loss 0.009240
Epoch 17644/20000 | Train Loss 0.010217
Epoch 17645/20000 | Train Loss 0.011490
Epoch 17646/20000 | Train Loss 0.011817
Epoch 17647/20000 | Train Loss 0.014537
Epoch 17648/20000 | Train Loss 0.016170
Epoch 17649/20000 | Train Loss 0.014121
Epoch 17650/20000 | Train Loss 0.009257
Epoch 17651/20000 | Train Loss 0.013728
Epoch 17652/20000 | Train Loss 0.016607
Epoch 17653/20000 | Train Loss 0.012325
Epoch 17654/20000 | Train Loss 0.012139
Epoch 17655/20000 | Train Loss 0.016988
Epoch 17656/20000 | Train Loss 0.010690
Epoch 17657/20000 | Train Loss 0.016596
Epoch 17658/20000 | Train Loss 0.013183
Epoch 17659/20000 | Train Loss 0.021525
Epoch 17660/20000 | Train Loss 0.019186
Epoch 17661/20000 | Train Loss 0.013944
Epoch 17662/20000 | Train Loss 0.014269
Epoch 17663/20000 | Train Loss 0.014205
Epoch 17664/20000 | Train Loss 0.018752
Epoch 17665/20000 | Train Loss 0.024736
Epoch 17666/20000 | Train Loss 0.021366
Epoch 17667/20000 | Train Loss 0.015560
Epoch 17668/20000 | Train Loss 0.022101
Epoch 17669/20000 | Train Loss 0.017316
Epoch 17670/20000 | Train Loss 0.011159
Epoch 17671/20000 | Train Loss 0.013872
Epoch 17672/20000 | Train Loss 0.017075
Epoch 17673/20000 | Train Loss 0.016493
Epoch 17674/20000 | Train Loss 0.012076
Epoch 17675/20000 | Train Loss 0.018123
Epoch 17676/20000 | Train Loss 0.016399
Epoch 17677/20000 | Train Loss 0.032340
Epoch 17678/20000 | Train Loss 0.019944
Epoch 17679/20000 | Train Loss 0.017862
Epoch 17680/20000 | Train Loss 0.022642
Epoch 17681/20000 | Train Loss 0.019362
Epoch 17682/20000 | Train Loss 0.017751
Epoch 17683/20000 | Train Loss 0.021368
Epoch 17684/20000 | Train Loss 0.034841
Epoch 17685/20000 | Train Loss 0.031586
Epoch 17686/20000 | Train Loss 0.024485
Epoch 17687/20000 | Train Loss 0.039920
Epoch 17688/20000 | Train Loss 0.022627
Epoch 17689/20000 | Train Loss 0.018824
Epoch 17690/20000 | Train Loss 0.022406
Epoch 17691/20000 | Train Loss 0.013061
Epoch 17692/20000 | Train Loss 0.014608
Epoch 17693/20000 | Train Loss 0.022925
Epoch 17694/20000 | Train Loss 0.014965
Epoch 17695/20000 | Train Loss 0.019088
Epoch 17696/20000 | Train Loss 0.016374
Epoch 17697/20000 | Train Loss 0.014229
Epoch 17698/20000 | Train Loss 0.017692
Epoch 17699/20000 | Train Loss 0.027708
Epoch 17700/20000 | Train Loss 0.022079
Epoch 17701/20000 | Train Loss 0.023006
Epoch 17702/20000 | Train Loss 0.019484
Epoch 17703/20000 | Train Loss 0.021157
Epoch 17704/20000 | Train Loss 0.016145
Epoch 17705/20000 | Train Loss 0.020356
Epoch 17706/20000 | Train Loss 0.018692
Epoch 17707/20000 | Train Loss 0.013073
Epoch 17708/20000 | Train Loss 0.013650
Epoch 17709/20000 | Train Loss 0.012458
Epoch 17710/20000 | Train Loss 0.015853
Epoch 17711/20000 | Train Loss 0.021471
Epoch 17712/20000 | Train Loss 0.019376
Epoch 17713/20000 | Train Loss 0.010866
Epoch 17714/20000 | Train Loss 0.017694
Epoch 17715/20000 | Train Loss 0.012230
Epoch 17716/20000 | Train Loss 0.008950
Epoch 17717/20000 | Train Loss 0.012654
Epoch 17718/20000 | Train Loss 0.014750
Epoch 17719/20000 | Train Loss 0.010526
Epoch 17720/20000 | Train Loss 0.016092
Epoch 17721/20000 | Train Loss 0.009527
Epoch 17722/20000 | Train Loss 0.018686
Epoch 17723/20000 | Train Loss 0.013683
Epoch 17724/20000 | Train Loss 0.014693
Epoch 17725/20000 | Train Loss 0.009187
Epoch 17726/20000 | Train Loss 0.011386
Epoch 17727/20000 | Train Loss 0.016389
Epoch 17728/20000 | Train Loss 0.012581
Epoch 17729/20000 | Train Loss 0.015674
Epoch 17730/20000 | Train Loss 0.021442
Epoch 17731/20000 | Train Loss 0.020451
Epoch 17732/20000 | Train Loss 0.016557
Epoch 17733/20000 | Train Loss 0.014478
Epoch 17734/20000 | Train Loss 0.009406
Epoch 17735/20000 | Train Loss 0.014567
Epoch 17736/20000 | Train Loss 0.012937
Epoch 17737/20000 | Train Loss 0.009655
Epoch 17738/20000 | Train Loss 0.009836
Epoch 17739/20000 | Train Loss 0.007654
Epoch 17740/20000 | Train Loss 0.011828
Epoch 17741/20000 | Train Loss 0.014768
Epoch 17742/20000 | Train Loss 0.016254
Epoch 17743/20000 | Train Loss 0.013502
Epoch 17744/20000 | Train Loss 0.014991
Epoch 17745/20000 | Train Loss 0.015350
Epoch 17746/20000 | Train Loss 0.013074
Epoch 17747/20000 | Train Loss 0.012971
Epoch 17748/20000 | Train Loss 0.008899
Epoch 17749/20000 | Train Loss 0.014683
Epoch 17750/20000 | Train Loss 0.012904
Epoch 17751/20000 | Train Loss 0.016676
Epoch 17752/20000 | Train Loss 0.017206
Epoch 17753/20000 | Train Loss 0.019300
Epoch 17754/20000 | Train Loss 0.019397
Epoch 17755/20000 | Train Loss 0.017349
Epoch 17756/20000 | Train Loss 0.014412
Epoch 17757/20000 | Train Loss 0.010846
Epoch 17758/20000 | Train Loss 0.010061
Epoch 17759/20000 | Train Loss 0.012744
Epoch 17760/20000 | Train Loss 0.017680
Epoch 17761/20000 | Train Loss 0.014827
Epoch 17762/20000 | Train Loss 0.016298
Epoch 17763/20000 | Train Loss 0.014853
Epoch 17764/20000 | Train Loss 0.009851
Epoch 17765/20000 | Train Loss 0.014393
Epoch 17766/20000 | Train Loss 0.018649
Epoch 17767/20000 | Train Loss 0.033387
Epoch 17768/20000 | Train Loss 0.028293
Epoch 17769/20000 | Train Loss 0.025331
Epoch 17770/20000 | Train Loss 0.032533
Epoch 17771/20000 | Train Loss 0.017427
Epoch 17772/20000 | Train Loss 0.019077
Epoch 17773/20000 | Train Loss 0.024186
Epoch 17774/20000 | Train Loss 0.021239
Epoch 17775/20000 | Train Loss 0.024875
Epoch 17776/20000 | Train Loss 0.026593
Epoch 17777/20000 | Train Loss 0.017006
Epoch 17778/20000 | Train Loss 0.014624
Epoch 17779/20000 | Train Loss 0.019355
Epoch 17780/20000 | Train Loss 0.015211
Epoch 17781/20000 | Train Loss 0.019156
Epoch 17782/20000 | Train Loss 0.018117
Epoch 17783/20000 | Train Loss 0.016113
Epoch 17784/20000 | Train Loss 0.014789
Epoch 17785/20000 | Train Loss 0.018110
Epoch 17786/20000 | Train Loss 0.018853
Epoch 17787/20000 | Train Loss 0.011047
Epoch 17788/20000 | Train Loss 0.013146
Epoch 17789/20000 | Train Loss 0.016137
Epoch 17790/20000 | Train Loss 0.026129
Epoch 17791/20000 | Train Loss 0.030064
Epoch 17792/20000 | Train Loss 0.015232
Epoch 17793/20000 | Train Loss 0.014144
Epoch 17794/20000 | Train Loss 0.009156
Epoch 17795/20000 | Train Loss 0.016621
Epoch 17796/20000 | Train Loss 0.007712
Epoch 17797/20000 | Train Loss 0.015249
Epoch 17798/20000 | Train Loss 0.013509
Epoch 17799/20000 | Train Loss 0.017387
Epoch 17800/20000 | Train Loss 0.025689
Epoch 17801/20000 | Train Loss 0.024801
Epoch 17802/20000 | Train Loss 0.023000
Epoch 17803/20000 | Train Loss 0.017312
Epoch 17804/20000 | Train Loss 0.019115
Epoch 17805/20000 | Train Loss 0.019996
Epoch 17806/20000 | Train Loss 0.035629
Epoch 17807/20000 | Train Loss 0.047483
Epoch 17808/20000 | Train Loss 0.019414
Epoch 17809/20000 | Train Loss 0.019180
Epoch 17810/20000 | Train Loss 0.017326
Epoch 17811/20000 | Train Loss 0.016899
Epoch 17812/20000 | Train Loss 0.013268
Epoch 17813/20000 | Train Loss 0.013395
Epoch 17814/20000 | Train Loss 0.015770
Epoch 17815/20000 | Train Loss 0.017712
Epoch 17816/20000 | Train Loss 0.015620
Epoch 17817/20000 | Train Loss 0.015101
Epoch 17818/20000 | Train Loss 0.014263
Epoch 17819/20000 | Train Loss 0.009521
Epoch 17820/20000 | Train Loss 0.019466
Epoch 17821/20000 | Train Loss 0.022845
Epoch 17822/20000 | Train Loss 0.018862
Epoch 17823/20000 | Train Loss 0.024821
Epoch 17824/20000 | Train Loss 0.014616
Epoch 17825/20000 | Train Loss 0.022288
Epoch 17826/20000 | Train Loss 0.012730
Epoch 17827/20000 | Train Loss 0.011758
Epoch 17828/20000 | Train Loss 0.015379
Epoch 17829/20000 | Train Loss 0.021490
Epoch 17830/20000 | Train Loss 0.022194
Epoch 17831/20000 | Train Loss 0.013831
Epoch 17832/20000 | Train Loss 0.018835
Epoch 17833/20000 | Train Loss 0.020716
Epoch 17834/20000 | Train Loss 0.016281
Epoch 17835/20000 | Train Loss 0.020120
Epoch 17836/20000 | Train Loss 0.009513
Epoch 17837/20000 | Train Loss 0.012636
Epoch 17838/20000 | Train Loss 0.011151
Epoch 17839/20000 | Train Loss 0.011644
Epoch 17840/20000 | Train Loss 0.011635
Epoch 17841/20000 | Train Loss 0.009835
Epoch 17842/20000 | Train Loss 0.014322
Epoch 17843/20000 | Train Loss 0.019107
Epoch 17844/20000 | Train Loss 0.010529
Epoch 17845/20000 | Train Loss 0.010984
Epoch 17846/20000 | Train Loss 0.016739
Epoch 17847/20000 | Train Loss 0.015952
Epoch 17848/20000 | Train Loss 0.024317
Epoch 17849/20000 | Train Loss 0.018395
Epoch 17850/20000 | Train Loss 0.018207
Epoch 17851/20000 | Train Loss 0.015737
Epoch 17852/20000 | Train Loss 0.016507
Epoch 17853/20000 | Train Loss 0.014333
Epoch 17854/20000 | Train Loss 0.021035
Epoch 17855/20000 | Train Loss 0.017877
Epoch 17856/20000 | Train Loss 0.018651
Epoch 17857/20000 | Train Loss 0.016969
Epoch 17858/20000 | Train Loss 0.017902
Epoch 17859/20000 | Train Loss 0.021616
Epoch 17860/20000 | Train Loss 0.017022
Epoch 17861/20000 | Train Loss 0.015848
Epoch 17862/20000 | Train Loss 0.017510
Epoch 17863/20000 | Train Loss 0.019537
Epoch 17864/20000 | Train Loss 0.024034
Epoch 17865/20000 | Train Loss 0.019017
Epoch 17866/20000 | Train Loss 0.016697
Epoch 17867/20000 | Train Loss 0.010694
Epoch 17868/20000 | Train Loss 0.009521
Epoch 17869/20000 | Train Loss 0.012983
Epoch 17870/20000 | Train Loss 0.011615
Epoch 17871/20000 | Train Loss 0.012671
Epoch 17872/20000 | Train Loss 0.009077
Epoch 17873/20000 | Train Loss 0.013489
Epoch 17874/20000 | Train Loss 0.010692
Epoch 17875/20000 | Train Loss 0.008059
Epoch 17876/20000 | Train Loss 0.010878
Epoch 17877/20000 | Train Loss 0.013664
Epoch 17878/20000 | Train Loss 0.014003
Epoch 17879/20000 | Train Loss 0.019589
Epoch 17880/20000 | Train Loss 0.023295
Epoch 17881/20000 | Train Loss 0.021043
Epoch 17882/20000 | Train Loss 0.019464
Epoch 17883/20000 | Train Loss 0.016525
Epoch 17884/20000 | Train Loss 0.017697
Epoch 17885/20000 | Train Loss 0.015238
Epoch 17886/20000 | Train Loss 0.012174
Epoch 17887/20000 | Train Loss 0.008850
Epoch 17888/20000 | Train Loss 0.013337
Epoch 17889/20000 | Train Loss 0.015612
Epoch 17890/20000 | Train Loss 0.020759
Epoch 17891/20000 | Train Loss 0.011642
Epoch 17892/20000 | Train Loss 0.013466
Epoch 17893/20000 | Train Loss 0.013482
Epoch 17894/20000 | Train Loss 0.014082
Epoch 17895/20000 | Train Loss 0.018466
Epoch 17896/20000 | Train Loss 0.018008
Epoch 17897/20000 | Train Loss 0.016697
Epoch 17898/20000 | Train Loss 0.020686
Epoch 17899/20000 | Train Loss 0.014450
Epoch 17900/20000 | Train Loss 0.013051
Epoch 17901/20000 | Train Loss 0.015555
Epoch 17902/20000 | Train Loss 0.009984
Epoch 17903/20000 | Train Loss 0.013010
Epoch 17904/20000 | Train Loss 0.009516
Epoch 17905/20000 | Train Loss 0.012927
Epoch 17906/20000 | Train Loss 0.013438
Epoch 17907/20000 | Train Loss 0.018364
Epoch 17908/20000 | Train Loss 0.026950
Epoch 17909/20000 | Train Loss 0.016642
Epoch 17910/20000 | Train Loss 0.014600
Epoch 17911/20000 | Train Loss 0.019596
Epoch 17912/20000 | Train Loss 0.014862
Epoch 17913/20000 | Train Loss 0.014544
Epoch 17914/20000 | Train Loss 0.013996
Epoch 17915/20000 | Train Loss 0.016563
Epoch 17916/20000 | Train Loss 0.020329
Epoch 17917/20000 | Train Loss 0.013017
Epoch 17918/20000 | Train Loss 0.013493
Epoch 17919/20000 | Train Loss 0.017055
Epoch 17920/20000 | Train Loss 0.020886
Epoch 17921/20000 | Train Loss 0.009743
Epoch 17922/20000 | Train Loss 0.012541
Epoch 17923/20000 | Train Loss 0.015384
Epoch 17924/20000 | Train Loss 0.018573
Epoch 17925/20000 | Train Loss 0.016132
Epoch 17926/20000 | Train Loss 0.015560
Epoch 17927/20000 | Train Loss 0.014644
Epoch 17928/20000 | Train Loss 0.017978
Epoch 17929/20000 | Train Loss 0.015915
Epoch 17930/20000 | Train Loss 0.015995
Epoch 17931/20000 | Train Loss 0.016348
Epoch 17932/20000 | Train Loss 0.013430
Epoch 17933/20000 | Train Loss 0.018215
Epoch 17934/20000 | Train Loss 0.021167
Epoch 17935/20000 | Train Loss 0.018755
Epoch 17936/20000 | Train Loss 0.012094
Epoch 17937/20000 | Train Loss 0.012002
Epoch 17938/20000 | Train Loss 0.010775
Epoch 17939/20000 | Train Loss 0.010971
Epoch 17940/20000 | Train Loss 0.008090
Epoch 17941/20000 | Train Loss 0.011846
Epoch 17942/20000 | Train Loss 0.014626
Epoch 17943/20000 | Train Loss 0.024268
Epoch 17944/20000 | Train Loss 0.019370
Epoch 17945/20000 | Train Loss 0.018258
Epoch 17946/20000 | Train Loss 0.010765
Epoch 17947/20000 | Train Loss 0.011490
Epoch 17948/20000 | Train Loss 0.014984
Epoch 17949/20000 | Train Loss 0.015640
Epoch 17950/20000 | Train Loss 0.012861
Epoch 17951/20000 | Train Loss 0.013437
Epoch 17952/20000 | Train Loss 0.018593
Epoch 17953/20000 | Train Loss 0.018489
Epoch 17954/20000 | Train Loss 0.013275
Epoch 17955/20000 | Train Loss 0.019713
Epoch 17956/20000 | Train Loss 0.028194
Epoch 17957/20000 | Train Loss 0.025081
Epoch 17958/20000 | Train Loss 0.018396
Epoch 17959/20000 | Train Loss 0.018559
Epoch 17960/20000 | Train Loss 0.016335
Epoch 17961/20000 | Train Loss 0.019037
Epoch 17962/20000 | Train Loss 0.014557
Epoch 17963/20000 | Train Loss 0.015779
Epoch 17964/20000 | Train Loss 0.014141
Epoch 17965/20000 | Train Loss 0.017035
Epoch 17966/20000 | Train Loss 0.011312
Epoch 17967/20000 | Train Loss 0.014727
Epoch 17968/20000 | Train Loss 0.016248
Epoch 17969/20000 | Train Loss 0.015566
Epoch 17970/20000 | Train Loss 0.012925
Epoch 17971/20000 | Train Loss 0.018458
Epoch 17972/20000 | Train Loss 0.015894
Epoch 17973/20000 | Train Loss 0.015835
Epoch 17974/20000 | Train Loss 0.012187
Epoch 17975/20000 | Train Loss 0.017157
Epoch 17976/20000 | Train Loss 0.023696
Epoch 17977/20000 | Train Loss 0.032198
Epoch 17978/20000 | Train Loss 0.052170
Epoch 17979/20000 | Train Loss 0.121941
Epoch 17980/20000 | Train Loss 0.122017
Epoch 17981/20000 | Train Loss 0.058651
Epoch 17982/20000 | Train Loss 0.072855
Epoch 17983/20000 | Train Loss 0.047858
Epoch 17984/20000 | Train Loss 0.034574
Epoch 17985/20000 | Train Loss 0.029795
Epoch 17986/20000 | Train Loss 0.038558
Epoch 17987/20000 | Train Loss 0.022190
Epoch 17988/20000 | Train Loss 0.024599
Epoch 17989/20000 | Train Loss 0.021367
Epoch 17990/20000 | Train Loss 0.023949
Epoch 17991/20000 | Train Loss 0.015005
Epoch 17992/20000 | Train Loss 0.021003
Epoch 17993/20000 | Train Loss 0.019949
Epoch 17994/20000 | Train Loss 0.009092
Epoch 17995/20000 | Train Loss 0.017789
Epoch 17996/20000 | Train Loss 0.016612
Epoch 17997/20000 | Train Loss 0.016190
Epoch 17998/20000 | Train Loss 0.022268
Epoch 17999/20000 | Train Loss 0.016966
Epoch 18000/20000 | Train Loss 0.017805
  --> Checkpoint saved at epoch 18000.
Epoch 18001/20000 | Train Loss 0.020157
Epoch 18002/20000 | Train Loss 0.012628
Epoch 18003/20000 | Train Loss 0.014344
Epoch 18004/20000 | Train Loss 0.022035
Epoch 18005/20000 | Train Loss 0.018339
Epoch 18006/20000 | Train Loss 0.017886
Epoch 18007/20000 | Train Loss 0.040142
Epoch 18008/20000 | Train Loss 0.028087
Epoch 18009/20000 | Train Loss 0.022074
Epoch 18010/20000 | Train Loss 0.020263
Epoch 18011/20000 | Train Loss 0.018255
Epoch 18012/20000 | Train Loss 0.016595
Epoch 18013/20000 | Train Loss 0.012435
Epoch 18014/20000 | Train Loss 0.018444
Epoch 18015/20000 | Train Loss 0.024363
Epoch 18016/20000 | Train Loss 0.018109
Epoch 18017/20000 | Train Loss 0.013674
Epoch 18018/20000 | Train Loss 0.011687
Epoch 18019/20000 | Train Loss 0.014797
Epoch 18020/20000 | Train Loss 0.019519
Epoch 18021/20000 | Train Loss 0.011210
Epoch 18022/20000 | Train Loss 0.008659
Epoch 18023/20000 | Train Loss 0.008220
Epoch 18024/20000 | Train Loss 0.007659
Epoch 18025/20000 | Train Loss 0.010287
Epoch 18026/20000 | Train Loss 0.013735
Epoch 18027/20000 | Train Loss 0.008707
Epoch 18028/20000 | Train Loss 0.014926
Epoch 18029/20000 | Train Loss 0.012050
Epoch 18030/20000 | Train Loss 0.016802
Epoch 18031/20000 | Train Loss 0.019124
Epoch 18032/20000 | Train Loss 0.009288
Epoch 18033/20000 | Train Loss 0.014754
Epoch 18034/20000 | Train Loss 0.009277
Epoch 18035/20000 | Train Loss 0.016625
Epoch 18036/20000 | Train Loss 0.009155
Epoch 18037/20000 | Train Loss 0.011260
Epoch 18038/20000 | Train Loss 0.013454
Epoch 18039/20000 | Train Loss 0.013823
Epoch 18040/20000 | Train Loss 0.016002
Epoch 18041/20000 | Train Loss 0.018663
Epoch 18042/20000 | Train Loss 0.015383
Epoch 18043/20000 | Train Loss 0.017344
Epoch 18044/20000 | Train Loss 0.017244
Epoch 18045/20000 | Train Loss 0.013750
Epoch 18046/20000 | Train Loss 0.011386
Epoch 18047/20000 | Train Loss 0.015592
Epoch 18048/20000 | Train Loss 0.017957
Epoch 18049/20000 | Train Loss 0.021541
Epoch 18050/20000 | Train Loss 0.018279
Epoch 18051/20000 | Train Loss 0.015185
Epoch 18052/20000 | Train Loss 0.011374
Epoch 18053/20000 | Train Loss 0.015712
Epoch 18054/20000 | Train Loss 0.018878
Epoch 18055/20000 | Train Loss 0.018067
Epoch 18056/20000 | Train Loss 0.014563
Epoch 18057/20000 | Train Loss 0.011545
Epoch 18058/20000 | Train Loss 0.021750
Epoch 18059/20000 | Train Loss 0.014965
Epoch 18060/20000 | Train Loss 0.012971
Epoch 18061/20000 | Train Loss 0.009341
Epoch 18062/20000 | Train Loss 0.020072
Epoch 18063/20000 | Train Loss 0.010517
Epoch 18064/20000 | Train Loss 0.010864
Epoch 18065/20000 | Train Loss 0.009050
Epoch 18066/20000 | Train Loss 0.012580
Epoch 18067/20000 | Train Loss 0.014215
Epoch 18068/20000 | Train Loss 0.006640
Epoch 18069/20000 | Train Loss 0.007577
Epoch 18070/20000 | Train Loss 0.011841
Epoch 18071/20000 | Train Loss 0.007796
Epoch 18072/20000 | Train Loss 0.009892
Epoch 18073/20000 | Train Loss 0.010266
Epoch 18074/20000 | Train Loss 0.016173
Epoch 18075/20000 | Train Loss 0.021329
Epoch 18076/20000 | Train Loss 0.018159
Epoch 18077/20000 | Train Loss 0.015833
Epoch 18078/20000 | Train Loss 0.010798
Epoch 18079/20000 | Train Loss 0.011236
Epoch 18080/20000 | Train Loss 0.013430
Epoch 18081/20000 | Train Loss 0.014276
Epoch 18082/20000 | Train Loss 0.010037
Epoch 18083/20000 | Train Loss 0.010409
Epoch 18084/20000 | Train Loss 0.012591
Epoch 18085/20000 | Train Loss 0.019518
Epoch 18086/20000 | Train Loss 0.023044
Epoch 18087/20000 | Train Loss 0.035211
Epoch 18088/20000 | Train Loss 0.031727
Epoch 18089/20000 | Train Loss 0.016719
Epoch 18090/20000 | Train Loss 0.015338
Epoch 18091/20000 | Train Loss 0.014935
Epoch 18092/20000 | Train Loss 0.010633
Epoch 18093/20000 | Train Loss 0.010872
Epoch 18094/20000 | Train Loss 0.009225
Epoch 18095/20000 | Train Loss 0.009560
Epoch 18096/20000 | Train Loss 0.011752
Epoch 18097/20000 | Train Loss 0.011072
Epoch 18098/20000 | Train Loss 0.010459
Epoch 18099/20000 | Train Loss 0.011787
Epoch 18100/20000 | Train Loss 0.016865
Epoch 18101/20000 | Train Loss 0.016822
Epoch 18102/20000 | Train Loss 0.022896
Epoch 18103/20000 | Train Loss 0.018125
Epoch 18104/20000 | Train Loss 0.015308
Epoch 18105/20000 | Train Loss 0.017752
Epoch 18106/20000 | Train Loss 0.019367
Epoch 18107/20000 | Train Loss 0.016135
Epoch 18108/20000 | Train Loss 0.016508
Epoch 18109/20000 | Train Loss 0.013944
Epoch 18110/20000 | Train Loss 0.012483
Epoch 18111/20000 | Train Loss 0.013248
Epoch 18112/20000 | Train Loss 0.017007
Epoch 18113/20000 | Train Loss 0.014931
Epoch 18114/20000 | Train Loss 0.010607
Epoch 18115/20000 | Train Loss 0.008295
Epoch 18116/20000 | Train Loss 0.009410
Epoch 18117/20000 | Train Loss 0.012244
Epoch 18118/20000 | Train Loss 0.011266
Epoch 18119/20000 | Train Loss 0.009232
Epoch 18120/20000 | Train Loss 0.009405
Epoch 18121/20000 | Train Loss 0.010374
Epoch 18122/20000 | Train Loss 0.009244
Epoch 18123/20000 | Train Loss 0.008328
Epoch 18124/20000 | Train Loss 0.011920
Epoch 18125/20000 | Train Loss 0.014343
Epoch 18126/20000 | Train Loss 0.017936
Epoch 18127/20000 | Train Loss 0.013758
Epoch 18128/20000 | Train Loss 0.011666
Epoch 18129/20000 | Train Loss 0.010413
Epoch 18130/20000 | Train Loss 0.012150
Epoch 18131/20000 | Train Loss 0.020365
Epoch 18132/20000 | Train Loss 0.017819
Epoch 18133/20000 | Train Loss 0.013863
Epoch 18134/20000 | Train Loss 0.015213
Epoch 18135/20000 | Train Loss 0.010297
Epoch 18136/20000 | Train Loss 0.010516
Epoch 18137/20000 | Train Loss 0.011888
Epoch 18138/20000 | Train Loss 0.012556
Epoch 18139/20000 | Train Loss 0.011531
Epoch 18140/20000 | Train Loss 0.006095
Epoch 18141/20000 | Train Loss 0.010605
Epoch 18142/20000 | Train Loss 0.013723
Epoch 18143/20000 | Train Loss 0.013921
Epoch 18144/20000 | Train Loss 0.016005
Epoch 18145/20000 | Train Loss 0.021649
Epoch 18146/20000 | Train Loss 0.019001
Epoch 18147/20000 | Train Loss 0.015030
Epoch 18148/20000 | Train Loss 0.008532
Epoch 18149/20000 | Train Loss 0.008858
Epoch 18150/20000 | Train Loss 0.006504
Epoch 18151/20000 | Train Loss 0.012879
Epoch 18152/20000 | Train Loss 0.009902
Epoch 18153/20000 | Train Loss 0.007588
Epoch 18154/20000 | Train Loss 0.011923
Epoch 18155/20000 | Train Loss 0.010923
Epoch 18156/20000 | Train Loss 0.012521
Epoch 18157/20000 | Train Loss 0.007233
Epoch 18158/20000 | Train Loss 0.012250
Epoch 18159/20000 | Train Loss 0.009396
Epoch 18160/20000 | Train Loss 0.006419
Epoch 18161/20000 | Train Loss 0.010517
Epoch 18162/20000 | Train Loss 0.013918
Epoch 18163/20000 | Train Loss 0.013016
Epoch 18164/20000 | Train Loss 0.007967
Epoch 18165/20000 | Train Loss 0.010419
Epoch 18166/20000 | Train Loss 0.014476
Epoch 18167/20000 | Train Loss 0.017497
Epoch 18168/20000 | Train Loss 0.020798
Epoch 18169/20000 | Train Loss 0.015776
Epoch 18170/20000 | Train Loss 0.010710
Epoch 18171/20000 | Train Loss 0.011792
Epoch 18172/20000 | Train Loss 0.022767
Epoch 18173/20000 | Train Loss 0.034883
Epoch 18174/20000 | Train Loss 0.026704
Epoch 18175/20000 | Train Loss 0.016663
Epoch 18176/20000 | Train Loss 0.015172
Epoch 18177/20000 | Train Loss 0.013318
Epoch 18178/20000 | Train Loss 0.016405
Epoch 18179/20000 | Train Loss 0.013844
Epoch 18180/20000 | Train Loss 0.007620
Epoch 18181/20000 | Train Loss 0.010066
Epoch 18182/20000 | Train Loss 0.010157
Epoch 18183/20000 | Train Loss 0.011579
Epoch 18184/20000 | Train Loss 0.014812
Epoch 18185/20000 | Train Loss 0.017054
Epoch 18186/20000 | Train Loss 0.016015
Epoch 18187/20000 | Train Loss 0.008549
Epoch 18188/20000 | Train Loss 0.009135
Epoch 18189/20000 | Train Loss 0.009378
Epoch 18190/20000 | Train Loss 0.007897
Epoch 18191/20000 | Train Loss 0.012479
Epoch 18192/20000 | Train Loss 0.013498
Epoch 18193/20000 | Train Loss 0.013038
Epoch 18194/20000 | Train Loss 0.014869
Epoch 18195/20000 | Train Loss 0.008968
Epoch 18196/20000 | Train Loss 0.018626
Epoch 18197/20000 | Train Loss 0.013447
Epoch 18198/20000 | Train Loss 0.016163
Epoch 18199/20000 | Train Loss 0.018150
Epoch 18200/20000 | Train Loss 0.014994
Epoch 18201/20000 | Train Loss 0.007745
Epoch 18202/20000 | Train Loss 0.011279
Epoch 18203/20000 | Train Loss 0.012531
Epoch 18204/20000 | Train Loss 0.014707
Epoch 18205/20000 | Train Loss 0.015105
Epoch 18206/20000 | Train Loss 0.019802
Epoch 18207/20000 | Train Loss 0.016721
Epoch 18208/20000 | Train Loss 0.026499
Epoch 18209/20000 | Train Loss 0.038905
Epoch 18210/20000 | Train Loss 0.031128
Epoch 18211/20000 | Train Loss 0.023054
Epoch 18212/20000 | Train Loss 0.042830
Epoch 18213/20000 | Train Loss 0.066639
Epoch 18214/20000 | Train Loss 0.131927
Epoch 18215/20000 | Train Loss 0.079747
Epoch 18216/20000 | Train Loss 0.075890
Epoch 18217/20000 | Train Loss 0.070238
Epoch 18218/20000 | Train Loss 0.057555
Epoch 18219/20000 | Train Loss 0.065266
Epoch 18220/20000 | Train Loss 0.053452
Epoch 18221/20000 | Train Loss 0.043213
Epoch 18222/20000 | Train Loss 0.033957
Epoch 18223/20000 | Train Loss 0.036067
Epoch 18224/20000 | Train Loss 0.030291
Epoch 18225/20000 | Train Loss 0.026952
Epoch 18226/20000 | Train Loss 0.023248
Epoch 18227/20000 | Train Loss 0.014264
Epoch 18228/20000 | Train Loss 0.017103
Epoch 18229/20000 | Train Loss 0.021093
Epoch 18230/20000 | Train Loss 0.021966
Epoch 18231/20000 | Train Loss 0.021147
Epoch 18232/20000 | Train Loss 0.014841
Epoch 18233/20000 | Train Loss 0.017487
Epoch 18234/20000 | Train Loss 0.019043
Epoch 18235/20000 | Train Loss 0.014170
Epoch 18236/20000 | Train Loss 0.019823
Epoch 18237/20000 | Train Loss 0.014786
Epoch 18238/20000 | Train Loss 0.015350
Epoch 18239/20000 | Train Loss 0.013154
Epoch 18240/20000 | Train Loss 0.014339
Epoch 18241/20000 | Train Loss 0.008667
Epoch 18242/20000 | Train Loss 0.011410
Epoch 18243/20000 | Train Loss 0.014102
Epoch 18244/20000 | Train Loss 0.013652
Epoch 18245/20000 | Train Loss 0.018135
Epoch 18246/20000 | Train Loss 0.019696
Epoch 18247/20000 | Train Loss 0.023123
Epoch 18248/20000 | Train Loss 0.014437
Epoch 18249/20000 | Train Loss 0.016280
Epoch 18250/20000 | Train Loss 0.013989
Epoch 18251/20000 | Train Loss 0.009548
Epoch 18252/20000 | Train Loss 0.007598
Epoch 18253/20000 | Train Loss 0.011536
Epoch 18254/20000 | Train Loss 0.015808
Epoch 18255/20000 | Train Loss 0.016124
Epoch 18256/20000 | Train Loss 0.012182
Epoch 18257/20000 | Train Loss 0.011715
Epoch 18258/20000 | Train Loss 0.007183
Epoch 18259/20000 | Train Loss 0.009320
Epoch 18260/20000 | Train Loss 0.008959
Epoch 18261/20000 | Train Loss 0.008716
Epoch 18262/20000 | Train Loss 0.009222
Epoch 18263/20000 | Train Loss 0.019241
Epoch 18264/20000 | Train Loss 0.011535
Epoch 18265/20000 | Train Loss 0.009109
Epoch 18266/20000 | Train Loss 0.009884
Epoch 18267/20000 | Train Loss 0.011770
Epoch 18268/20000 | Train Loss 0.009788
Epoch 18269/20000 | Train Loss 0.008192
Epoch 18270/20000 | Train Loss 0.014547
Epoch 18271/20000 | Train Loss 0.010802
Epoch 18272/20000 | Train Loss 0.022367
Epoch 18273/20000 | Train Loss 0.032697
Epoch 18274/20000 | Train Loss 0.038627
Epoch 18275/20000 | Train Loss 0.025721
Epoch 18276/20000 | Train Loss 0.018216
Epoch 18277/20000 | Train Loss 0.013842
Epoch 18278/20000 | Train Loss 0.015170
Epoch 18279/20000 | Train Loss 0.015672
Epoch 18280/20000 | Train Loss 0.014464
Epoch 18281/20000 | Train Loss 0.016385
Epoch 18282/20000 | Train Loss 0.011364
Epoch 18283/20000 | Train Loss 0.012752
Epoch 18284/20000 | Train Loss 0.012600
Epoch 18285/20000 | Train Loss 0.007451
Epoch 18286/20000 | Train Loss 0.008333
Epoch 18287/20000 | Train Loss 0.007852
Epoch 18288/20000 | Train Loss 0.007900
Epoch 18289/20000 | Train Loss 0.007659
Epoch 18290/20000 | Train Loss 0.010468
Epoch 18291/20000 | Train Loss 0.013770
Epoch 18292/20000 | Train Loss 0.013090
Epoch 18293/20000 | Train Loss 0.009874
Epoch 18294/20000 | Train Loss 0.013846
Epoch 18295/20000 | Train Loss 0.014133
Epoch 18296/20000 | Train Loss 0.011885
Epoch 18297/20000 | Train Loss 0.014616
Epoch 18298/20000 | Train Loss 0.015448
Epoch 18299/20000 | Train Loss 0.015433
Epoch 18300/20000 | Train Loss 0.011824
Epoch 18301/20000 | Train Loss 0.014971
Epoch 18302/20000 | Train Loss 0.012541
Epoch 18303/20000 | Train Loss 0.009788
Epoch 18304/20000 | Train Loss 0.010090
Epoch 18305/20000 | Train Loss 0.017571
Epoch 18306/20000 | Train Loss 0.015282
Epoch 18307/20000 | Train Loss 0.012283
Epoch 18308/20000 | Train Loss 0.026919
Epoch 18309/20000 | Train Loss 0.010601
Epoch 18310/20000 | Train Loss 0.008185
Epoch 18311/20000 | Train Loss 0.006381
Epoch 18312/20000 | Train Loss 0.011518
Epoch 18313/20000 | Train Loss 0.012241
Epoch 18314/20000 | Train Loss 0.011065
Epoch 18315/20000 | Train Loss 0.014268
Epoch 18316/20000 | Train Loss 0.010919
Epoch 18317/20000 | Train Loss 0.012613
Epoch 18318/20000 | Train Loss 0.011792
Epoch 18319/20000 | Train Loss 0.012832
Epoch 18320/20000 | Train Loss 0.009410
Epoch 18321/20000 | Train Loss 0.009683
Epoch 18322/20000 | Train Loss 0.011612
Epoch 18323/20000 | Train Loss 0.009473
Epoch 18324/20000 | Train Loss 0.014232
Epoch 18325/20000 | Train Loss 0.014950
Epoch 18326/20000 | Train Loss 0.019674
Epoch 18327/20000 | Train Loss 0.018050
Epoch 18328/20000 | Train Loss 0.021311
Epoch 18329/20000 | Train Loss 0.012243
Epoch 18330/20000 | Train Loss 0.019932
Epoch 18331/20000 | Train Loss 0.016175
Epoch 18332/20000 | Train Loss 0.016024
Epoch 18333/20000 | Train Loss 0.013144
Epoch 18334/20000 | Train Loss 0.012502
Epoch 18335/20000 | Train Loss 0.015296
Epoch 18336/20000 | Train Loss 0.010898
Epoch 18337/20000 | Train Loss 0.016720
Epoch 18338/20000 | Train Loss 0.016182
Epoch 18339/20000 | Train Loss 0.016122
Epoch 18340/20000 | Train Loss 0.013665
Epoch 18341/20000 | Train Loss 0.020500
Epoch 18342/20000 | Train Loss 0.010120
Epoch 18343/20000 | Train Loss 0.010036
Epoch 18344/20000 | Train Loss 0.010738
Epoch 18345/20000 | Train Loss 0.013706
Epoch 18346/20000 | Train Loss 0.014649
Epoch 18347/20000 | Train Loss 0.006971
Epoch 18348/20000 | Train Loss 0.008272
Epoch 18349/20000 | Train Loss 0.009132
Epoch 18350/20000 | Train Loss 0.009903
Epoch 18351/20000 | Train Loss 0.009486
Epoch 18352/20000 | Train Loss 0.012706
Epoch 18353/20000 | Train Loss 0.009295
Epoch 18354/20000 | Train Loss 0.010140
Epoch 18355/20000 | Train Loss 0.017964
Epoch 18356/20000 | Train Loss 0.015462
Epoch 18357/20000 | Train Loss 0.018698
Epoch 18358/20000 | Train Loss 0.012010
Epoch 18359/20000 | Train Loss 0.015442
Epoch 18360/20000 | Train Loss 0.023275
Epoch 18361/20000 | Train Loss 0.025825
Epoch 18362/20000 | Train Loss 0.021042
Epoch 18363/20000 | Train Loss 0.019768
Epoch 18364/20000 | Train Loss 0.021980
Epoch 18365/20000 | Train Loss 0.016916
Epoch 18366/20000 | Train Loss 0.013169
Epoch 18367/20000 | Train Loss 0.013939
Epoch 18368/20000 | Train Loss 0.012392
Epoch 18369/20000 | Train Loss 0.014966
Epoch 18370/20000 | Train Loss 0.011246
Epoch 18371/20000 | Train Loss 0.012327
Epoch 18372/20000 | Train Loss 0.011622
Epoch 18373/20000 | Train Loss 0.009599
Epoch 18374/20000 | Train Loss 0.014581
Epoch 18375/20000 | Train Loss 0.018281
Epoch 18376/20000 | Train Loss 0.023845
Epoch 18377/20000 | Train Loss 0.013848
Epoch 18378/20000 | Train Loss 0.013175
Epoch 18379/20000 | Train Loss 0.011236
Epoch 18380/20000 | Train Loss 0.009313
Epoch 18381/20000 | Train Loss 0.009074
Epoch 18382/20000 | Train Loss 0.010593
Epoch 18383/20000 | Train Loss 0.008610
Epoch 18384/20000 | Train Loss 0.020619
Epoch 18385/20000 | Train Loss 0.024422
Epoch 18386/20000 | Train Loss 0.038380
Epoch 18387/20000 | Train Loss 0.042388
Epoch 18388/20000 | Train Loss 0.019618
Epoch 18389/20000 | Train Loss 0.017449
Epoch 18390/20000 | Train Loss 0.022034
Epoch 18391/20000 | Train Loss 0.017542
Epoch 18392/20000 | Train Loss 0.013698
Epoch 18393/20000 | Train Loss 0.016135
Epoch 18394/20000 | Train Loss 0.014140
Epoch 18395/20000 | Train Loss 0.017804
Epoch 18396/20000 | Train Loss 0.010657
Epoch 18397/20000 | Train Loss 0.008816
Epoch 18398/20000 | Train Loss 0.010640
Epoch 18399/20000 | Train Loss 0.012542
Epoch 18400/20000 | Train Loss 0.008817
Epoch 18401/20000 | Train Loss 0.010623
Epoch 18402/20000 | Train Loss 0.013491
Epoch 18403/20000 | Train Loss 0.010530
Epoch 18404/20000 | Train Loss 0.008993
Epoch 18405/20000 | Train Loss 0.009767
Epoch 18406/20000 | Train Loss 0.010155
Epoch 18407/20000 | Train Loss 0.017670
Epoch 18408/20000 | Train Loss 0.018914
Epoch 18409/20000 | Train Loss 0.017858
Epoch 18410/20000 | Train Loss 0.017674
Epoch 18411/20000 | Train Loss 0.021132
Epoch 18412/20000 | Train Loss 0.026122
Epoch 18413/20000 | Train Loss 0.020755
Epoch 18414/20000 | Train Loss 0.019061
Epoch 18415/20000 | Train Loss 0.022997
Epoch 18416/20000 | Train Loss 0.014504
Epoch 18417/20000 | Train Loss 0.014989
Epoch 18418/20000 | Train Loss 0.008283
Epoch 18419/20000 | Train Loss 0.014362
Epoch 18420/20000 | Train Loss 0.011868
Epoch 18421/20000 | Train Loss 0.016270
Epoch 18422/20000 | Train Loss 0.014069
Epoch 18423/20000 | Train Loss 0.011240
Epoch 18424/20000 | Train Loss 0.012093
Epoch 18425/20000 | Train Loss 0.010873
Epoch 18426/20000 | Train Loss 0.013428
Epoch 18427/20000 | Train Loss 0.020946
Epoch 18428/20000 | Train Loss 0.013012
Epoch 18429/20000 | Train Loss 0.011704
Epoch 18430/20000 | Train Loss 0.011467
Epoch 18431/20000 | Train Loss 0.012024
Epoch 18432/20000 | Train Loss 0.010214
Epoch 18433/20000 | Train Loss 0.012535
Epoch 18434/20000 | Train Loss 0.008160
Epoch 18435/20000 | Train Loss 0.010957
Epoch 18436/20000 | Train Loss 0.019555
Epoch 18437/20000 | Train Loss 0.015173
Epoch 18438/20000 | Train Loss 0.014906
Epoch 18439/20000 | Train Loss 0.017803
Epoch 18440/20000 | Train Loss 0.013836
Epoch 18441/20000 | Train Loss 0.015788
Epoch 18442/20000 | Train Loss 0.018387
Epoch 18443/20000 | Train Loss 0.012178
Epoch 18444/20000 | Train Loss 0.014975
Epoch 18445/20000 | Train Loss 0.007451
Epoch 18446/20000 | Train Loss 0.008584
Epoch 18447/20000 | Train Loss 0.009497
Epoch 18448/20000 | Train Loss 0.010662
Epoch 18449/20000 | Train Loss 0.006310
Epoch 18450/20000 | Train Loss 0.005527
Epoch 18451/20000 | Train Loss 0.011161
Epoch 18452/20000 | Train Loss 0.009577
Epoch 18453/20000 | Train Loss 0.010787
Epoch 18454/20000 | Train Loss 0.011089
Epoch 18455/20000 | Train Loss 0.014126
Epoch 18456/20000 | Train Loss 0.016381
Epoch 18457/20000 | Train Loss 0.013052
Epoch 18458/20000 | Train Loss 0.012560
Epoch 18459/20000 | Train Loss 0.010444
Epoch 18460/20000 | Train Loss 0.010933
Epoch 18461/20000 | Train Loss 0.012090
Epoch 18462/20000 | Train Loss 0.011184
Epoch 18463/20000 | Train Loss 0.014816
Epoch 18464/20000 | Train Loss 0.014618
Epoch 18465/20000 | Train Loss 0.017289
Epoch 18466/20000 | Train Loss 0.021517
Epoch 18467/20000 | Train Loss 0.026523
Epoch 18468/20000 | Train Loss 0.027243
Epoch 18469/20000 | Train Loss 0.018406
Epoch 18470/20000 | Train Loss 0.008628
Epoch 18471/20000 | Train Loss 0.010103
Epoch 18472/20000 | Train Loss 0.017051
Epoch 18473/20000 | Train Loss 0.019195
Epoch 18474/20000 | Train Loss 0.035585
Epoch 18475/20000 | Train Loss 0.027736
Epoch 18476/20000 | Train Loss 0.015533
Epoch 18477/20000 | Train Loss 0.063579
Epoch 18478/20000 | Train Loss 0.137158
Epoch 18479/20000 | Train Loss 0.098462
Epoch 18480/20000 | Train Loss 0.071820
Epoch 18481/20000 | Train Loss 0.062494
Epoch 18482/20000 | Train Loss 0.046505
Epoch 18483/20000 | Train Loss 0.055689
Epoch 18484/20000 | Train Loss 0.048276
Epoch 18485/20000 | Train Loss 0.030437
Epoch 18486/20000 | Train Loss 0.021395
Epoch 18487/20000 | Train Loss 0.022359
Epoch 18488/20000 | Train Loss 0.015143
Epoch 18489/20000 | Train Loss 0.021802
Epoch 18490/20000 | Train Loss 0.014612
Epoch 18491/20000 | Train Loss 0.024232
Epoch 18492/20000 | Train Loss 0.024911
Epoch 18493/20000 | Train Loss 0.021212
Epoch 18494/20000 | Train Loss 0.018628
Epoch 18495/20000 | Train Loss 0.021448
Epoch 18496/20000 | Train Loss 0.017668
Epoch 18497/20000 | Train Loss 0.018689
Epoch 18498/20000 | Train Loss 0.014700
Epoch 18499/20000 | Train Loss 0.014419
Epoch 18500/20000 | Train Loss 0.020202
  --> Checkpoint saved at epoch 18500.
Epoch 18501/20000 | Train Loss 0.017998
Epoch 18502/20000 | Train Loss 0.018537
Epoch 18503/20000 | Train Loss 0.016605
Epoch 18504/20000 | Train Loss 0.017540
Epoch 18505/20000 | Train Loss 0.019134
Epoch 18506/20000 | Train Loss 0.019048
Epoch 18507/20000 | Train Loss 0.011833
Epoch 18508/20000 | Train Loss 0.015429
Epoch 18509/20000 | Train Loss 0.015371
Epoch 18510/20000 | Train Loss 0.014814
Epoch 18511/20000 | Train Loss 0.009153
Epoch 18512/20000 | Train Loss 0.009673
Epoch 18513/20000 | Train Loss 0.015606
Epoch 18514/20000 | Train Loss 0.015412
Epoch 18515/20000 | Train Loss 0.017465
Epoch 18516/20000 | Train Loss 0.022430
Epoch 18517/20000 | Train Loss 0.022225
Epoch 18518/20000 | Train Loss 0.025567
Epoch 18519/20000 | Train Loss 0.019464
Epoch 18520/20000 | Train Loss 0.009581
Epoch 18521/20000 | Train Loss 0.010990
Epoch 18522/20000 | Train Loss 0.011899
Epoch 18523/20000 | Train Loss 0.014556
Epoch 18524/20000 | Train Loss 0.023441
Epoch 18525/20000 | Train Loss 0.019332
Epoch 18526/20000 | Train Loss 0.014526
Epoch 18527/20000 | Train Loss 0.012058
Epoch 18528/20000 | Train Loss 0.011631
Epoch 18529/20000 | Train Loss 0.008795
Epoch 18530/20000 | Train Loss 0.011632
Epoch 18531/20000 | Train Loss 0.009219
Epoch 18532/20000 | Train Loss 0.009845
Epoch 18533/20000 | Train Loss 0.008064
Epoch 18534/20000 | Train Loss 0.010218
Epoch 18535/20000 | Train Loss 0.012912
Epoch 18536/20000 | Train Loss 0.014556
Epoch 18537/20000 | Train Loss 0.020565
Epoch 18538/20000 | Train Loss 0.012515
Epoch 18539/20000 | Train Loss 0.014968
Epoch 18540/20000 | Train Loss 0.018552
Epoch 18541/20000 | Train Loss 0.022972
Epoch 18542/20000 | Train Loss 0.019950
Epoch 18543/20000 | Train Loss 0.011567
Epoch 18544/20000 | Train Loss 0.015477
Epoch 18545/20000 | Train Loss 0.019452
Epoch 18546/20000 | Train Loss 0.012640
Epoch 18547/20000 | Train Loss 0.008928
Epoch 18548/20000 | Train Loss 0.016429
Epoch 18549/20000 | Train Loss 0.014285
Epoch 18550/20000 | Train Loss 0.009368
Epoch 18551/20000 | Train Loss 0.007574
Epoch 18552/20000 | Train Loss 0.008565
Epoch 18553/20000 | Train Loss 0.013504
Epoch 18554/20000 | Train Loss 0.010446
Epoch 18555/20000 | Train Loss 0.008696
Epoch 18556/20000 | Train Loss 0.009570
Epoch 18557/20000 | Train Loss 0.009594
Epoch 18558/20000 | Train Loss 0.011237
Epoch 18559/20000 | Train Loss 0.015499
Epoch 18560/20000 | Train Loss 0.013513
Epoch 18561/20000 | Train Loss 0.011417
Epoch 18562/20000 | Train Loss 0.010821
Epoch 18563/20000 | Train Loss 0.013412
Epoch 18564/20000 | Train Loss 0.015452
Epoch 18565/20000 | Train Loss 0.025229
Epoch 18566/20000 | Train Loss 0.021220
Epoch 18567/20000 | Train Loss 0.019692
Epoch 18568/20000 | Train Loss 0.019126
Epoch 18569/20000 | Train Loss 0.021406
Epoch 18570/20000 | Train Loss 0.016237
Epoch 18571/20000 | Train Loss 0.014287
Epoch 18572/20000 | Train Loss 0.016890
Epoch 18573/20000 | Train Loss 0.008621
Epoch 18574/20000 | Train Loss 0.015176
Epoch 18575/20000 | Train Loss 0.014664
Epoch 18576/20000 | Train Loss 0.016530
Epoch 18577/20000 | Train Loss 0.011569
Epoch 18578/20000 | Train Loss 0.008160
Epoch 18579/20000 | Train Loss 0.015138
Epoch 18580/20000 | Train Loss 0.013143
Epoch 18581/20000 | Train Loss 0.017389
Epoch 18582/20000 | Train Loss 0.021665
Epoch 18583/20000 | Train Loss 0.018900
Epoch 18584/20000 | Train Loss 0.014945
Epoch 18585/20000 | Train Loss 0.011300
Epoch 18586/20000 | Train Loss 0.018763
Epoch 18587/20000 | Train Loss 0.017904
Epoch 18588/20000 | Train Loss 0.031791
Epoch 18589/20000 | Train Loss 0.029275
Epoch 18590/20000 | Train Loss 0.024105
Epoch 18591/20000 | Train Loss 0.018005
Epoch 18592/20000 | Train Loss 0.011643
Epoch 18593/20000 | Train Loss 0.015069
Epoch 18594/20000 | Train Loss 0.013828
Epoch 18595/20000 | Train Loss 0.013689
Epoch 18596/20000 | Train Loss 0.012523
Epoch 18597/20000 | Train Loss 0.018387
Epoch 18598/20000 | Train Loss 0.009720
Epoch 18599/20000 | Train Loss 0.008921
Epoch 18600/20000 | Train Loss 0.005465
Epoch 18601/20000 | Train Loss 0.012314
Epoch 18602/20000 | Train Loss 0.011464
Epoch 18603/20000 | Train Loss 0.012429
Epoch 18604/20000 | Train Loss 0.011149
Epoch 18605/20000 | Train Loss 0.008050
Epoch 18606/20000 | Train Loss 0.011344
Epoch 18607/20000 | Train Loss 0.012002
Epoch 18608/20000 | Train Loss 0.010402
Epoch 18609/20000 | Train Loss 0.022702
Epoch 18610/20000 | Train Loss 0.017639
Epoch 18611/20000 | Train Loss 0.015699
Epoch 18612/20000 | Train Loss 0.010312
Epoch 18613/20000 | Train Loss 0.016477
Epoch 18614/20000 | Train Loss 0.011816
Epoch 18615/20000 | Train Loss 0.012039
Epoch 18616/20000 | Train Loss 0.013976
Epoch 18617/20000 | Train Loss 0.012065
Epoch 18618/20000 | Train Loss 0.010619
Epoch 18619/20000 | Train Loss 0.009236
Epoch 18620/20000 | Train Loss 0.011027
Epoch 18621/20000 | Train Loss 0.012445
Epoch 18622/20000 | Train Loss 0.013572
Epoch 18623/20000 | Train Loss 0.018693
Epoch 18624/20000 | Train Loss 0.017265
Epoch 18625/20000 | Train Loss 0.019823
Epoch 18626/20000 | Train Loss 0.013393
Epoch 18627/20000 | Train Loss 0.014507
Epoch 18628/20000 | Train Loss 0.016970
Epoch 18629/20000 | Train Loss 0.019538
Epoch 18630/20000 | Train Loss 0.016854
Epoch 18631/20000 | Train Loss 0.011074
Epoch 18632/20000 | Train Loss 0.016744
Epoch 18633/20000 | Train Loss 0.010384
Epoch 18634/20000 | Train Loss 0.009106
Epoch 18635/20000 | Train Loss 0.020590
Epoch 18636/20000 | Train Loss 0.013275
Epoch 18637/20000 | Train Loss 0.018421
Epoch 18638/20000 | Train Loss 0.015092
Epoch 18639/20000 | Train Loss 0.011798
Epoch 18640/20000 | Train Loss 0.015847
Epoch 18641/20000 | Train Loss 0.019480
Epoch 18642/20000 | Train Loss 0.020751
Epoch 18643/20000 | Train Loss 0.011890
Epoch 18644/20000 | Train Loss 0.010717
Epoch 18645/20000 | Train Loss 0.008316
Epoch 18646/20000 | Train Loss 0.011023
Epoch 18647/20000 | Train Loss 0.011003
Epoch 18648/20000 | Train Loss 0.012054
Epoch 18649/20000 | Train Loss 0.010031
Epoch 18650/20000 | Train Loss 0.008967
Epoch 18651/20000 | Train Loss 0.011271
Epoch 18652/20000 | Train Loss 0.018320
Epoch 18653/20000 | Train Loss 0.025841
Epoch 18654/20000 | Train Loss 0.034012
Epoch 18655/20000 | Train Loss 0.021771
Epoch 18656/20000 | Train Loss 0.016076
Epoch 18657/20000 | Train Loss 0.014099
Epoch 18658/20000 | Train Loss 0.016505
Epoch 18659/20000 | Train Loss 0.011317
Epoch 18660/20000 | Train Loss 0.007944
Epoch 18661/20000 | Train Loss 0.008896
Epoch 18662/20000 | Train Loss 0.008660
Epoch 18663/20000 | Train Loss 0.017309
Epoch 18664/20000 | Train Loss 0.019602
Epoch 18665/20000 | Train Loss 0.033783
Epoch 18666/20000 | Train Loss 0.019826
Epoch 18667/20000 | Train Loss 0.018317
Epoch 18668/20000 | Train Loss 0.015092
Epoch 18669/20000 | Train Loss 0.015091
Epoch 18670/20000 | Train Loss 0.017037
Epoch 18671/20000 | Train Loss 0.015612
Epoch 18672/20000 | Train Loss 0.015971
Epoch 18673/20000 | Train Loss 0.010066
Epoch 18674/20000 | Train Loss 0.014405
Epoch 18675/20000 | Train Loss 0.014586
Epoch 18676/20000 | Train Loss 0.016980
Epoch 18677/20000 | Train Loss 0.016553
Epoch 18678/20000 | Train Loss 0.016314
Epoch 18679/20000 | Train Loss 0.011741
Epoch 18680/20000 | Train Loss 0.014280
Epoch 18681/20000 | Train Loss 0.013690
Epoch 18682/20000 | Train Loss 0.015352
Epoch 18683/20000 | Train Loss 0.012387
Epoch 18684/20000 | Train Loss 0.023876
Epoch 18685/20000 | Train Loss 0.021719
Epoch 18686/20000 | Train Loss 0.019073
Epoch 18687/20000 | Train Loss 0.014897
Epoch 18688/20000 | Train Loss 0.012801
Epoch 18689/20000 | Train Loss 0.010036
Epoch 18690/20000 | Train Loss 0.011821
Epoch 18691/20000 | Train Loss 0.008432
Epoch 18692/20000 | Train Loss 0.011384
Epoch 18693/20000 | Train Loss 0.009442
Epoch 18694/20000 | Train Loss 0.010883
Epoch 18695/20000 | Train Loss 0.010685
Epoch 18696/20000 | Train Loss 0.015346
Epoch 18697/20000 | Train Loss 0.012297
Epoch 18698/20000 | Train Loss 0.012781
Epoch 18699/20000 | Train Loss 0.011441
Epoch 18700/20000 | Train Loss 0.016970
Epoch 18701/20000 | Train Loss 0.018394
Epoch 18702/20000 | Train Loss 0.024001
Epoch 18703/20000 | Train Loss 0.019763
Epoch 18704/20000 | Train Loss 0.017523
Epoch 18705/20000 | Train Loss 0.021500
Epoch 18706/20000 | Train Loss 0.022891
Epoch 18707/20000 | Train Loss 0.014924
Epoch 18708/20000 | Train Loss 0.024768
Epoch 18709/20000 | Train Loss 0.025938
Epoch 18710/20000 | Train Loss 0.017203
Epoch 18711/20000 | Train Loss 0.020623
Epoch 18712/20000 | Train Loss 0.020724
Epoch 18713/20000 | Train Loss 0.015577
Epoch 18714/20000 | Train Loss 0.014446
Epoch 18715/20000 | Train Loss 0.012337
Epoch 18716/20000 | Train Loss 0.013428
Epoch 18717/20000 | Train Loss 0.011129
Epoch 18718/20000 | Train Loss 0.020161
Epoch 18719/20000 | Train Loss 0.015795
Epoch 18720/20000 | Train Loss 0.013802
Epoch 18721/20000 | Train Loss 0.017687
Epoch 18722/20000 | Train Loss 0.012497
Epoch 18723/20000 | Train Loss 0.016080
Epoch 18724/20000 | Train Loss 0.018800
Epoch 18725/20000 | Train Loss 0.017849
Epoch 18726/20000 | Train Loss 0.017484
Epoch 18727/20000 | Train Loss 0.014509
Epoch 18728/20000 | Train Loss 0.012364
Epoch 18729/20000 | Train Loss 0.012892
Epoch 18730/20000 | Train Loss 0.016200
Epoch 18731/20000 | Train Loss 0.024127
Epoch 18732/20000 | Train Loss 0.025627
Epoch 18733/20000 | Train Loss 0.033481
Epoch 18734/20000 | Train Loss 0.023540
Epoch 18735/20000 | Train Loss 0.015798
Epoch 18736/20000 | Train Loss 0.017394
Epoch 18737/20000 | Train Loss 0.015339
Epoch 18738/20000 | Train Loss 0.017232
Epoch 18739/20000 | Train Loss 0.010840
Epoch 18740/20000 | Train Loss 0.026520
Epoch 18741/20000 | Train Loss 0.029370
Epoch 18742/20000 | Train Loss 0.018393
Epoch 18743/20000 | Train Loss 0.015623
Epoch 18744/20000 | Train Loss 0.020363
Epoch 18745/20000 | Train Loss 0.022577
Epoch 18746/20000 | Train Loss 0.012125
Epoch 18747/20000 | Train Loss 0.021861
Epoch 18748/20000 | Train Loss 0.022871
Epoch 18749/20000 | Train Loss 0.013352
Epoch 18750/20000 | Train Loss 0.011735
Epoch 18751/20000 | Train Loss 0.011846
Epoch 18752/20000 | Train Loss 0.037196
Epoch 18753/20000 | Train Loss 0.019077
Epoch 18754/20000 | Train Loss 0.040785
Epoch 18755/20000 | Train Loss 0.032589
Epoch 18756/20000 | Train Loss 0.022652
Epoch 18757/20000 | Train Loss 0.017224
Epoch 18758/20000 | Train Loss 0.011999
Epoch 18759/20000 | Train Loss 0.012374
Epoch 18760/20000 | Train Loss 0.016560
Epoch 18761/20000 | Train Loss 0.011153
Epoch 18762/20000 | Train Loss 0.011927
Epoch 18763/20000 | Train Loss 0.016597
Epoch 18764/20000 | Train Loss 0.018489
Epoch 18765/20000 | Train Loss 0.025052
Epoch 18766/20000 | Train Loss 0.028420
Epoch 18767/20000 | Train Loss 0.023291
Epoch 18768/20000 | Train Loss 0.015872
Epoch 18769/20000 | Train Loss 0.013611
Epoch 18770/20000 | Train Loss 0.016072
Epoch 18771/20000 | Train Loss 0.013444
Epoch 18772/20000 | Train Loss 0.013849
Epoch 18773/20000 | Train Loss 0.011832
Epoch 18774/20000 | Train Loss 0.010759
Epoch 18775/20000 | Train Loss 0.009605
Epoch 18776/20000 | Train Loss 0.011250
Epoch 18777/20000 | Train Loss 0.014459
Epoch 18778/20000 | Train Loss 0.013350
Epoch 18779/20000 | Train Loss 0.012334
Epoch 18780/20000 | Train Loss 0.011304
Epoch 18781/20000 | Train Loss 0.015697
Epoch 18782/20000 | Train Loss 0.015198
Epoch 18783/20000 | Train Loss 0.011464
Epoch 18784/20000 | Train Loss 0.009145
Epoch 18785/20000 | Train Loss 0.009996
Epoch 18786/20000 | Train Loss 0.014714
Epoch 18787/20000 | Train Loss 0.013414
Epoch 18788/20000 | Train Loss 0.013420
Epoch 18789/20000 | Train Loss 0.014637
Epoch 18790/20000 | Train Loss 0.014512
Epoch 18791/20000 | Train Loss 0.015658
Epoch 18792/20000 | Train Loss 0.020934
Epoch 18793/20000 | Train Loss 0.024219
Epoch 18794/20000 | Train Loss 0.017249
Epoch 18795/20000 | Train Loss 0.010881
Epoch 18796/20000 | Train Loss 0.016149
Epoch 18797/20000 | Train Loss 0.013664
Epoch 18798/20000 | Train Loss 0.011921
Epoch 18799/20000 | Train Loss 0.015392
Epoch 18800/20000 | Train Loss 0.009672
Epoch 18801/20000 | Train Loss 0.012892
Epoch 18802/20000 | Train Loss 0.009805
Epoch 18803/20000 | Train Loss 0.013518
Epoch 18804/20000 | Train Loss 0.011237
Epoch 18805/20000 | Train Loss 0.010018
Epoch 18806/20000 | Train Loss 0.010420
Epoch 18807/20000 | Train Loss 0.015194
Epoch 18808/20000 | Train Loss 0.017568
Epoch 18809/20000 | Train Loss 0.017860
Epoch 18810/20000 | Train Loss 0.016722
Epoch 18811/20000 | Train Loss 0.016638
Epoch 18812/20000 | Train Loss 0.011053
Epoch 18813/20000 | Train Loss 0.009732
Epoch 18814/20000 | Train Loss 0.010000
Epoch 18815/20000 | Train Loss 0.010057
Epoch 18816/20000 | Train Loss 0.015067
Epoch 18817/20000 | Train Loss 0.017151
Epoch 18818/20000 | Train Loss 0.016446
Epoch 18819/20000 | Train Loss 0.017741
Epoch 18820/20000 | Train Loss 0.012620
Epoch 18821/20000 | Train Loss 0.017230
Epoch 18822/20000 | Train Loss 0.011873
Epoch 18823/20000 | Train Loss 0.012801
Epoch 18824/20000 | Train Loss 0.017266
Epoch 18825/20000 | Train Loss 0.017583
Epoch 18826/20000 | Train Loss 0.019519
Epoch 18827/20000 | Train Loss 0.012998
Epoch 18828/20000 | Train Loss 0.014806
Epoch 18829/20000 | Train Loss 0.010550
Epoch 18830/20000 | Train Loss 0.011517
Epoch 18831/20000 | Train Loss 0.017317
Epoch 18832/20000 | Train Loss 0.012311
Epoch 18833/20000 | Train Loss 0.009365
Epoch 18834/20000 | Train Loss 0.012378
Epoch 18835/20000 | Train Loss 0.010264
Epoch 18836/20000 | Train Loss 0.012848
Epoch 18837/20000 | Train Loss 0.009072
Epoch 18838/20000 | Train Loss 0.008583
Epoch 18839/20000 | Train Loss 0.008896
Epoch 18840/20000 | Train Loss 0.009486
Epoch 18841/20000 | Train Loss 0.013892
Epoch 18842/20000 | Train Loss 0.013870
Epoch 18843/20000 | Train Loss 0.014676
Epoch 18844/20000 | Train Loss 0.012375
Epoch 18845/20000 | Train Loss 0.009177
Epoch 18846/20000 | Train Loss 0.015729
Epoch 18847/20000 | Train Loss 0.012303
Epoch 18848/20000 | Train Loss 0.011924
Epoch 18849/20000 | Train Loss 0.012245
Epoch 18850/20000 | Train Loss 0.019311
Epoch 18851/20000 | Train Loss 0.020774
Epoch 18852/20000 | Train Loss 0.013646
Epoch 18853/20000 | Train Loss 0.011058
Epoch 18854/20000 | Train Loss 0.009739
Epoch 18855/20000 | Train Loss 0.011590
Epoch 18856/20000 | Train Loss 0.017340
Epoch 18857/20000 | Train Loss 0.027383
Epoch 18858/20000 | Train Loss 0.022416
Epoch 18859/20000 | Train Loss 0.025214
Epoch 18860/20000 | Train Loss 0.022057
Epoch 18861/20000 | Train Loss 0.015756
Epoch 18862/20000 | Train Loss 0.017647
Epoch 18863/20000 | Train Loss 0.015408
Epoch 18864/20000 | Train Loss 0.018123
Epoch 18865/20000 | Train Loss 0.028477
Epoch 18866/20000 | Train Loss 0.032563
Epoch 18867/20000 | Train Loss 0.021985
Epoch 18868/20000 | Train Loss 0.018378
Epoch 18869/20000 | Train Loss 0.022681
Epoch 18870/20000 | Train Loss 0.024488
Epoch 18871/20000 | Train Loss 0.012285
Epoch 18872/20000 | Train Loss 0.009394
Epoch 18873/20000 | Train Loss 0.016804
Epoch 18874/20000 | Train Loss 0.009980
Epoch 18875/20000 | Train Loss 0.013248
Epoch 18876/20000 | Train Loss 0.010200
Epoch 18877/20000 | Train Loss 0.012460
Epoch 18878/20000 | Train Loss 0.010464
Epoch 18879/20000 | Train Loss 0.013748
Epoch 18880/20000 | Train Loss 0.017247
Epoch 18881/20000 | Train Loss 0.020307
Epoch 18882/20000 | Train Loss 0.019655
Epoch 18883/20000 | Train Loss 0.014263
Epoch 18884/20000 | Train Loss 0.011049
Epoch 18885/20000 | Train Loss 0.014008
Epoch 18886/20000 | Train Loss 0.013189
Epoch 18887/20000 | Train Loss 0.018093
Epoch 18888/20000 | Train Loss 0.017155
Epoch 18889/20000 | Train Loss 0.012868
Epoch 18890/20000 | Train Loss 0.012477
Epoch 18891/20000 | Train Loss 0.008665
Epoch 18892/20000 | Train Loss 0.007872
Epoch 18893/20000 | Train Loss 0.009983
Epoch 18894/20000 | Train Loss 0.009404
Epoch 18895/20000 | Train Loss 0.011765
Epoch 18896/20000 | Train Loss 0.010766
Epoch 18897/20000 | Train Loss 0.008142
Epoch 18898/20000 | Train Loss 0.010416
Epoch 18899/20000 | Train Loss 0.008327
Epoch 18900/20000 | Train Loss 0.010990
Epoch 18901/20000 | Train Loss 0.012087
Epoch 18902/20000 | Train Loss 0.016156
Epoch 18903/20000 | Train Loss 0.011665
Epoch 18904/20000 | Train Loss 0.012422
Epoch 18905/20000 | Train Loss 0.014395
Epoch 18906/20000 | Train Loss 0.012779
Epoch 18907/20000 | Train Loss 0.012344
Epoch 18908/20000 | Train Loss 0.013096
Epoch 18909/20000 | Train Loss 0.015715
Epoch 18910/20000 | Train Loss 0.021229
Epoch 18911/20000 | Train Loss 0.025965
Epoch 18912/20000 | Train Loss 0.019646
Epoch 18913/20000 | Train Loss 0.020516
Epoch 18914/20000 | Train Loss 0.019640
Epoch 18915/20000 | Train Loss 0.014788
Epoch 18916/20000 | Train Loss 0.013809
Epoch 18917/20000 | Train Loss 0.017740
Epoch 18918/20000 | Train Loss 0.021737
Epoch 18919/20000 | Train Loss 0.022517
Epoch 18920/20000 | Train Loss 0.021043
Epoch 18921/20000 | Train Loss 0.013343
Epoch 18922/20000 | Train Loss 0.012246
Epoch 18923/20000 | Train Loss 0.014666
Epoch 18924/20000 | Train Loss 0.013740
Epoch 18925/20000 | Train Loss 0.016438
Epoch 18926/20000 | Train Loss 0.014540
Epoch 18927/20000 | Train Loss 0.018397
Epoch 18928/20000 | Train Loss 0.019977
Epoch 18929/20000 | Train Loss 0.014520
Epoch 18930/20000 | Train Loss 0.016864
Epoch 18931/20000 | Train Loss 0.012012
Epoch 18932/20000 | Train Loss 0.008148
Epoch 18933/20000 | Train Loss 0.010476
Epoch 18934/20000 | Train Loss 0.016568
Epoch 18935/20000 | Train Loss 0.012530
Epoch 18936/20000 | Train Loss 0.013007
Epoch 18937/20000 | Train Loss 0.009894
Epoch 18938/20000 | Train Loss 0.018897
Epoch 18939/20000 | Train Loss 0.017818
Epoch 18940/20000 | Train Loss 0.020223
Epoch 18941/20000 | Train Loss 0.012717
Epoch 18942/20000 | Train Loss 0.014563
Epoch 18943/20000 | Train Loss 0.017111
Epoch 18944/20000 | Train Loss 0.012913
Epoch 18945/20000 | Train Loss 0.013697
Epoch 18946/20000 | Train Loss 0.013906
Epoch 18947/20000 | Train Loss 0.016769
Epoch 18948/20000 | Train Loss 0.012146
Epoch 18949/20000 | Train Loss 0.014287
Epoch 18950/20000 | Train Loss 0.014896
Epoch 18951/20000 | Train Loss 0.013782
Epoch 18952/20000 | Train Loss 0.014448
Epoch 18953/20000 | Train Loss 0.013404
Epoch 18954/20000 | Train Loss 0.011381
Epoch 18955/20000 | Train Loss 0.010091
Epoch 18956/20000 | Train Loss 0.011619
Epoch 18957/20000 | Train Loss 0.012163
Epoch 18958/20000 | Train Loss 0.006171
Epoch 18959/20000 | Train Loss 0.011304
Epoch 18960/20000 | Train Loss 0.010565
Epoch 18961/20000 | Train Loss 0.011036
Epoch 18962/20000 | Train Loss 0.010391
Epoch 18963/20000 | Train Loss 0.008394
Epoch 18964/20000 | Train Loss 0.010060
Epoch 18965/20000 | Train Loss 0.008858
Epoch 18966/20000 | Train Loss 0.010052
Epoch 18967/20000 | Train Loss 0.013860
Epoch 18968/20000 | Train Loss 0.013085
Epoch 18969/20000 | Train Loss 0.017122
Epoch 18970/20000 | Train Loss 0.010130
Epoch 18971/20000 | Train Loss 0.011312
Epoch 18972/20000 | Train Loss 0.011956
Epoch 18973/20000 | Train Loss 0.018203
Epoch 18974/20000 | Train Loss 0.013832
Epoch 18975/20000 | Train Loss 0.010843
Epoch 18976/20000 | Train Loss 0.008770
Epoch 18977/20000 | Train Loss 0.008359
Epoch 18978/20000 | Train Loss 0.015111
Epoch 18979/20000 | Train Loss 0.010623
Epoch 18980/20000 | Train Loss 0.010242
Epoch 18981/20000 | Train Loss 0.010226
Epoch 18982/20000 | Train Loss 0.008889
Epoch 18983/20000 | Train Loss 0.012341
Epoch 18984/20000 | Train Loss 0.014643
Epoch 18985/20000 | Train Loss 0.010945
Epoch 18986/20000 | Train Loss 0.013492
Epoch 18987/20000 | Train Loss 0.012936
Epoch 18988/20000 | Train Loss 0.013692
Epoch 18989/20000 | Train Loss 0.016784
Epoch 18990/20000 | Train Loss 0.034091
Epoch 18991/20000 | Train Loss 0.025328
Epoch 18992/20000 | Train Loss 0.014591
Epoch 18993/20000 | Train Loss 0.011644
Epoch 18994/20000 | Train Loss 0.011680
Epoch 18995/20000 | Train Loss 0.015453
Epoch 18996/20000 | Train Loss 0.017918
Epoch 18997/20000 | Train Loss 0.020051
Epoch 18998/20000 | Train Loss 0.025931
Epoch 18999/20000 | Train Loss 0.038856
Epoch 19000/20000 | Train Loss 0.055152
  --> Checkpoint saved at epoch 19000.
Epoch 19001/20000 | Train Loss 0.115085
Epoch 19002/20000 | Train Loss 0.089805
Epoch 19003/20000 | Train Loss 0.040949
Epoch 19004/20000 | Train Loss 0.053067
Epoch 19005/20000 | Train Loss 0.041287
Epoch 19006/20000 | Train Loss 0.020782
Epoch 19007/20000 | Train Loss 0.026457
Epoch 19008/20000 | Train Loss 0.015862
Epoch 19009/20000 | Train Loss 0.018017
Epoch 19010/20000 | Train Loss 0.016980
Epoch 19011/20000 | Train Loss 0.014426
Epoch 19012/20000 | Train Loss 0.014035
Epoch 19013/20000 | Train Loss 0.011699
Epoch 19014/20000 | Train Loss 0.011668
Epoch 19015/20000 | Train Loss 0.015685
Epoch 19016/20000 | Train Loss 0.015171
Epoch 19017/20000 | Train Loss 0.013254
Epoch 19018/20000 | Train Loss 0.012980
Epoch 19019/20000 | Train Loss 0.018021
Epoch 19020/20000 | Train Loss 0.014434
Epoch 19021/20000 | Train Loss 0.013908
Epoch 19022/20000 | Train Loss 0.013972
Epoch 19023/20000 | Train Loss 0.015426
Epoch 19024/20000 | Train Loss 0.013003
Epoch 19025/20000 | Train Loss 0.012388
Epoch 19026/20000 | Train Loss 0.008717
Epoch 19027/20000 | Train Loss 0.014061
Epoch 19028/20000 | Train Loss 0.017389
Epoch 19029/20000 | Train Loss 0.026799
Epoch 19030/20000 | Train Loss 0.024578
Epoch 19031/20000 | Train Loss 0.024946
Epoch 19032/20000 | Train Loss 0.013442
Epoch 19033/20000 | Train Loss 0.011276
Epoch 19034/20000 | Train Loss 0.022805
Epoch 19035/20000 | Train Loss 0.013089
Epoch 19036/20000 | Train Loss 0.012794
Epoch 19037/20000 | Train Loss 0.013451
Epoch 19038/20000 | Train Loss 0.016800
Epoch 19039/20000 | Train Loss 0.016819
Epoch 19040/20000 | Train Loss 0.013657
Epoch 19041/20000 | Train Loss 0.016169
Epoch 19042/20000 | Train Loss 0.011186
Epoch 19043/20000 | Train Loss 0.014284
Epoch 19044/20000 | Train Loss 0.015167
Epoch 19045/20000 | Train Loss 0.014140
Epoch 19046/20000 | Train Loss 0.013014
Epoch 19047/20000 | Train Loss 0.016275
Epoch 19048/20000 | Train Loss 0.026943
Epoch 19049/20000 | Train Loss 0.028093
Epoch 19050/20000 | Train Loss 0.021203
Epoch 19051/20000 | Train Loss 0.014871
Epoch 19052/20000 | Train Loss 0.015729
Epoch 19053/20000 | Train Loss 0.021844
Epoch 19054/20000 | Train Loss 0.013843
Epoch 19055/20000 | Train Loss 0.009902
Epoch 19056/20000 | Train Loss 0.013430
Epoch 19057/20000 | Train Loss 0.011158
Epoch 19058/20000 | Train Loss 0.018608
Epoch 19059/20000 | Train Loss 0.010026
Epoch 19060/20000 | Train Loss 0.011589
Epoch 19061/20000 | Train Loss 0.021770
Epoch 19062/20000 | Train Loss 0.008366
Epoch 19063/20000 | Train Loss 0.012845
Epoch 19064/20000 | Train Loss 0.013103
Epoch 19065/20000 | Train Loss 0.010383
Epoch 19066/20000 | Train Loss 0.021677
Epoch 19067/20000 | Train Loss 0.022272
Epoch 19068/20000 | Train Loss 0.028571
Epoch 19069/20000 | Train Loss 0.022917
Epoch 19070/20000 | Train Loss 0.015088
Epoch 19071/20000 | Train Loss 0.009946
Epoch 19072/20000 | Train Loss 0.013405
Epoch 19073/20000 | Train Loss 0.012590
Epoch 19074/20000 | Train Loss 0.017460
Epoch 19075/20000 | Train Loss 0.009256
Epoch 19076/20000 | Train Loss 0.010034
Epoch 19077/20000 | Train Loss 0.007503
Epoch 19078/20000 | Train Loss 0.010901
Epoch 19079/20000 | Train Loss 0.013259
Epoch 19080/20000 | Train Loss 0.013139
Epoch 19081/20000 | Train Loss 0.011603
Epoch 19082/20000 | Train Loss 0.008302
Epoch 19083/20000 | Train Loss 0.009814
Epoch 19084/20000 | Train Loss 0.009127
Epoch 19085/20000 | Train Loss 0.021322
Epoch 19086/20000 | Train Loss 0.011630
Epoch 19087/20000 | Train Loss 0.010596
Epoch 19088/20000 | Train Loss 0.013175
Epoch 19089/20000 | Train Loss 0.008900
Epoch 19090/20000 | Train Loss 0.011155
Epoch 19091/20000 | Train Loss 0.019071
Epoch 19092/20000 | Train Loss 0.032306
Epoch 19093/20000 | Train Loss 0.040825
Epoch 19094/20000 | Train Loss 0.029248
Epoch 19095/20000 | Train Loss 0.015276
Epoch 19096/20000 | Train Loss 0.014186
Epoch 19097/20000 | Train Loss 0.011554
Epoch 19098/20000 | Train Loss 0.013844
Epoch 19099/20000 | Train Loss 0.017993
Epoch 19100/20000 | Train Loss 0.016750
Epoch 19101/20000 | Train Loss 0.015595
Epoch 19102/20000 | Train Loss 0.021219
Epoch 19103/20000 | Train Loss 0.013084
Epoch 19104/20000 | Train Loss 0.013272
Epoch 19105/20000 | Train Loss 0.018823
Epoch 19106/20000 | Train Loss 0.009645
Epoch 19107/20000 | Train Loss 0.013013
Epoch 19108/20000 | Train Loss 0.017966
Epoch 19109/20000 | Train Loss 0.025183
Epoch 19110/20000 | Train Loss 0.026125
Epoch 19111/20000 | Train Loss 0.027456
Epoch 19112/20000 | Train Loss 0.025857
Epoch 19113/20000 | Train Loss 0.011732
Epoch 19114/20000 | Train Loss 0.010268
Epoch 19115/20000 | Train Loss 0.015869
Epoch 19116/20000 | Train Loss 0.011636
Epoch 19117/20000 | Train Loss 0.016828
Epoch 19118/20000 | Train Loss 0.009825
Epoch 19119/20000 | Train Loss 0.012059
Epoch 19120/20000 | Train Loss 0.010665
Epoch 19121/20000 | Train Loss 0.012080
Epoch 19122/20000 | Train Loss 0.009641
Epoch 19123/20000 | Train Loss 0.008251
Epoch 19124/20000 | Train Loss 0.013247
Epoch 19125/20000 | Train Loss 0.008730
Epoch 19126/20000 | Train Loss 0.008173
Epoch 19127/20000 | Train Loss 0.014474
Epoch 19128/20000 | Train Loss 0.009105
Epoch 19129/20000 | Train Loss 0.011321
Epoch 19130/20000 | Train Loss 0.018445
Epoch 19131/20000 | Train Loss 0.015505
Epoch 19132/20000 | Train Loss 0.016704
Epoch 19133/20000 | Train Loss 0.026372
Epoch 19134/20000 | Train Loss 0.052555
Epoch 19135/20000 | Train Loss 0.071847
Epoch 19136/20000 | Train Loss 0.075638
Epoch 19137/20000 | Train Loss 0.047854
Epoch 19138/20000 | Train Loss 0.051894
Epoch 19139/20000 | Train Loss 0.025407
Epoch 19140/20000 | Train Loss 0.030203
Epoch 19141/20000 | Train Loss 0.023697
Epoch 19142/20000 | Train Loss 0.015793
Epoch 19143/20000 | Train Loss 0.018406
Epoch 19144/20000 | Train Loss 0.017669
Epoch 19145/20000 | Train Loss 0.014895
Epoch 19146/20000 | Train Loss 0.014968
Epoch 19147/20000 | Train Loss 0.013915
Epoch 19148/20000 | Train Loss 0.015260
Epoch 19149/20000 | Train Loss 0.014517
Epoch 19150/20000 | Train Loss 0.016621
Epoch 19151/20000 | Train Loss 0.018696
Epoch 19152/20000 | Train Loss 0.012516
Epoch 19153/20000 | Train Loss 0.021755
Epoch 19154/20000 | Train Loss 0.017080
Epoch 19155/20000 | Train Loss 0.014133
Epoch 19156/20000 | Train Loss 0.013452
Epoch 19157/20000 | Train Loss 0.010975
Epoch 19158/20000 | Train Loss 0.009653
Epoch 19159/20000 | Train Loss 0.009859
Epoch 19160/20000 | Train Loss 0.006350
Epoch 19161/20000 | Train Loss 0.006815
Epoch 19162/20000 | Train Loss 0.008450
Epoch 19163/20000 | Train Loss 0.009545
Epoch 19164/20000 | Train Loss 0.012252
Epoch 19165/20000 | Train Loss 0.009701
Epoch 19166/20000 | Train Loss 0.010430
Epoch 19167/20000 | Train Loss 0.011142
Epoch 19168/20000 | Train Loss 0.016228
Epoch 19169/20000 | Train Loss 0.012515
Epoch 19170/20000 | Train Loss 0.010848
Epoch 19171/20000 | Train Loss 0.011825
Epoch 19172/20000 | Train Loss 0.010009
Epoch 19173/20000 | Train Loss 0.011817
Epoch 19174/20000 | Train Loss 0.015019
Epoch 19175/20000 | Train Loss 0.018022
Epoch 19176/20000 | Train Loss 0.011185
Epoch 19177/20000 | Train Loss 0.007901
Epoch 19178/20000 | Train Loss 0.011341
Epoch 19179/20000 | Train Loss 0.016070
Epoch 19180/20000 | Train Loss 0.012637
Epoch 19181/20000 | Train Loss 0.017437
Epoch 19182/20000 | Train Loss 0.011857
Epoch 19183/20000 | Train Loss 0.010677
Epoch 19184/20000 | Train Loss 0.014198
Epoch 19185/20000 | Train Loss 0.016822
Epoch 19186/20000 | Train Loss 0.017197
Epoch 19187/20000 | Train Loss 0.013436
Epoch 19188/20000 | Train Loss 0.015321
Epoch 19189/20000 | Train Loss 0.007510
Epoch 19190/20000 | Train Loss 0.008585
Epoch 19191/20000 | Train Loss 0.013006
Epoch 19192/20000 | Train Loss 0.007588
Epoch 19193/20000 | Train Loss 0.008888
Epoch 19194/20000 | Train Loss 0.009839
Epoch 19195/20000 | Train Loss 0.008784
Epoch 19196/20000 | Train Loss 0.018195
Epoch 19197/20000 | Train Loss 0.012562
Epoch 19198/20000 | Train Loss 0.009640
Epoch 19199/20000 | Train Loss 0.006318
Epoch 19200/20000 | Train Loss 0.010783
Epoch 19201/20000 | Train Loss 0.015798
Epoch 19202/20000 | Train Loss 0.021130
Epoch 19203/20000 | Train Loss 0.011839
Epoch 19204/20000 | Train Loss 0.016011
Epoch 19205/20000 | Train Loss 0.009116
Epoch 19206/20000 | Train Loss 0.010726
Epoch 19207/20000 | Train Loss 0.020002
Epoch 19208/20000 | Train Loss 0.013504
Epoch 19209/20000 | Train Loss 0.013788
Epoch 19210/20000 | Train Loss 0.018386
Epoch 19211/20000 | Train Loss 0.017158
Epoch 19212/20000 | Train Loss 0.018821
Epoch 19213/20000 | Train Loss 0.017606
Epoch 19214/20000 | Train Loss 0.017195
Epoch 19215/20000 | Train Loss 0.022869
Epoch 19216/20000 | Train Loss 0.024555
Epoch 19217/20000 | Train Loss 0.026140
Epoch 19218/20000 | Train Loss 0.013116
Epoch 19219/20000 | Train Loss 0.013695
Epoch 19220/20000 | Train Loss 0.015462
Epoch 19221/20000 | Train Loss 0.012577
Epoch 19222/20000 | Train Loss 0.014268
Epoch 19223/20000 | Train Loss 0.009990
Epoch 19224/20000 | Train Loss 0.007382
Epoch 19225/20000 | Train Loss 0.009192
Epoch 19226/20000 | Train Loss 0.009554
Epoch 19227/20000 | Train Loss 0.010543
Epoch 19228/20000 | Train Loss 0.009049
Epoch 19229/20000 | Train Loss 0.010603
Epoch 19230/20000 | Train Loss 0.006863
Epoch 19231/20000 | Train Loss 0.007892
Epoch 19232/20000 | Train Loss 0.008400
Epoch 19233/20000 | Train Loss 0.009145
Epoch 19234/20000 | Train Loss 0.014045
Epoch 19235/20000 | Train Loss 0.012786
Epoch 19236/20000 | Train Loss 0.016985
Epoch 19237/20000 | Train Loss 0.021308
Epoch 19238/20000 | Train Loss 0.015870
Epoch 19239/20000 | Train Loss 0.016496
Epoch 19240/20000 | Train Loss 0.018110
Epoch 19241/20000 | Train Loss 0.011234
Epoch 19242/20000 | Train Loss 0.016581
Epoch 19243/20000 | Train Loss 0.011681
Epoch 19244/20000 | Train Loss 0.012242
Epoch 19245/20000 | Train Loss 0.008438
Epoch 19246/20000 | Train Loss 0.011288
Epoch 19247/20000 | Train Loss 0.015057
Epoch 19248/20000 | Train Loss 0.013933
Epoch 19249/20000 | Train Loss 0.019887
Epoch 19250/20000 | Train Loss 0.016651
Epoch 19251/20000 | Train Loss 0.018465
Epoch 19252/20000 | Train Loss 0.011077
Epoch 19253/20000 | Train Loss 0.013398
Epoch 19254/20000 | Train Loss 0.019693
Epoch 19255/20000 | Train Loss 0.013972
Epoch 19256/20000 | Train Loss 0.020095
Epoch 19257/20000 | Train Loss 0.014588
Epoch 19258/20000 | Train Loss 0.015556
Epoch 19259/20000 | Train Loss 0.014576
Epoch 19260/20000 | Train Loss 0.015648
Epoch 19261/20000 | Train Loss 0.013906
Epoch 19262/20000 | Train Loss 0.020328
Epoch 19263/20000 | Train Loss 0.023299
Epoch 19264/20000 | Train Loss 0.012009
Epoch 19265/20000 | Train Loss 0.015362
Epoch 19266/20000 | Train Loss 0.012805
Epoch 19267/20000 | Train Loss 0.010460
Epoch 19268/20000 | Train Loss 0.010307
Epoch 19269/20000 | Train Loss 0.015089
Epoch 19270/20000 | Train Loss 0.013508
Epoch 19271/20000 | Train Loss 0.024418
Epoch 19272/20000 | Train Loss 0.012198
Epoch 19273/20000 | Train Loss 0.016085
Epoch 19274/20000 | Train Loss 0.015811
Epoch 19275/20000 | Train Loss 0.019864
Epoch 19276/20000 | Train Loss 0.018824
Epoch 19277/20000 | Train Loss 0.023844
Epoch 19278/20000 | Train Loss 0.021004
Epoch 19279/20000 | Train Loss 0.021966
Epoch 19280/20000 | Train Loss 0.050796
Epoch 19281/20000 | Train Loss 0.031750
Epoch 19282/20000 | Train Loss 0.022949
Epoch 19283/20000 | Train Loss 0.020100
Epoch 19284/20000 | Train Loss 0.013099
Epoch 19285/20000 | Train Loss 0.011928
Epoch 19286/20000 | Train Loss 0.014940
Epoch 19287/20000 | Train Loss 0.016506
Epoch 19288/20000 | Train Loss 0.016887
Epoch 19289/20000 | Train Loss 0.009851
Epoch 19290/20000 | Train Loss 0.016863
Epoch 19291/20000 | Train Loss 0.015087
Epoch 19292/20000 | Train Loss 0.013775
Epoch 19293/20000 | Train Loss 0.019759
Epoch 19294/20000 | Train Loss 0.022638
Epoch 19295/20000 | Train Loss 0.029831
Epoch 19296/20000 | Train Loss 0.031370
Epoch 19297/20000 | Train Loss 0.022022
Epoch 19298/20000 | Train Loss 0.012636
Epoch 19299/20000 | Train Loss 0.012143
Epoch 19300/20000 | Train Loss 0.013670
Epoch 19301/20000 | Train Loss 0.012392
Epoch 19302/20000 | Train Loss 0.013727
Epoch 19303/20000 | Train Loss 0.022450
Epoch 19304/20000 | Train Loss 0.018758
Epoch 19305/20000 | Train Loss 0.010696
Epoch 19306/20000 | Train Loss 0.015814
Epoch 19307/20000 | Train Loss 0.009002
Epoch 19308/20000 | Train Loss 0.011271
Epoch 19309/20000 | Train Loss 0.019075
Epoch 19310/20000 | Train Loss 0.014764
Epoch 19311/20000 | Train Loss 0.018661
Epoch 19312/20000 | Train Loss 0.018390
Epoch 19313/20000 | Train Loss 0.010151
Epoch 19314/20000 | Train Loss 0.010570
Epoch 19315/20000 | Train Loss 0.011903
Epoch 19316/20000 | Train Loss 0.012469
Epoch 19317/20000 | Train Loss 0.010065
Epoch 19318/20000 | Train Loss 0.013429
Epoch 19319/20000 | Train Loss 0.013057
Epoch 19320/20000 | Train Loss 0.010920
Epoch 19321/20000 | Train Loss 0.014754
Epoch 19322/20000 | Train Loss 0.013052
Epoch 19323/20000 | Train Loss 0.008722
Epoch 19324/20000 | Train Loss 0.008534
Epoch 19325/20000 | Train Loss 0.009199
Epoch 19326/20000 | Train Loss 0.013650
Epoch 19327/20000 | Train Loss 0.014841
Epoch 19328/20000 | Train Loss 0.018223
Epoch 19329/20000 | Train Loss 0.017970
Epoch 19330/20000 | Train Loss 0.016138
Epoch 19331/20000 | Train Loss 0.020619
Epoch 19332/20000 | Train Loss 0.021659
Epoch 19333/20000 | Train Loss 0.014559
Epoch 19334/20000 | Train Loss 0.017698
Epoch 19335/20000 | Train Loss 0.013144
Epoch 19336/20000 | Train Loss 0.015422
Epoch 19337/20000 | Train Loss 0.015839
Epoch 19338/20000 | Train Loss 0.008253
Epoch 19339/20000 | Train Loss 0.006891
Epoch 19340/20000 | Train Loss 0.016678
Epoch 19341/20000 | Train Loss 0.008245
Epoch 19342/20000 | Train Loss 0.008712
Epoch 19343/20000 | Train Loss 0.009094
Epoch 19344/20000 | Train Loss 0.005652
Epoch 19345/20000 | Train Loss 0.012924
Epoch 19346/20000 | Train Loss 0.010654
Epoch 19347/20000 | Train Loss 0.019513
Epoch 19348/20000 | Train Loss 0.024087
Epoch 19349/20000 | Train Loss 0.014082
Epoch 19350/20000 | Train Loss 0.013268
Epoch 19351/20000 | Train Loss 0.012762
Epoch 19352/20000 | Train Loss 0.010899
Epoch 19353/20000 | Train Loss 0.009835
Epoch 19354/20000 | Train Loss 0.017306
Epoch 19355/20000 | Train Loss 0.016321
Epoch 19356/20000 | Train Loss 0.014147
Epoch 19357/20000 | Train Loss 0.013108
Epoch 19358/20000 | Train Loss 0.017440
Epoch 19359/20000 | Train Loss 0.026262
Epoch 19360/20000 | Train Loss 0.035364
Epoch 19361/20000 | Train Loss 0.026751
Epoch 19362/20000 | Train Loss 0.028949
Epoch 19363/20000 | Train Loss 0.018885
Epoch 19364/20000 | Train Loss 0.024876
Epoch 19365/20000 | Train Loss 0.027155
Epoch 19366/20000 | Train Loss 0.029648
Epoch 19367/20000 | Train Loss 0.066746
Epoch 19368/20000 | Train Loss 0.082715
Epoch 19369/20000 | Train Loss 0.039439
Epoch 19370/20000 | Train Loss 0.032468
Epoch 19371/20000 | Train Loss 0.022844
Epoch 19372/20000 | Train Loss 0.028283
Epoch 19373/20000 | Train Loss 0.020377
Epoch 19374/20000 | Train Loss 0.028990
Epoch 19375/20000 | Train Loss 0.025036
Epoch 19376/20000 | Train Loss 0.023349
Epoch 19377/20000 | Train Loss 0.017890
Epoch 19378/20000 | Train Loss 0.020697
Epoch 19379/20000 | Train Loss 0.013093
Epoch 19380/20000 | Train Loss 0.011639
Epoch 19381/20000 | Train Loss 0.012667
Epoch 19382/20000 | Train Loss 0.015407
Epoch 19383/20000 | Train Loss 0.011560
Epoch 19384/20000 | Train Loss 0.017346
Epoch 19385/20000 | Train Loss 0.015107
Epoch 19386/20000 | Train Loss 0.022800
Epoch 19387/20000 | Train Loss 0.021080
Epoch 19388/20000 | Train Loss 0.016300
Epoch 19389/20000 | Train Loss 0.012865
Epoch 19390/20000 | Train Loss 0.013977
Epoch 19391/20000 | Train Loss 0.016961
Epoch 19392/20000 | Train Loss 0.015961
Epoch 19393/20000 | Train Loss 0.013149
Epoch 19394/20000 | Train Loss 0.018598
Epoch 19395/20000 | Train Loss 0.025992
Epoch 19396/20000 | Train Loss 0.019592
Epoch 19397/20000 | Train Loss 0.021244
Epoch 19398/20000 | Train Loss 0.019696
Epoch 19399/20000 | Train Loss 0.014494
Epoch 19400/20000 | Train Loss 0.016085
Epoch 19401/20000 | Train Loss 0.015892
Epoch 19402/20000 | Train Loss 0.011917
Epoch 19403/20000 | Train Loss 0.016071
Epoch 19404/20000 | Train Loss 0.016215
Epoch 19405/20000 | Train Loss 0.010915
Epoch 19406/20000 | Train Loss 0.008112
Epoch 19407/20000 | Train Loss 0.010739
Epoch 19408/20000 | Train Loss 0.019869
Epoch 19409/20000 | Train Loss 0.012443
Epoch 19410/20000 | Train Loss 0.018723
Epoch 19411/20000 | Train Loss 0.013996
Epoch 19412/20000 | Train Loss 0.014347
Epoch 19413/20000 | Train Loss 0.019667
Epoch 19414/20000 | Train Loss 0.023419
Epoch 19415/20000 | Train Loss 0.024115
Epoch 19416/20000 | Train Loss 0.022599
Epoch 19417/20000 | Train Loss 0.011392
Epoch 19418/20000 | Train Loss 0.015958
Epoch 19419/20000 | Train Loss 0.010843
Epoch 19420/20000 | Train Loss 0.009205
Epoch 19421/20000 | Train Loss 0.010423
Epoch 19422/20000 | Train Loss 0.011634
Epoch 19423/20000 | Train Loss 0.010861
Epoch 19424/20000 | Train Loss 0.014103
Epoch 19425/20000 | Train Loss 0.012506
Epoch 19426/20000 | Train Loss 0.012797
Epoch 19427/20000 | Train Loss 0.008180
Epoch 19428/20000 | Train Loss 0.011824
Epoch 19429/20000 | Train Loss 0.014170
Epoch 19430/20000 | Train Loss 0.013707
Epoch 19431/20000 | Train Loss 0.013659
Epoch 19432/20000 | Train Loss 0.024361
Epoch 19433/20000 | Train Loss 0.035619
Epoch 19434/20000 | Train Loss 0.029070
Epoch 19435/20000 | Train Loss 0.015705
Epoch 19436/20000 | Train Loss 0.018859
Epoch 19437/20000 | Train Loss 0.014237
Epoch 19438/20000 | Train Loss 0.013199
Epoch 19439/20000 | Train Loss 0.018267
Epoch 19440/20000 | Train Loss 0.015731
Epoch 19441/20000 | Train Loss 0.011929
Epoch 19442/20000 | Train Loss 0.010537
Epoch 19443/20000 | Train Loss 0.013298
Epoch 19444/20000 | Train Loss 0.015874
Epoch 19445/20000 | Train Loss 0.016030
Epoch 19446/20000 | Train Loss 0.014079
Epoch 19447/20000 | Train Loss 0.013158
Epoch 19448/20000 | Train Loss 0.011559
Epoch 19449/20000 | Train Loss 0.015026
Epoch 19450/20000 | Train Loss 0.013171
Epoch 19451/20000 | Train Loss 0.015522
Epoch 19452/20000 | Train Loss 0.011091
Epoch 19453/20000 | Train Loss 0.010332
Epoch 19454/20000 | Train Loss 0.009419
Epoch 19455/20000 | Train Loss 0.010075
Epoch 19456/20000 | Train Loss 0.012840
Epoch 19457/20000 | Train Loss 0.007600
Epoch 19458/20000 | Train Loss 0.010220
Epoch 19459/20000 | Train Loss 0.007257
Epoch 19460/20000 | Train Loss 0.014554
Epoch 19461/20000 | Train Loss 0.009220
Epoch 19462/20000 | Train Loss 0.012382
Epoch 19463/20000 | Train Loss 0.008888
Epoch 19464/20000 | Train Loss 0.010526
Epoch 19465/20000 | Train Loss 0.012405
Epoch 19466/20000 | Train Loss 0.014268
Epoch 19467/20000 | Train Loss 0.014213
Epoch 19468/20000 | Train Loss 0.013245
Epoch 19469/20000 | Train Loss 0.013167
Epoch 19470/20000 | Train Loss 0.013278
Epoch 19471/20000 | Train Loss 0.014185
Epoch 19472/20000 | Train Loss 0.017932
Epoch 19473/20000 | Train Loss 0.019340
Epoch 19474/20000 | Train Loss 0.019983
Epoch 19475/20000 | Train Loss 0.012278
Epoch 19476/20000 | Train Loss 0.012731
Epoch 19477/20000 | Train Loss 0.012761
Epoch 19478/20000 | Train Loss 0.013700
Epoch 19479/20000 | Train Loss 0.014498
Epoch 19480/20000 | Train Loss 0.011058
Epoch 19481/20000 | Train Loss 0.015276
Epoch 19482/20000 | Train Loss 0.019640
Epoch 19483/20000 | Train Loss 0.016441
Epoch 19484/20000 | Train Loss 0.014642
Epoch 19485/20000 | Train Loss 0.012972
Epoch 19486/20000 | Train Loss 0.012551
Epoch 19487/20000 | Train Loss 0.015616
Epoch 19488/20000 | Train Loss 0.019609
Epoch 19489/20000 | Train Loss 0.025912
Epoch 19490/20000 | Train Loss 0.033013
Epoch 19491/20000 | Train Loss 0.032505
Epoch 19492/20000 | Train Loss 0.025120
Epoch 19493/20000 | Train Loss 0.014797
Epoch 19494/20000 | Train Loss 0.014352
Epoch 19495/20000 | Train Loss 0.013034
Epoch 19496/20000 | Train Loss 0.013394
Epoch 19497/20000 | Train Loss 0.007731
Epoch 19498/20000 | Train Loss 0.014447
Epoch 19499/20000 | Train Loss 0.014847
Epoch 19500/20000 | Train Loss 0.013216
  --> Checkpoint saved at epoch 19500.
Epoch 19501/20000 | Train Loss 0.016225
Epoch 19502/20000 | Train Loss 0.014870
Epoch 19503/20000 | Train Loss 0.011309
Epoch 19504/20000 | Train Loss 0.011346
Epoch 19505/20000 | Train Loss 0.013785
Epoch 19506/20000 | Train Loss 0.017460
Epoch 19507/20000 | Train Loss 0.016314
Epoch 19508/20000 | Train Loss 0.017642
Epoch 19509/20000 | Train Loss 0.013689
Epoch 19510/20000 | Train Loss 0.007999
Epoch 19511/20000 | Train Loss 0.009807
Epoch 19512/20000 | Train Loss 0.009819
Epoch 19513/20000 | Train Loss 0.013325
Epoch 19514/20000 | Train Loss 0.013860
Epoch 19515/20000 | Train Loss 0.015631
Epoch 19516/20000 | Train Loss 0.018747
Epoch 19517/20000 | Train Loss 0.012474
Epoch 19518/20000 | Train Loss 0.012768
Epoch 19519/20000 | Train Loss 0.010909
Epoch 19520/20000 | Train Loss 0.007313
Epoch 19521/20000 | Train Loss 0.006811
Epoch 19522/20000 | Train Loss 0.015288
Epoch 19523/20000 | Train Loss 0.009899
Epoch 19524/20000 | Train Loss 0.010154
Epoch 19525/20000 | Train Loss 0.009086
Epoch 19526/20000 | Train Loss 0.008535
Epoch 19527/20000 | Train Loss 0.010074
Epoch 19528/20000 | Train Loss 0.011032
Epoch 19529/20000 | Train Loss 0.010470
Epoch 19530/20000 | Train Loss 0.013776
Epoch 19531/20000 | Train Loss 0.010440
Epoch 19532/20000 | Train Loss 0.011762
Epoch 19533/20000 | Train Loss 0.009802
Epoch 19534/20000 | Train Loss 0.007245
Epoch 19535/20000 | Train Loss 0.005911
Epoch 19536/20000 | Train Loss 0.012792
Epoch 19537/20000 | Train Loss 0.020742
Epoch 19538/20000 | Train Loss 0.025862
Epoch 19539/20000 | Train Loss 0.016832
Epoch 19540/20000 | Train Loss 0.013744
Epoch 19541/20000 | Train Loss 0.017279
Epoch 19542/20000 | Train Loss 0.013548
Epoch 19543/20000 | Train Loss 0.012080
Epoch 19544/20000 | Train Loss 0.010634
Epoch 19545/20000 | Train Loss 0.010136
Epoch 19546/20000 | Train Loss 0.011316
Epoch 19547/20000 | Train Loss 0.016793
Epoch 19548/20000 | Train Loss 0.010845
Epoch 19549/20000 | Train Loss 0.015530
Epoch 19550/20000 | Train Loss 0.012461
Epoch 19551/20000 | Train Loss 0.014899
Epoch 19552/20000 | Train Loss 0.011286
Epoch 19553/20000 | Train Loss 0.016538
Epoch 19554/20000 | Train Loss 0.014654
Epoch 19555/20000 | Train Loss 0.011600
Epoch 19556/20000 | Train Loss 0.016113
Epoch 19557/20000 | Train Loss 0.011935
Epoch 19558/20000 | Train Loss 0.013849
Epoch 19559/20000 | Train Loss 0.015372
Epoch 19560/20000 | Train Loss 0.016330
Epoch 19561/20000 | Train Loss 0.016507
Epoch 19562/20000 | Train Loss 0.017245
Epoch 19563/20000 | Train Loss 0.027727
Epoch 19564/20000 | Train Loss 0.030835
Epoch 19565/20000 | Train Loss 0.024927
Epoch 19566/20000 | Train Loss 0.015654
Epoch 19567/20000 | Train Loss 0.011305
Epoch 19568/20000 | Train Loss 0.009632
Epoch 19569/20000 | Train Loss 0.009846
Epoch 19570/20000 | Train Loss 0.012276
Epoch 19571/20000 | Train Loss 0.018928
Epoch 19572/20000 | Train Loss 0.017792
Epoch 19573/20000 | Train Loss 0.015835
Epoch 19574/20000 | Train Loss 0.013805
Epoch 19575/20000 | Train Loss 0.011240
Epoch 19576/20000 | Train Loss 0.009634
Epoch 19577/20000 | Train Loss 0.009801
Epoch 19578/20000 | Train Loss 0.008864
Epoch 19579/20000 | Train Loss 0.008814
Epoch 19580/20000 | Train Loss 0.008448
Epoch 19581/20000 | Train Loss 0.008550
Epoch 19582/20000 | Train Loss 0.007783
Epoch 19583/20000 | Train Loss 0.009165
Epoch 19584/20000 | Train Loss 0.008508
Epoch 19585/20000 | Train Loss 0.014069
Epoch 19586/20000 | Train Loss 0.008736
Epoch 19587/20000 | Train Loss 0.009556
Epoch 19588/20000 | Train Loss 0.010003
Epoch 19589/20000 | Train Loss 0.009083
Epoch 19590/20000 | Train Loss 0.011815
Epoch 19591/20000 | Train Loss 0.010337
Epoch 19592/20000 | Train Loss 0.007696
Epoch 19593/20000 | Train Loss 0.009670
Epoch 19594/20000 | Train Loss 0.010952
Epoch 19595/20000 | Train Loss 0.009852
Epoch 19596/20000 | Train Loss 0.020278
Epoch 19597/20000 | Train Loss 0.022871
Epoch 19598/20000 | Train Loss 0.018845
Epoch 19599/20000 | Train Loss 0.020005
Epoch 19600/20000 | Train Loss 0.032123
Epoch 19601/20000 | Train Loss 0.031957
Epoch 19602/20000 | Train Loss 0.019164
Epoch 19603/20000 | Train Loss 0.017591
Epoch 19604/20000 | Train Loss 0.012777
Epoch 19605/20000 | Train Loss 0.013894
Epoch 19606/20000 | Train Loss 0.006993
Epoch 19607/20000 | Train Loss 0.012047
Epoch 19608/20000 | Train Loss 0.009815
Epoch 19609/20000 | Train Loss 0.009704
Epoch 19610/20000 | Train Loss 0.007790
Epoch 19611/20000 | Train Loss 0.007280
Epoch 19612/20000 | Train Loss 0.010298
Epoch 19613/20000 | Train Loss 0.010527
Epoch 19614/20000 | Train Loss 0.014160
Epoch 19615/20000 | Train Loss 0.009511
Epoch 19616/20000 | Train Loss 0.011714
Epoch 19617/20000 | Train Loss 0.015388
Epoch 19618/20000 | Train Loss 0.018972
Epoch 19619/20000 | Train Loss 0.020208
Epoch 19620/20000 | Train Loss 0.011652
Epoch 19621/20000 | Train Loss 0.016238
Epoch 19622/20000 | Train Loss 0.015216
Epoch 19623/20000 | Train Loss 0.013495
Epoch 19624/20000 | Train Loss 0.008933
Epoch 19625/20000 | Train Loss 0.014796
Epoch 19626/20000 | Train Loss 0.019794
Epoch 19627/20000 | Train Loss 0.012440
Epoch 19628/20000 | Train Loss 0.014028
Epoch 19629/20000 | Train Loss 0.011745
Epoch 19630/20000 | Train Loss 0.006249
Epoch 19631/20000 | Train Loss 0.014306
Epoch 19632/20000 | Train Loss 0.013665
Epoch 19633/20000 | Train Loss 0.013063
Epoch 19634/20000 | Train Loss 0.015791
Epoch 19635/20000 | Train Loss 0.013806
Epoch 19636/20000 | Train Loss 0.010319
Epoch 19637/20000 | Train Loss 0.012059
Epoch 19638/20000 | Train Loss 0.012817
Epoch 19639/20000 | Train Loss 0.011234
Epoch 19640/20000 | Train Loss 0.012572
Epoch 19641/20000 | Train Loss 0.014076
Epoch 19642/20000 | Train Loss 0.035805
Epoch 19643/20000 | Train Loss 0.086813
Epoch 19644/20000 | Train Loss 0.217850
Epoch 19645/20000 | Train Loss 0.351432
Epoch 19646/20000 | Train Loss 0.152295
Epoch 19647/20000 | Train Loss 0.181922
Epoch 19648/20000 | Train Loss 0.101842
Epoch 19649/20000 | Train Loss 0.087847
Epoch 19650/20000 | Train Loss 0.072175
Epoch 19651/20000 | Train Loss 0.054746
Epoch 19652/20000 | Train Loss 0.059286
Epoch 19653/20000 | Train Loss 0.037991
Epoch 19654/20000 | Train Loss 0.044765
Epoch 19655/20000 | Train Loss 0.028616
Epoch 19656/20000 | Train Loss 0.022831
Epoch 19657/20000 | Train Loss 0.022989
Epoch 19658/20000 | Train Loss 0.026021
Epoch 19659/20000 | Train Loss 0.023440
Epoch 19660/20000 | Train Loss 0.022310
Epoch 19661/20000 | Train Loss 0.013640
Epoch 19662/20000 | Train Loss 0.019071
Epoch 19663/20000 | Train Loss 0.018753
Epoch 19664/20000 | Train Loss 0.024924
Epoch 19665/20000 | Train Loss 0.015309
Epoch 19666/20000 | Train Loss 0.015477
Epoch 19667/20000 | Train Loss 0.015239
Epoch 19668/20000 | Train Loss 0.022087
Epoch 19669/20000 | Train Loss 0.016471
Epoch 19670/20000 | Train Loss 0.013906
Epoch 19671/20000 | Train Loss 0.014768
Epoch 19672/20000 | Train Loss 0.020199
Epoch 19673/20000 | Train Loss 0.019584
Epoch 19674/20000 | Train Loss 0.015981
Epoch 19675/20000 | Train Loss 0.012270
Epoch 19676/20000 | Train Loss 0.011549
Epoch 19677/20000 | Train Loss 0.012032
Epoch 19678/20000 | Train Loss 0.009197
Epoch 19679/20000 | Train Loss 0.010446
Epoch 19680/20000 | Train Loss 0.010757
Epoch 19681/20000 | Train Loss 0.009123
Epoch 19682/20000 | Train Loss 0.008578
Epoch 19683/20000 | Train Loss 0.010891
Epoch 19684/20000 | Train Loss 0.010396
Epoch 19685/20000 | Train Loss 0.010466
Epoch 19686/20000 | Train Loss 0.010650
Epoch 19687/20000 | Train Loss 0.012239
Epoch 19688/20000 | Train Loss 0.010395
Epoch 19689/20000 | Train Loss 0.012303
Epoch 19690/20000 | Train Loss 0.011877
Epoch 19691/20000 | Train Loss 0.008049
Epoch 19692/20000 | Train Loss 0.008645
Epoch 19693/20000 | Train Loss 0.008467
Epoch 19694/20000 | Train Loss 0.009268
Epoch 19695/20000 | Train Loss 0.010196
Epoch 19696/20000 | Train Loss 0.016800
Epoch 19697/20000 | Train Loss 0.022647
Epoch 19698/20000 | Train Loss 0.035129
Epoch 19699/20000 | Train Loss 0.039570
Epoch 19700/20000 | Train Loss 0.017087
Epoch 19701/20000 | Train Loss 0.017942
Epoch 19702/20000 | Train Loss 0.014817
Epoch 19703/20000 | Train Loss 0.014025
Epoch 19704/20000 | Train Loss 0.013763
Epoch 19705/20000 | Train Loss 0.014720
Epoch 19706/20000 | Train Loss 0.012064
Epoch 19707/20000 | Train Loss 0.011653
Epoch 19708/20000 | Train Loss 0.010831
Epoch 19709/20000 | Train Loss 0.015188
Epoch 19710/20000 | Train Loss 0.011241
Epoch 19711/20000 | Train Loss 0.007238
Epoch 19712/20000 | Train Loss 0.009335
Epoch 19713/20000 | Train Loss 0.008310
Epoch 19714/20000 | Train Loss 0.008018
Epoch 19715/20000 | Train Loss 0.012656
Epoch 19716/20000 | Train Loss 0.017835
Epoch 19717/20000 | Train Loss 0.014322
Epoch 19718/20000 | Train Loss 0.011025
Epoch 19719/20000 | Train Loss 0.010334
Epoch 19720/20000 | Train Loss 0.006401
Epoch 19721/20000 | Train Loss 0.014060
Epoch 19722/20000 | Train Loss 0.015062
Epoch 19723/20000 | Train Loss 0.018471
Epoch 19724/20000 | Train Loss 0.013247
Epoch 19725/20000 | Train Loss 0.015170
Epoch 19726/20000 | Train Loss 0.014762
Epoch 19727/20000 | Train Loss 0.015650
Epoch 19728/20000 | Train Loss 0.010211
Epoch 19729/20000 | Train Loss 0.010598
Epoch 19730/20000 | Train Loss 0.005735
Epoch 19731/20000 | Train Loss 0.007244
Epoch 19732/20000 | Train Loss 0.008742
Epoch 19733/20000 | Train Loss 0.008865
Epoch 19734/20000 | Train Loss 0.009958
Epoch 19735/20000 | Train Loss 0.007752
Epoch 19736/20000 | Train Loss 0.009969
Epoch 19737/20000 | Train Loss 0.017236
Epoch 19738/20000 | Train Loss 0.011736
Epoch 19739/20000 | Train Loss 0.011541
Epoch 19740/20000 | Train Loss 0.010992
Epoch 19741/20000 | Train Loss 0.009676
Epoch 19742/20000 | Train Loss 0.009052
Epoch 19743/20000 | Train Loss 0.007801
Epoch 19744/20000 | Train Loss 0.016973
Epoch 19745/20000 | Train Loss 0.026018
Epoch 19746/20000 | Train Loss 0.046298
Epoch 19747/20000 | Train Loss 0.022683
Epoch 19748/20000 | Train Loss 0.019514
Epoch 19749/20000 | Train Loss 0.015610
Epoch 19750/20000 | Train Loss 0.013573
Epoch 19751/20000 | Train Loss 0.013876
Epoch 19752/20000 | Train Loss 0.016940
Epoch 19753/20000 | Train Loss 0.009891
Epoch 19754/20000 | Train Loss 0.013289
Epoch 19755/20000 | Train Loss 0.007788
Epoch 19756/20000 | Train Loss 0.007461
Epoch 19757/20000 | Train Loss 0.006154
Epoch 19758/20000 | Train Loss 0.008388
Epoch 19759/20000 | Train Loss 0.008228
Epoch 19760/20000 | Train Loss 0.007272
Epoch 19761/20000 | Train Loss 0.009070
Epoch 19762/20000 | Train Loss 0.017548
Epoch 19763/20000 | Train Loss 0.015111
Epoch 19764/20000 | Train Loss 0.007945
Epoch 19765/20000 | Train Loss 0.005415
Epoch 19766/20000 | Train Loss 0.008644
Epoch 19767/20000 | Train Loss 0.006379
Epoch 19768/20000 | Train Loss 0.011550
Epoch 19769/20000 | Train Loss 0.020131
Epoch 19770/20000 | Train Loss 0.020885
Epoch 19771/20000 | Train Loss 0.019464
Epoch 19772/20000 | Train Loss 0.017374
Epoch 19773/20000 | Train Loss 0.012393
Epoch 19774/20000 | Train Loss 0.015789
Epoch 19775/20000 | Train Loss 0.016218
Epoch 19776/20000 | Train Loss 0.013214
Epoch 19777/20000 | Train Loss 0.009855
Epoch 19778/20000 | Train Loss 0.010455
Epoch 19779/20000 | Train Loss 0.009462
Epoch 19780/20000 | Train Loss 0.009575
Epoch 19781/20000 | Train Loss 0.009273
Epoch 19782/20000 | Train Loss 0.011594
Epoch 19783/20000 | Train Loss 0.012416
Epoch 19784/20000 | Train Loss 0.008331
Epoch 19785/20000 | Train Loss 0.007677
Epoch 19786/20000 | Train Loss 0.008527
Epoch 19787/20000 | Train Loss 0.011659
Epoch 19788/20000 | Train Loss 0.011178
Epoch 19789/20000 | Train Loss 0.016560
Epoch 19790/20000 | Train Loss 0.019131
Epoch 19791/20000 | Train Loss 0.019319
Epoch 19792/20000 | Train Loss 0.017242
Epoch 19793/20000 | Train Loss 0.020578
Epoch 19794/20000 | Train Loss 0.019628
Epoch 19795/20000 | Train Loss 0.017578
Epoch 19796/20000 | Train Loss 0.015433
Epoch 19797/20000 | Train Loss 0.013507
Epoch 19798/20000 | Train Loss 0.013362
Epoch 19799/20000 | Train Loss 0.008709
Epoch 19800/20000 | Train Loss 0.012209
Epoch 19801/20000 | Train Loss 0.011621
Epoch 19802/20000 | Train Loss 0.012956
Epoch 19803/20000 | Train Loss 0.011997
Epoch 19804/20000 | Train Loss 0.015713
Epoch 19805/20000 | Train Loss 0.014754
Epoch 19806/20000 | Train Loss 0.010764
Epoch 19807/20000 | Train Loss 0.010106
Epoch 19808/20000 | Train Loss 0.010308
Epoch 19809/20000 | Train Loss 0.010473
Epoch 19810/20000 | Train Loss 0.010155
Epoch 19811/20000 | Train Loss 0.012747
Epoch 19812/20000 | Train Loss 0.007146
Epoch 19813/20000 | Train Loss 0.013237
Epoch 19814/20000 | Train Loss 0.011645
Epoch 19815/20000 | Train Loss 0.014175
Epoch 19816/20000 | Train Loss 0.010997
Epoch 19817/20000 | Train Loss 0.008434
Epoch 19818/20000 | Train Loss 0.009170
Epoch 19819/20000 | Train Loss 0.008863
Epoch 19820/20000 | Train Loss 0.006425
Epoch 19821/20000 | Train Loss 0.006862
Epoch 19822/20000 | Train Loss 0.009202
Epoch 19823/20000 | Train Loss 0.010862
Epoch 19824/20000 | Train Loss 0.006437
Epoch 19825/20000 | Train Loss 0.010006
Epoch 19826/20000 | Train Loss 0.008788
Epoch 19827/20000 | Train Loss 0.010022
Epoch 19828/20000 | Train Loss 0.013759
Epoch 19829/20000 | Train Loss 0.017938
Epoch 19830/20000 | Train Loss 0.030147
Epoch 19831/20000 | Train Loss 0.024318
Epoch 19832/20000 | Train Loss 0.018084
Epoch 19833/20000 | Train Loss 0.013804
Epoch 19834/20000 | Train Loss 0.017940
Epoch 19835/20000 | Train Loss 0.015271
Epoch 19836/20000 | Train Loss 0.012157
Epoch 19837/20000 | Train Loss 0.011063
Epoch 19838/20000 | Train Loss 0.008239
Epoch 19839/20000 | Train Loss 0.009810
Epoch 19840/20000 | Train Loss 0.022505
Epoch 19841/20000 | Train Loss 0.013988
Epoch 19842/20000 | Train Loss 0.013369
Epoch 19843/20000 | Train Loss 0.013705
Epoch 19844/20000 | Train Loss 0.010492
Epoch 19845/20000 | Train Loss 0.008051
Epoch 19846/20000 | Train Loss 0.009600
Epoch 19847/20000 | Train Loss 0.017929
Epoch 19848/20000 | Train Loss 0.013722
Epoch 19849/20000 | Train Loss 0.012453
Epoch 19850/20000 | Train Loss 0.011871
Epoch 19851/20000 | Train Loss 0.012323
Epoch 19852/20000 | Train Loss 0.011187
Epoch 19853/20000 | Train Loss 0.009029
Epoch 19854/20000 | Train Loss 0.012082
Epoch 19855/20000 | Train Loss 0.010593
Epoch 19856/20000 | Train Loss 0.010960
Epoch 19857/20000 | Train Loss 0.007867
Epoch 19858/20000 | Train Loss 0.012861
Epoch 19859/20000 | Train Loss 0.014926
Epoch 19860/20000 | Train Loss 0.018619
Epoch 19861/20000 | Train Loss 0.027265
Epoch 19862/20000 | Train Loss 0.017801
Epoch 19863/20000 | Train Loss 0.016664
Epoch 19864/20000 | Train Loss 0.017582
Epoch 19865/20000 | Train Loss 0.010330
Epoch 19866/20000 | Train Loss 0.012151
Epoch 19867/20000 | Train Loss 0.011113
Epoch 19868/20000 | Train Loss 0.013299
Epoch 19869/20000 | Train Loss 0.012301
Epoch 19870/20000 | Train Loss 0.009635
Epoch 19871/20000 | Train Loss 0.013939
Epoch 19872/20000 | Train Loss 0.011053
Epoch 19873/20000 | Train Loss 0.008960
Epoch 19874/20000 | Train Loss 0.011307
Epoch 19875/20000 | Train Loss 0.011949
Epoch 19876/20000 | Train Loss 0.010507
Epoch 19877/20000 | Train Loss 0.009208
Epoch 19878/20000 | Train Loss 0.008057
Epoch 19879/20000 | Train Loss 0.010350
Epoch 19880/20000 | Train Loss 0.011856
Epoch 19881/20000 | Train Loss 0.010485
Epoch 19882/20000 | Train Loss 0.010396
Epoch 19883/20000 | Train Loss 0.011277
Epoch 19884/20000 | Train Loss 0.013807
Epoch 19885/20000 | Train Loss 0.022547
Epoch 19886/20000 | Train Loss 0.016154
Epoch 19887/20000 | Train Loss 0.015292
Epoch 19888/20000 | Train Loss 0.013291
Epoch 19889/20000 | Train Loss 0.018540
Epoch 19890/20000 | Train Loss 0.024095
Epoch 19891/20000 | Train Loss 0.018902
Epoch 19892/20000 | Train Loss 0.008808
Epoch 19893/20000 | Train Loss 0.011503
Epoch 19894/20000 | Train Loss 0.007772
Epoch 19895/20000 | Train Loss 0.010405
Epoch 19896/20000 | Train Loss 0.015119
Epoch 19897/20000 | Train Loss 0.009502
Epoch 19898/20000 | Train Loss 0.013058
Epoch 19899/20000 | Train Loss 0.014201
Epoch 19900/20000 | Train Loss 0.015490
Epoch 19901/20000 | Train Loss 0.010875
Epoch 19902/20000 | Train Loss 0.007308
Epoch 19903/20000 | Train Loss 0.008555
Epoch 19904/20000 | Train Loss 0.010060
Epoch 19905/20000 | Train Loss 0.014147
Epoch 19906/20000 | Train Loss 0.012203
Epoch 19907/20000 | Train Loss 0.017097
Epoch 19908/20000 | Train Loss 0.013386
Epoch 19909/20000 | Train Loss 0.010548
Epoch 19910/20000 | Train Loss 0.016100
Epoch 19911/20000 | Train Loss 0.015291
Epoch 19912/20000 | Train Loss 0.013772
Epoch 19913/20000 | Train Loss 0.017516
Epoch 19914/20000 | Train Loss 0.011354
Epoch 19915/20000 | Train Loss 0.011487
Epoch 19916/20000 | Train Loss 0.011857
Epoch 19917/20000 | Train Loss 0.010077
Epoch 19918/20000 | Train Loss 0.016335
Epoch 19919/20000 | Train Loss 0.009567
Epoch 19920/20000 | Train Loss 0.011594
Epoch 19921/20000 | Train Loss 0.017497
Epoch 19922/20000 | Train Loss 0.025925
Epoch 19923/20000 | Train Loss 0.016532
Epoch 19924/20000 | Train Loss 0.017830
Epoch 19925/20000 | Train Loss 0.015298
Epoch 19926/20000 | Train Loss 0.018803
Epoch 19927/20000 | Train Loss 0.010992
Epoch 19928/20000 | Train Loss 0.008578
Epoch 19929/20000 | Train Loss 0.013120
Epoch 19930/20000 | Train Loss 0.008182
Epoch 19931/20000 | Train Loss 0.011156
Epoch 19932/20000 | Train Loss 0.009379
Epoch 19933/20000 | Train Loss 0.011595
Epoch 19934/20000 | Train Loss 0.008922
Epoch 19935/20000 | Train Loss 0.016419
Epoch 19936/20000 | Train Loss 0.014039
Epoch 19937/20000 | Train Loss 0.013452
Epoch 19938/20000 | Train Loss 0.006169
Epoch 19939/20000 | Train Loss 0.009434
Epoch 19940/20000 | Train Loss 0.011083
Epoch 19941/20000 | Train Loss 0.016137
Epoch 19942/20000 | Train Loss 0.011278
Epoch 19943/20000 | Train Loss 0.007115
Epoch 19944/20000 | Train Loss 0.010402
Epoch 19945/20000 | Train Loss 0.008577
Epoch 19946/20000 | Train Loss 0.013124
Epoch 19947/20000 | Train Loss 0.011641
Epoch 19948/20000 | Train Loss 0.019956
Epoch 19949/20000 | Train Loss 0.017660
Epoch 19950/20000 | Train Loss 0.015127
Epoch 19951/20000 | Train Loss 0.012260
Epoch 19952/20000 | Train Loss 0.019650
Epoch 19953/20000 | Train Loss 0.027408
Epoch 19954/20000 | Train Loss 0.021685
Epoch 19955/20000 | Train Loss 0.015805
Epoch 19956/20000 | Train Loss 0.013192
Epoch 19957/20000 | Train Loss 0.015819
Epoch 19958/20000 | Train Loss 0.011381
Epoch 19959/20000 | Train Loss 0.011627
Epoch 19960/20000 | Train Loss 0.010458
Epoch 19961/20000 | Train Loss 0.012425
Epoch 19962/20000 | Train Loss 0.014770
Epoch 19963/20000 | Train Loss 0.014773
Epoch 19964/20000 | Train Loss 0.011109
Epoch 19965/20000 | Train Loss 0.009711
Epoch 19966/20000 | Train Loss 0.012496
Epoch 19967/20000 | Train Loss 0.016212
Epoch 19968/20000 | Train Loss 0.017470
Epoch 19969/20000 | Train Loss 0.017729
Epoch 19970/20000 | Train Loss 0.014916
Epoch 19971/20000 | Train Loss 0.018626
Epoch 19972/20000 | Train Loss 0.013009
Epoch 19973/20000 | Train Loss 0.012574
Epoch 19974/20000 | Train Loss 0.011382
Epoch 19975/20000 | Train Loss 0.011666
Epoch 19976/20000 | Train Loss 0.006325
Epoch 19977/20000 | Train Loss 0.012147
Epoch 19978/20000 | Train Loss 0.015261
Epoch 19979/20000 | Train Loss 0.013605
Epoch 19980/20000 | Train Loss 0.019154
Epoch 19981/20000 | Train Loss 0.019956
Epoch 19982/20000 | Train Loss 0.022520
Epoch 19983/20000 | Train Loss 0.020713
Epoch 19984/20000 | Train Loss 0.011687
Epoch 19985/20000 | Train Loss 0.013284
Epoch 19986/20000 | Train Loss 0.019693
Epoch 19987/20000 | Train Loss 0.013192
Epoch 19988/20000 | Train Loss 0.013804
Epoch 19989/20000 | Train Loss 0.010989
Epoch 19990/20000 | Train Loss 0.012133
Epoch 19991/20000 | Train Loss 0.012931
Epoch 19992/20000 | Train Loss 0.018242
Epoch 19993/20000 | Train Loss 0.016587
Epoch 19994/20000 | Train Loss 0.016578
Epoch 19995/20000 | Train Loss 0.018750
Epoch 19996/20000 | Train Loss 0.013520
Epoch 19997/20000 | Train Loss 0.010219
Epoch 19998/20000 | Train Loss 0.007500
Epoch 19999/20000 | Train Loss 0.013228
Epoch 20000/20000 | Train Loss 0.012182
  --> Checkpoint saved at epoch 20000.
Training complete.
